helm,permeability
PEPTIDE1{Me_dA.Pr_Gly.Pr_Gly.meL.meL.T.meL}$$$$,-5.85316615
PEPTIDE1{meA.meA.Mono6.meF.meL.Me_dA.Me_Bal}$$$$,-5.81162270
"PEPTIDE1{L.meL.Me_dA.P.meL.meA.meA}$PEPTIDE1,PEPTIDE1,1:R1-7:R2$$$",-5.08756422
PEPTIDE1{Me_dA.Pr_Gly.meS.meL.meL.meL.meL}$$$$,-5.65091439
PEPTIDE1{Me_dA.Pr_Gly.meL.meL.meL.meL.meL}$$$$,-5.79847786
PEPTIDE1{meA.meL.meF.meL.meL.meL.meL}$$$$,-6.02237889
PEPTIDE1{ac-.Me_dA.dV.dL.meL.meL.meL}$$$$,-5.55113914
"PEPTIDE1{Me_dA.Pr_Gly.T.P.Me_dA.meL.meL}$PEPTIDE1,PEPTIDE1,1:R1-7:R2$$$",-5.28538116
"PEPTIDE1{Me_dA.Pr_Gly.meL.T.meL.meL.T}$PEPTIDE1,PEPTIDE1,1:R1-7:R2$$$",-5.25959488
PEPTIDE1{Me_dA.Pr_Gly.Me_dL.meL.meL.meA.meL}$$$$,-5.67687951
PEPTIDE1{L.Me_dL.meF.meL.L.L.meF}$$$$,-8.36350000
PEPTIDE1{ac-.Me_dA.T.L.P.Me_dA.Me_dA}$$$$,-6.09426972
PEPTIDE1{meA.Me_dL.meL.Sar.Sar.Mono34.Sar}$$$$,-5.90844048
PEPTIDE1{meA.Me_dA.meL.T.meA.meL.meL}$$$$,-5.78608667
"PEPTIDE1{meA.P.V.meL.Sar.meL.meL}$PEPTIDE1,PEPTIDE1,1:R1-7:R2$$$",-5.10181600
PEPTIDE1{meA.Me_dL.Me_dAbu.P.Mono6.Me_Bal.Sar}$$$$,-6.11857108
PEPTIDE1{ac-.Mono6.Me_dA.T.Me_dA.T.P}$$$$,-6.10363176
PEPTIDE1{ac-.meA.meA.meA.meL.Me_dA.Mono6}$$$$,-6.03651393
PEPTIDE1{Me_dA.Pr_Gly.G.T.T.meL.meL}$$$$,-6.07278000
"PEPTIDE1{meA.meL.P.P.T.meL.meL}$PEPTIDE1,PEPTIDE1,1:R1-7:R2$$$",-5.59585760
PEPTIDE1{Me_dA.meL.P.P.meL.meL.meL}$$$$,-5.75099153
PEPTIDE1{meA.Me_dA.P.P.T.T.Pr_Gly}$$$$,-5.94900161
PEPTIDE1{ac-.L.Mono6.Mono6.Mono6.Me_Bal.dV}$$$$,-5.94622198
PEPTIDE1{meL.meL.meL.meL.Me_Bal.meL.meA}$$$$,-5.84665586
"PEPTIDE1{Mono6.meL.Mono6.Mono78.meA.Me_Bal.Mono34}$PEPTIDE1,PEPTIDE1,1:R1-7:R2$$$",-5.60454940
"PEPTIDE1{Me_dA.Pr_Gly.P.meL.T.meL.meL}$PEPTIDE1,PEPTIDE1,1:R1-7:R2$$$",-4.91426355
PEPTIDE1{meA.Me_dA.meL.P.meL.meL.meL}$$$$,-5.65547123
"PEPTIDE1{L.meL.V.meL.meA.meA.Me_dA}$PEPTIDE1,PEPTIDE1,1:R1-7:R2$$$",-5.15007043
"PEPTIDE1{L.meL.Me_dAbu.T.meL.meA.Mono34}$PEPTIDE1,PEPTIDE1,1:R1-7:R2$$$",-5.31805450
PEPTIDE1{Me_dA.Pr_Gly.Pr_Gly.Pr_Gly.F.meL.T}$$$$,-6.06379611
PEPTIDE1{meA.meL.meL.P.Mono34.Mono6.P}$$$$,-5.73649848
PEPTIDE1{ac-.Me_dA.Me_dA.T.T.Pr_Gly.Me_Bal}$$$$,-6.23488737
PEPTIDE1{Mono6.Mono6.meL.meF.T.Mono34.Me_Bal}$$$$,-5.82077593
PEPTIDE1{Me_dA.dV.Mono6.P.Me_dA.meL.meA}$$$$,-5.97734973
PEPTIDE1{Me_dA.meL.meL.meL.meA.meL.meL}$$$$,-5.72430286
"PEPTIDE1{meA.Me_dA.meV.meV.meL.meA.meL}$PEPTIDE1,PEPTIDE1,1:R1-7:R2$$$",-5.14578737
"PEPTIDE1{Me_dA.Pr_Gly.meL.T.L.meL.meL}$PEPTIDE1,PEPTIDE1,1:R1-7:R2$$$",-5.03926343
PEPTIDE1{Me_dA.meL.G.dP.Me_dA.Me_dA.meL}$$$$,-6.02969283
PEPTIDE1{Me_dA.Pr_Gly.meL.meL.Me_dA.meL.meL}$$$$,-5.73460193
PEPTIDE1{meA.L.meL.meF.Me_Bal.Mono34.P}$$$$,-5.86463889
PEPTIDE1{L.meF.meL.meF.P.P.P}$$$$,-8.36027824
"PEPTIDE1{Me_dA.T.meL.T.meL.meL.meL}$PEPTIDE1,PEPTIDE1,1:R1-4:R3$$$",-5.27508420
"PEPTIDE1{meA.Me_dL.meF.Me_dAbu.P.meL.Me_dA}$PEPTIDE1,PEPTIDE1,1:R1-7:R2$$$",-5.26057243
PEPTIDE1{Me_dA.meL.T.T.Pr_Gly.F.meL}$$$$,-6.05999234
PEPTIDE1{meA.Me_dA.meV.T.meV.meL.meL}$$$$,-5.72105142
PEPTIDE1{L.meF.P.Mono34.P.meA.Mono6}$$$$,-8.25343745
PEPTIDE1{meA.meF.meL.Sar.P.P.P}$$$$,-6.06613849
PEPTIDE1{Me_dA.Pr_Gly.T.meL.meL.meL.meL}$$$$,-5.62226792
PEPTIDE1{meA.P.L.meA.meL.meL.meL}$$$$,-5.58116804
PEPTIDE1{Me_dA.Me_dA.dV.L.P.meL.P}$$$$,-5.83188435
"PEPTIDE1{Me_dA.F.T.L.G.meL.meL}$PEPTIDE1,PEPTIDE1,1:R1-7:R2$$$",-5.27365137
PEPTIDE1{meA.Me_dA.T.meL.meL.Me_Bal.T}$$$$,-6.02330000
PEPTIDE1{Me_dA.Pr_Gly.Pr_Gly.meL.dF.meL.meL}$$$$,-5.84576484
"PEPTIDE1{Me_dA.Pr_Gly.meL.meL.meL.Me_dA.Me_dA}$PEPTIDE1,PEPTIDE1,1:R1-7:R2$$$",-5.04738185
"PEPTIDE1{Me_dA.Pr_Gly.P.T.P.Me_dA.Me_dA}$PEPTIDE1,PEPTIDE1,1:R1-4:R3|PEPTIDE1,PEPTIDE1,1:R1-7:R2$$$",-6.32990486
"PEPTIDE1{Me_dA.Me_dA.dV.Pr_Gly.Mono6.P.Pr_Gly}$PEPTIDE1,PEPTIDE1,1:R1-7:R2$$$",-5.89454111
"PEPTIDE1{L.P.P.Mono6.meL.meL.Sar}$PEPTIDE1,PEPTIDE1,1:R1-7:R2$$$",-5.42800006
PEPTIDE1{meA.F.meL.meL.T.meL.Pr_Gly}$$$$,-5.71278158
"PEPTIDE1{Me_dA.V.meL.meL.meL.meL.meL}$PEPTIDE1,PEPTIDE1,1:R1-7:R2$$$",-5.29437097
PEPTIDE1{meA.Me_dA.meL.meL.meA.T.Pr_Gly}$$$$,-5.96611000
PEPTIDE1{L.Me_dA.V.Me_dA.meL.meL.Me_dAbu}$$$$,-7.74992018
PEPTIDE1{Me_dA.Pr_Gly.Pr_Gly.T.T.P.meI}$$$$,-6.02292820
PEPTIDE1{Me_dA.Pr_Gly.T.Pr_Gly.T.G.G}$$$$,-6.33403804
PEPTIDE1{Mono6.meL.V.meL.V.Me_Bal.Mono12}$$$$,-5.98500162
PEPTIDE1{meA.meL.meF.meA.T.meA.meA}$$$$,-6.13968583
"PEPTIDE1{Me_dA.meL.meL.meL.G.meL.meA}$PEPTIDE1,PEPTIDE1,1:R1-7:R2$$$",-5.16244254
PEPTIDE1{Me_dA.Pr_Gly.Pr_Gly.T.meL.T.meL}$$$$,-6.02623275
"PEPTIDE1{Me_dA.meL.meL.G.meL.T.Me_dA}$PEPTIDE1,PEPTIDE1,1:R1-7:R2$$$",-5.43572747
PEPTIDE1{Me_dA.meL.T.T.L.L.G}$$$$,-6.14981275
PEPTIDE1{meA.Me_dL.Me_dAbu.P.T.T.A}$$$$,-5.92906849
PEPTIDE1{L.meF.meL.Me_dAbu.Mono34.Mono34.P}$$$$,-8.30831828
PEPTIDE1{Me_dA.meF.meL.meL.meL.meL.Sar}$$$$,-5.53708537
PEPTIDE1{meA.meF.P.meF.meL.P.T}$$$$,-5.53316938
"PEPTIDE1{meA.P.Pr_Gly.dL.meA.P.meA}$PEPTIDE1,PEPTIDE1,1:R1-7:R2$$$",-5.80136531
"PEPTIDE1{Me_dA.Me_dA.Pr_Gly.T.meL.T.meL}$PEPTIDE1,PEPTIDE1,1:R1-6:R3$$$",-5.56018070
PEPTIDE1{meA.meL.Mono6.P.Mono34.Mono34.L}$$$$,-6.02274167
PEPTIDE1{meA.Me_dA.T.F.meL.L.T}$$$$,-6.07652117
PEPTIDE1{L.Me_dA.meL.meL.meA.Mono34.P}$$$$,-7.87240801
PEPTIDE1{Me_dA.Pr_Gly.Pr_Gly.T.meL.meL.meL}$$$$,-5.81760784
PEPTIDE1{Me_dA.Me_dA.T.Me_dL.meL.meA.Mono6}$$$$,-5.93002000
"PEPTIDE1{Me_dA.Pr_Gly.P.Me_dA.meL.T.meL}$PEPTIDE1,PEPTIDE1,1:R1-7:R2$$$",-5.23973750
PEPTIDE1{Me_dA.Me_dA.T.meL.P.Me_dL.P}$$$$,-5.97842792
PEPTIDE1{meA.Me_dA.Pr_Gly.P.meL.Mono6.P}$$$$,-6.07044015
"PEPTIDE1{Me_dA.Pr_Gly.meL.meL.meL.meL.meL}$PEPTIDE1,PEPTIDE1,1:R1-7:R2$$$",-5.19279747
PEPTIDE1{meA.Me_dA.T.meL.meV.meL.Pr_Gly}$$$$,-5.81968875
PEPTIDE1{meA.Me_dL.L.meF.meL.meF.meF}$$$$,-6.17583510
PEPTIDE1{L.meL.meF.Mono34.meA.meA.meL}$$$$,-8.17112000
PEPTIDE1{Me_dA.Me_dL.Mono6.dP.Pr_Gly.Mono6.Mono6}$$$$,-6.12956250
PEPTIDE1{Me_dA.Pr_Gly.meL.T.meL.T.meL}$$$$,-6.03033333
"PEPTIDE1{meA.L.meL.T.Asp_piperidide.Sar.meL}$PEPTIDE1,PEPTIDE1,1:R1-4:R3$$$",-5.75998117
PEPTIDE1{Me_dA.T.P.meL.T.meL.meL}$$$$,-5.91944147
PEPTIDE1{Me_dA.Pr_Gly.meL.meL.meL.meL.meL}$$$$,-5.79847786
PEPTIDE1{L.Me_dA.Me_dL.dP.meV.T.T}$$$$,-8.00204369
"PEPTIDE1{L.meA.L.T.meL.meA.meV}$PEPTIDE1,PEPTIDE1,1:R1-7:R2$$$",-5.20942697
PEPTIDE1{Me_dA.meL.meL.T.P.meL.P}$$$$,-5.66645517
PEPTIDE1{meA.Me_dL.Me_dA.meL.L.dP.Me_dA}$$$$,-5.55330364
PEPTIDE1{Me_dA.Pr_Gly.meL.T.T.meL.Me_dL}$$$$,-5.99123333
"PEPTIDE1{Me_dA.Pr_Gly.meL.meL.meL.meL.T}$PEPTIDE1,PEPTIDE1,1:R1-7:R2$$$",-4.96814325
PEPTIDE1{Me_dA.Pr_Gly.T.P.meL.meL.meL}$$$$,-5.81966417
PEPTIDE1{meA.Me_dA.meV.V.meL.meL.Sar}$$$$,-5.59155605
"PEPTIDE1{meA.Me_dA.V.L.meA.meA.meL}$PEPTIDE1,PEPTIDE1,1:R1-7:R2$$$",-5.42809270
PEPTIDE1{L.Me_dL.Mono34.Mono6.meF.P.Me_Bal}$$$$,-7.65630417
PEPTIDE1{meA.meF.meL.P.Me_dA.Mono34.meL}$$$$,-5.90154129
PEPTIDE1{Me_dA.L.P.Me_dA.meL.meL.meL}$$$$,-5.58701745
PEPTIDE1{Me_dA.meL.meL.meL.meL.meL.dP}$$$$,-5.67193823
PEPTIDE1{Mono6.meL.meF.meF.P.Mono34.meA}$$$$,-5.91935384
PEPTIDE1{Me_dA.Pr_Gly.Pr_Gly.T.meL.P.meL}$$$$,-6.02677845
PEPTIDE1{Me_dA.Me_dA.T.meL.L.P.G}$$$$,-5.98922310
PEPTIDE1{Me_dA.meL.meL.Me_dA.Me_dA.dF.dL}$$$$,-5.57139082
PEPTIDE1{L.Me_dL.meL.meL.meA.meL.meA}$$$$,-7.76000476
PEPTIDE1{Me_dA.L.Me_dA.Me_dA.T.Me_dA.T}$$$$,-6.38925893
"PEPTIDE1{Me_dA.Pr_Gly.T.meL.P.meL.meL}$PEPTIDE1,PEPTIDE1,1:R1-7:R2$$$",-5.07068486
PEPTIDE1{Me_dA.Pr_Gly.meL.T.meL.meL.T}$$$$,-6.03483333
PEPTIDE1{Me_dA.Me_dA.Mono7.Sar.meV.meL.Asp_piperidide}$$$$,-6.06110000
PEPTIDE1{meA.P.T.meL.meL.meL.meA}$$$$,-5.68191349
PEPTIDE1{Me_dA.Pr_Gly.meL.meL.T.meL.meL}$$$$,-5.68578125
"PEPTIDE1{Me_dA.Pr_Gly.P.meL.meL.meA.meL}$PEPTIDE1,PEPTIDE1,1:R1-7:R2$$$",-5.02850317
PEPTIDE1{meF.meL.meA.meA.Sar.P.Mono12}$$$$,-5.98941900
PEPTIDE1{meA.Me_dA.Me_dA.dV.meL.meL.meL}$$$$,-5.46928296
PEPTIDE1{Me_dA.meL.Me_Bal.Mono6.P.Pr_Gly.Mono6}$$$$,-6.20232500
"PEPTIDE1{L.Me_dL.meF.meL.dP.meA.meA}$PEPTIDE1,PEPTIDE1,1:R1-7:R2$$$",-5.22667124
"PEPTIDE1{L.meF.meL.Sar.meA.meA.T}$PEPTIDE1,PEPTIDE1,1:R1-7:R2$$$",-5.16348644
"PEPTIDE1{Mono6.Me_dA.Sar.meL.Asp_piperidide.P.Mono34}$PEPTIDE1,PEPTIDE1,1:R1-7:R2$$$",-5.81129424
PEPTIDE1{L.Me_dAbu.P.T.L.Sar.meA}$$$$,-7.39979286
PEPTIDE1{meA.meL.V.V.L.V.dL}$$$$,-5.76941644
PEPTIDE1{meA.Me_dL.meL.meF.meF.Mono34.Mono34}$$$$,-5.96885833
"PEPTIDE1{L.P.P.Sar.Mono34.Et_Gly.Mono34}$PEPTIDE1,PEPTIDE1,1:R1-7:R2$$$",-6.90580557
PEPTIDE1{Me_dA.L.P.Pr_Gly.meL.meA.meA}$$$$,-5.99585817
PEPTIDE1{Me_dA.Pr_Gly.meL.G.meL.meL.meL}$$$$,-5.62402848
"PEPTIDE1{meA.meS.meL.meL.meL.meL.meL}$PEPTIDE1,PEPTIDE1,1:R1-7:R2$$$",-5.16664210
"PEPTIDE1{meA.Sar.Asp_piperidide.P.Mono34.Asp_piperidide.Mono34}$PEPTIDE1,PEPTIDE1,1:R1-7:R2$$$",-6.32178623
"PEPTIDE1{L.Me_dA.P.meL.meL.meA.meA}$PEPTIDE1,PEPTIDE1,1:R1-7:R2$$$",-5.06446083
"PEPTIDE1{Me_dA.meL.meL.meL.P.Me_dL.meL}$PEPTIDE1,PEPTIDE1,1:R1-7:R2$$$",-5.40882833
PEPTIDE1{L.meL.Sar.P.T.T.T}$$$$,-7.09434718
PEPTIDE1{Me_dA.Pr_Gly.meL.Mono6.Me_dA.meL.L}$$$$,-5.71192476
"PEPTIDE1{L.meL.V.V.meA.meF.meL}$PEPTIDE1,PEPTIDE1,1:R1-7:R2$$$",-5.18206934
PEPTIDE1{Me_dA.meL.Pr_Gly.G.meL.meL.G}$$$$,-5.92861310
"PEPTIDE1{meA.meL.meL.V.meL.L.Asp_piperidide}$PEPTIDE1,PEPTIDE1,1:R1-7:R2$$$",-5.19806298
PEPTIDE1{Me_dA.Pr_Gly.meL.F.T.meL.meL}$$$$,-5.68301203
"PEPTIDE1{meA.L.meF.meF.meF.P.Mono34}$PEPTIDE1,PEPTIDE1,1:R1-7:R2$$$",-5.40758333
PEPTIDE1{meA.meL.Me_dA.T.T.Me_dL.F}$$$$,-6.07540143
PEPTIDE1{meA.dL.Me_dL.Mono34.Me_dAbu.T.T}$$$$,-6.15468333
"PEPTIDE1{meA.Me_dA.P.Mono34.meA.Mono34.Mono34}$PEPTIDE1,PEPTIDE1,1:R1-7:R2$$$",-5.79500244
PEPTIDE1{Me_dA.Pr_Gly.T.T.T.meL.meL}$$$$,-6.19116346
PEPTIDE1{Me_dA.Pr_Gly.P.T.T.meL.meL}$$$$,-5.97413333
PEPTIDE1{meA.meF.P.P.Mono34.T.T}$$$$,-6.02625051
PEPTIDE1{L.P.meL.meA.P.meF.dV}$$$$,-8.07645050
"PEPTIDE1{L.Me_dA.T.Me_dA.meV.meL.meA}$PEPTIDE1,PEPTIDE1,1:R1-7:R2$$$",-5.42720937
"PEPTIDE1{meA.meL.meL.meL.meA.meA.Mono34}$PEPTIDE1,PEPTIDE1,1:R1-7:R2$$$",-5.29121258
PEPTIDE1{Me_dA.F.meL.dF.meL.meL.meL}$$$$,-5.83485873
PEPTIDE1{Me_dA.F.meL.meL.meL.meL.meL}$$$$,-5.91369333
PEPTIDE1{L.Me_dA.P.T.T.Sar.meA}$$$$,-7.42919286
PEPTIDE1{meA.Me_dL.Me_dAbu.Mono34.meL.meA.meL}$$$$,-5.76078999
"PEPTIDE1{meA.meF.meA.meL.T.meF.Pr_Gly}$PEPTIDE1,PEPTIDE1,1:R1-5:R3$$$",-5.56706289
PEPTIDE1{meA.meL.meF.meL.P.meA.dL}$$$$,-5.72226471
PEPTIDE1{L.meF.meL.meF.P.P.Sar}$$$$,-8.35162588
PEPTIDE1{Me_dA.Pr_Gly.meL.P.meL.L.P}$$$$,-5.81259778
"PEPTIDE1{Me_dA.Pr_Gly.meL.P.meL.meL.meL}$PEPTIDE1,PEPTIDE1,1:R1-7:R2$$$",-5.18133991
PEPTIDE1{meA.meA.Me_dA.meL.Me_dA.Mono34.meL}$$$$,-5.71727256
PEPTIDE1{meA.meL.Sar.P.Pr_Gly.dL.P}$$$$,-5.92791774
PEPTIDE1{L.meF.Me_Bal.meF.meL.meL.meA}$$$$,-7.98960000
"PEPTIDE1{A.meL.meA.meA.meL.meA.meA}$PEPTIDE1,PEPTIDE1,1:R1-7:R2$$$",-5.68539241
PEPTIDE1{L.Me_dA.T.meV.T.meL.L}$$$$,-7.57095227
PEPTIDE1{Me_dA.Pr_Gly.meL.meL.meL.meL.meL}$$$$,-5.79847786
PEPTIDE1{meA.Me_dA.V.Asp_piperidide.P.meL.P}$$$$,-6.05911523
PEPTIDE1{meA.Me_dA.L.P.Pr_Gly.A.V}$$$$,-6.20134776
PEPTIDE1{ac-.L.Mono6.Mono6.Mono6.T.meL}$$$$,-5.91425143
PEPTIDE1{Me_dA.Pr_Gly.meL.T.meL.meL.T}$$$$,-6.03483333
PEPTIDE1{meA.Me_dL.P.meA.L.P.dP}$$$$,-6.07087778
PEPTIDE1{Me_dA.Pr_Gly.P.meL.meL.meL.meL}$$$$,-5.69728617
PEPTIDE1{L.P.V.meL.meA.meV.meA}$$$$,-7.84098325
PEPTIDE1{Me_dA.meL.G.meL.meL.I.meL}$$$$,-5.72416481
PEPTIDE1{Me_dA.Pr_Gly.T.P.meL.Me_dA.meL}$$$$,-6.06601601
"PEPTIDE1{meA.meF.meL.Me_Bal.meF.meA.P}$PEPTIDE1,PEPTIDE1,1:R1-7:R2$$$",-5.23236581
"PEPTIDE1{meA.meL.meF.meF.meF.Mono78.Mono34}$PEPTIDE1,PEPTIDE1,1:R1-7:R2$$$",-6.11341240
PEPTIDE1{Me_dA.Pr_Gly.Pr_Gly.meL.meL.meL.meL}$$$$,-5.84027423
"PEPTIDE1{L.meF.P.Mono34.P.Mono34.Mono34}$PEPTIDE1,PEPTIDE1,1:R1-7:R2$$$",-6.41716403
"PEPTIDE1{Me_dA.Pr_Gly.meL.meL.P.Me_dA.meL}$PEPTIDE1,PEPTIDE1,1:R1-7:R2$$$",-5.09752413
PEPTIDE1{Me_dA.Pr_Gly.T.P.meL.meL.T}$$$$,-6.01269561
PEPTIDE1{Me_dA.Pr_Gly.T.Pr_Gly.Pr_Gly.meL.meL}$$$$,-6.07132828
PEPTIDE1{Me_dA.Pr_Gly.P.Me_dA.meL.meL.meL}$$$$,-5.62545379
"PEPTIDE1{L.meF.Me_dA.meV.L.meA.Mono34}$PEPTIDE1,PEPTIDE1,1:R1-7:R2$$$",-5.27937936
"PEPTIDE1{L.Me_dA.P.T.Me_dA.meA.Mono34}$PEPTIDE1,PEPTIDE1,1:R1-7:R2$$$",-5.66235321
PEPTIDE1{meA.G.V.V.L.L.dF}$$$$,-6.17120084
PEPTIDE1{meA.meL.meL.D.P.Mono34.-pip}$$$$,-5.71876292
PEPTIDE1{meA.Me_dA.meV.meV.meL.P.meL}$$$$,-5.55619885
"PEPTIDE1{Mono6.meL.meL.meL.meA.Me_dA.meL}$PEPTIDE1,PEPTIDE1,1:R1-7:R2$$$",-5.31946468
PEPTIDE1{Me_dA.Pr_Gly.Pr_Gly.Pr_Gly.T.meL.P}$$$$,-6.25585633
"PEPTIDE1{Me_dA.meL.L.Mono6.Mono6.Me_Bal.dA}$PEPTIDE1,PEPTIDE1,1:R1-7:R2$$$",-5.76345375
PEPTIDE1{meA.Me_dL.meL.Me_dA.meA.meA.Me_dA}$$$$,-5.89304256
PEPTIDE1{Me_dA.Me_dA.T.T.P.T.meL}$$$$,-6.05472984
PEPTIDE1{meA.Me_dL.Me_dL.Me_dAbu.P.T.Me_dA}$$$$,-5.82179500
"PEPTIDE1{L.Me_dA.meV.meL.Me_dA.meV.Mono34}$PEPTIDE1,PEPTIDE1,1:R1-7:R2$$$",-5.21527733
PEPTIDE1{Mono6.Sar.Me_dA.V.meL.meL.meL}$$$$,-5.54196476
"PEPTIDE1{L.meL.meL.meF.meF.meF.T}$PEPTIDE1,PEPTIDE1,1:R1-7:R2$$$",-5.02281897
PEPTIDE1{L.meL.T.meA.P.Mono34.meA}$$$$,-7.83944286
PEPTIDE1{Me_dA.Pr_Gly.T.meL.meL.G.meL}$$$$,-5.92270667
PEPTIDE1{Me_dA.F.P.meL.P.Me_dA.Me_dA}$$$$,-6.18978277
PEPTIDE1{Me_dA.Pr_Gly.T.P.meL.meL.meA}$$$$,-6.05279743
"PEPTIDE1{L.P.V.meL.Sar.P.Mono34}$PEPTIDE1,PEPTIDE1,1:R1-7:R2$$$",-5.81420739
PEPTIDE1{Me_dA.Pr_Gly.meL.G.meL.meL.meL}$$$$,-5.62402848
"PEPTIDE1{meA.Me_dL.meF.meL.meL.Me_dAbu.Mono34}$PEPTIDE1,PEPTIDE1,1:R1-7:R2$$$",-5.17921033
"PEPTIDE1{L.meL.meL.Sar.Sar.Mono6.Mono78}$PEPTIDE1,PEPTIDE1,1:R1-7:R2$$$",-5.46649129
PEPTIDE1{L.Me_dA.meV.meV.Me_dA.Mono34.Me_dL}$$$$,-7.85634286
PEPTIDE1{meA.Me_dL.Me_dA.T.meA.meL.Me_dA}$$$$,-6.00786706
PEPTIDE1{Me_dA.meL.meL.Me_dA.meL.meL.meL}$$$$,-5.74228827
PEPTIDE1{meA.Me_dA.meA.meA.T.meL.meL}$$$$,-5.99378667
PEPTIDE1{Me_dA.Me_dA.T.L.meL.dF.P}$$$$,-5.99411611
PEPTIDE1{Mono6.Mono6.Me_dA.L.Mono6.Mono6.Mono6}$$$$,-6.09763893
"PEPTIDE1{meA.dV.Asp_piperidide.dA.Mono34.meL.meA}$PEPTIDE1,PEPTIDE1,1:R1-7:R2$$$",-5.69857071
PEPTIDE1{Me_dA.meL.Mono6.L.meL.Me_dA.dA}$$$$,-5.78073119
"PEPTIDE1{meA.meA.meL.T.meL.P.Me_dA}$PEPTIDE1,PEPTIDE1,1:R1-4:R3|PEPTIDE1,PEPTIDE1,1:R1-7:R2$$$",-5.87010842
PEPTIDE1{L.meF.meL.meF.meL.meL.-pip}$$$$,-7.65320286
PEPTIDE1{meA.meL.meL.meL.meL.meL.meL}$$$$,-6.01440048
PEPTIDE1{Me_dA.meL.T.T.meL.Me_dL.meL}$$$$,-5.77861667
PEPTIDE1{Me_dA.Pr_Gly.meL.P.meL.Sar.meL}$$$$,-5.74945987
PEPTIDE1{ac-.meA.Sar.Mono6.meA.Mono34.meA}$$$$,-6.07816797
PEPTIDE1{Me_dA.Pr_Gly.meL.meL.meL.meL.meL}$$$$,-5.79847786
PEPTIDE1{ac-.Mono6.L.Me_dA.P.P.Pr_Gly}$$$$,-6.11283454
"PEPTIDE1{Me_dA.Pr_Gly.Pr_Gly.Pr_Gly.meL.T.meL}$PEPTIDE1,PEPTIDE1,1:R1-6:R3$$$",-5.44724955
PEPTIDE1{meA.Me_dA.T.Me_dA.meA.meL.P}$$$$,-6.09551667
"PEPTIDE1{L.meF.P.Mono34.Sar.meA.Mono34}$PEPTIDE1,PEPTIDE1,1:R1-7:R2$$$",-5.38668794
PEPTIDE1{ac-.L.Mono6.meA.meL.P.Me_dA}$$$$,-5.82135818
PEPTIDE1{Me_dA.F.Pr_Gly.T.Pr_Gly.meL.F}$$$$,-6.05896596
PEPTIDE1{Me_dA.Pr_Gly.T.P.T.meL.meA}$$$$,-5.97275560
PEPTIDE1{ac-.L.meL.Mono6.Me_Bal.T.meA}$$$$,-6.10833333
"PEPTIDE1{L.P.meA.V.V.Me_dA.meV}$PEPTIDE1,PEPTIDE1,1:R1-7:R2$$$",-5.49121856
"PEPTIDE1{Me_dA.Pr_Gly.T.P.meL.meL.meL}$PEPTIDE1,PEPTIDE1,1:R1-7:R2$$$",-5.06793040
PEPTIDE1{L.Me_dA.P.T.P.Mono34.meL}$$$$,-7.55752219
PEPTIDE1{Me_dA.Pr_Gly.meL.T.G.G.P}$$$$,-6.33991559
PEPTIDE1{Me_dA.Pr_Gly.T.P.meL.Sar.meA}$$$$,-6.19837333
PEPTIDE1{Me_dA.L.Mono7.F.meL.meL.Me_Bal}$$$$,-5.83655779
"PEPTIDE1{L.P.V.meL.meA.meL.Mono34}$PEPTIDE1,PEPTIDE1,1:R1-7:R2$$$",-5.29278291
PEPTIDE1{Me_dA.meL.meL.G.meL.T.Me_dAbu}$$$$,-5.83007143
PEPTIDE1{meA.meL.meL.Sar.meF.meL.meL}$$$$,-5.60231205
"PEPTIDE1{Me_dA.Pr_Gly.meL.meL.meL.meL.dL}$PEPTIDE1,PEPTIDE1,1:R1-7:R2$$$",-5.05955590
PEPTIDE1{ac-.L.P.Me_dA.T.Pr_Gly.T}$$$$,-6.65840891
PEPTIDE1{Me_dA.meL.meL.meL.P.meL.meL}$$$$,-5.73133493
"PEPTIDE1{meA.meF.P.meA.Sar.P.Mono34}$PEPTIDE1,PEPTIDE1,1:R1-7:R2$$$",-5.97583979
PEPTIDE1{Mono6.P.Pr_Gly.dA.Pr_Gly.L.L}$$$$,-6.24759313
"PEPTIDE1{meA.meA.L.P.meA.P.Mono34}$PEPTIDE1,PEPTIDE1,1:R1-7:R2$$$",-5.96977900
PEPTIDE1{L.Me_dA.meL.Sar.Mono6.Mono6.Mono78}$$$$,-7.88031381
PEPTIDE1{Me_dA.meA.P.Me_dA.Me_dA.meL.meL}$$$$,-5.77473923
"PEPTIDE1{Me_dA.Pr_Gly.meL.meL.meL.meL.meL}$PEPTIDE1,PEPTIDE1,1:R1-7:R2$$$",-5.19279747
PEPTIDE1{Me_dA.Pr_Gly.meL.T.meL.meL.meL}$$$$,-5.61998125
PEPTIDE1{L.meL.V.dL.meL.meL.meL}$$$$,-8.00598897
PEPTIDE1{L.Me_dL.P.T.meA.meA.meL}$$$$,-7.84764286
PEPTIDE1{Me_dA.Me_dA.T.F.T.meL.T}$$$$,-6.09227117
PEPTIDE1{L.meF.meL.meL.P.Mono34.L}$$$$,-8.38370801
PEPTIDE1{L.meL.V.V.Pr_Gly.meL.meL}$$$$,-7.85206286
PEPTIDE1{L.P.V.meV.T.meV.T}$$$$,-7.16778423
"PEPTIDE1{Me_dA.Pr_Gly.Pr_Gly.meL.P.T.meL}$PEPTIDE1,PEPTIDE1,1:R1-7:R2$$$",-5.40367781
PEPTIDE1{ac-.L.Me_Bal.dV.meL.meL.meL}$$$$,-5.64175007
"PEPTIDE1{Me_dA.Pr_Gly.meL.meL.G.meL.P}$PEPTIDE1,PEPTIDE1,1:R1-7:R2$$$",-5.06535424
PEPTIDE1{ac-.Sar.Me_dA.Me_dA.Me_dA.L.P}$$$$,-6.25575777
"PEPTIDE1{Me_dA.Pr_Gly.meL.meL.meL.P.meL}$PEPTIDE1,PEPTIDE1,1:R1-7:R2$$$",-5.16020241
PEPTIDE1{Me_dA.Pr_Gly.P.Pr_Gly.meL.meL.T}$$$$,-5.99079849
PEPTIDE1{L.meL.T.meL.meA.meA.L}$$$$,-7.89596667
PEPTIDE1{Me_dA.Pr_Gly.G.G.meL.meL.meL}$$$$,-5.86746717
PEPTIDE1{L.meL.P.meL.P.V.L}$$$$,-8.01433404
PEPTIDE1{meA.P.meA.Pr_Gly.meV.Mono34.meV}$$$$,-5.88989560
"PEPTIDE1{Me_dA.Pr_Gly.meL.meL.G.meL.meL}$PEPTIDE1,PEPTIDE1,1:R1-7:R2$$$",-5.20274108
"PEPTIDE1{Me_dA.Pr_Gly.T.P.meL.meL.meL}$PEPTIDE1,PEPTIDE1,1:R1-7:R2$$$",-5.06793040
PEPTIDE1{meA.Me_dA.Sar.meL.meL.Sar.meL}$$$$,-5.80140923
"PEPTIDE1{meA.Me_dA.meL.meA.T.Sar.meV}$PEPTIDE1,PEPTIDE1,1:R1-7:R2$$$",-5.71321356
"PEPTIDE1{Me_dA.Pr_Gly.Pr_Gly.P.Me_dA.P.Me_dA}$PEPTIDE1,PEPTIDE1,1:R1-7:R2$$$",-6.02272670
"PEPTIDE1{Me_dA.Pr_Gly.P.meL.P.P.meL}$PEPTIDE1,PEPTIDE1,1:R1-7:R2$$$",-5.42295463
PEPTIDE1{Mono6.meL.P.V.meL.Pr_Gly.Me_dA}$$$$,-5.84235161
PEPTIDE1{meA.Me_dA.L.P.V.meL.meA}$$$$,-5.75623140
"PEPTIDE1{Me_dA.dP.meL.L.Sar.meL.meF}$PEPTIDE1,PEPTIDE1,1:R1-7:R2$$$",-5.27515534
"PEPTIDE1{Me_dA.Pr_Gly.P.Me_dA.Me_dA.meL.meL}$PEPTIDE1,PEPTIDE1,1:R1-7:R2$$$",-5.10510911
PEPTIDE1{meA.Sar.meA.V.meL.Me_dA.Pr_Gly}$$$$,-5.97440696
"PEPTIDE1{Me_dA.Pr_Gly.T.meI.P.Me_dA.meL}$PEPTIDE1,PEPTIDE1,1:R1-7:R2$$$",-5.40764640
PEPTIDE1{Me_dA.meL.meA.meL.Mono6.Mono6.Me_dA}$$$$,-5.71913590
"PEPTIDE1{Me_dA.dV.meF.Mono6.dP.Me_dA.meA}$PEPTIDE1,PEPTIDE1,1:R1-7:R2$$$",-5.49197274
PEPTIDE1{Me_dA.Pr_Gly.Pr_Gly.meL.meL.meL.meL}$$$$,-5.84027423
PEPTIDE1{Me_dA.Pr_Gly.meL.Me_dL.meL.meL.T}$$$$,-5.65259792
PEPTIDE1{meA.Me_dA.dV.L.P.Pr_Gly.L}$$$$,-5.97450758
"PEPTIDE1{meA.P.meL.meA.L.meV.T}$PEPTIDE1,PEPTIDE1,1:R1-7:R2$$$",-5.33657853
"PEPTIDE1{Me_dA.meL.meL.meL.meL.dP.Me_dA}$PEPTIDE1,PEPTIDE1,1:R1-7:R2$$$",-5.13857362
PEPTIDE1{Me_dA.Pr_Gly.meL.meL.meL.meL.meL}$$$$,-5.79847786
PEPTIDE1{ac-.Me_dA.L.L.Me_Bal.meL.P}$$$$,-5.65072674
PEPTIDE1{Me_dA.meL.meL.meL.Mono6.Mono6.meL}$$$$,-5.73921078
PEPTIDE1{L.meL.meF.Mono78.Me_dAbu.Mono34.meA}$$$$,-8.34907143
PEPTIDE1{L.meF.Me_dA.meV.L.meA.meA}$$$$,-7.77943564
PEPTIDE1{meA.Me_Bal.Mono7.L.Mono78.Mono6.Mono6}$$$$,-6.02930227
PEPTIDE1{meA.Me_dA.meV.meV.meL.meL.meV}$$$$,-5.45047749
PEPTIDE1{Me_dA.meL.meL.Me_dA.dF.dF.dL}$$$$,-5.70906105
PEPTIDE1{Me_dA.Pr_Gly.Pr_Gly.meL.G.meL.meL}$$$$,-5.87940052
PEPTIDE1{meA.meL.Mono6.L.meL.Mono6.meL}$$$$,-5.78914306
PEPTIDE1{Me_dA.Pr_Gly.Pr_Gly.T.T.meL.meL}$$$$,-6.03919322
PEPTIDE1{Me_dA.Pr_Gly.Pr_Gly.Pr_Gly.T.T.meL}$$$$,-6.18944924
PEPTIDE1{L.meA.meF.meF.Me_dA.meL.Sar}$$$$,-7.79727143
PEPTIDE1{Me_dA.meL.Me_Bal.Mono1.Mono6.L.dP}$$$$,-5.90376138
PEPTIDE1{L.meL.P.V.V.meL.meL}$$$$,-8.02402508
PEPTIDE1{meA.L.meF.Me_Bal.Mono34.L.meA}$$$$,-5.80630311
PEPTIDE1{meA.Mono6.D.Pr_Gly.meA.Mono34.T}$$$$,-6.11371000
"PEPTIDE1{meA.Me_dA.P.meV.Sar.P.meF}$PEPTIDE1,PEPTIDE1,1:R1-7:R2$$$",-6.01130749
PEPTIDE1{meA.Mono6.Mono6.meL.meF.meA.Me_Bal}$$$$,-5.72726433
"PEPTIDE1{Me_dA.Pr_Gly.Pr_Gly.T.P.meL.L}$PEPTIDE1,PEPTIDE1,1:R1-7:R2$$$",-5.78333303
PEPTIDE1{Me_dA.Pr_Gly.meL.meL.Pr_Gly.meL.P}$$$$,-5.86293722
"PEPTIDE1{meA.Me_dA.meV.Sar.Mono34.Me_dA.meV}$PEPTIDE1,PEPTIDE1,1:R1-7:R2$$$",-5.67509706
PEPTIDE1{meA.meL.meF.Mono34.L.meA.-pip}$$$$,-5.74350914
PEPTIDE1{Me_dA.meA.meL.meL.meA.dA.dL}$$$$,-5.70697450
PEPTIDE1{Me_dA.Pr_Gly.T.T.meL.G.meL}$$$$,-6.09532234
PEPTIDE1{Me_dA.meL.F.meL.meL.Me_dL.P}$$$$,-5.72277901
PEPTIDE1{L.meA.P.P.P.P.T}$$$$,-6.67873828
PEPTIDE1{L.Me_dA.meL.P.meA.meL.A}$$$$,-7.84991753
PEPTIDE1{L.Me_dL.Me_dA.Me_dA.meV.Me_dA.meL}$$$$,-7.60495143
PEPTIDE1{meA.T.meL.T.T.meA.P}$$$$,-6.16337133
PEPTIDE1{L.meF.Sar.P.P.T.T}$$$$,-7.20141589
PEPTIDE1{ac-.L.Mono6.Me_dA.T.Me_dA.Mono34}$$$$,-6.09515784
"PEPTIDE1{meA.Me_dA.T.F.meL.meA.Mono34}$PEPTIDE1,PEPTIDE1,1:R1-7:R2$$$",-5.25013237
PEPTIDE1{meA.Me_dA.Sar.meL.meL.dP.meL}$$$$,-5.66325427
PEPTIDE1{meA.meL.meF.Mono34.L.Mono34.meA}$$$$,-5.88129983
PEPTIDE1{Me_dA.Pr_Gly.Pr_Gly.meL.meL.meL.meL}$$$$,-5.84027423
PEPTIDE1{Me_dA.meL.T.meL.P.meL.meL}$$$$,-5.72203884
PEPTIDE1{Me_dA.Pr_Gly.P.meL.meL.meL.meL}$$$$,-5.69728617
PEPTIDE1{Me_dA.meL.meL.meL.meL.Mono6.Pr_Gly}$$$$,-5.75664569
PEPTIDE1{ac-.dV.meL.meA.meA.Me_dA.meL}$$$$,-5.77281756
PEPTIDE1{ac-.Me_dA.Mono6.meA.L.L.Mono6}$$$$,-5.93169024
PEPTIDE1{ac-.Me_dA.dV.Me_dA.T.Me_dA.T}$$$$,-6.40882544
"PEPTIDE1{Me_dA.Pr_Gly.meL.T.meL.L.P}$PEPTIDE1,PEPTIDE1,1:R1-4:R3$$$",-5.47109857
PEPTIDE1{Me_dA.Pr_Gly.G.meL.meL.L.meL}$$$$,-5.73976950
PEPTIDE1{meA.Me_dL.Me_dA.meV.P.meL.meA}$$$$,-5.74393602
"PEPTIDE1{Me_dA.Me_dA.meL.meL.dP.Me_dA.meL}$PEPTIDE1,PEPTIDE1,1:R1-7:R2$$$",-5.10711909
PEPTIDE1{L.meF.Me_dA.Mono34.P.Mono34.-pip}$$$$,-7.49818019
PEPTIDE1{Mono6.meL.meF.P.Mono34.Mono34.meA}$$$$,-5.93051233
"PEPTIDE1{Me_dA.Pr_Gly.T.Pr_Gly.Pr_Gly.P.F}$PEPTIDE1,PEPTIDE1,1:R1-7:R2$$$",-6.85568805
PEPTIDE1{ac-.L.Mono6.Me_dA.Me_dA.T.T}$$$$,-6.15012984
PEPTIDE1{meA.Me_dA.meL.meA.Me_dA.meA.dL}$$$$,-5.94906373
"PEPTIDE1{Me_dA.F.meL.Me_dA.T.T.T}$PEPTIDE1,PEPTIDE1,1:R1-5:R3|PEPTIDE1,PEPTIDE1,1:R1-6:R3$$$",-6.06448026
PEPTIDE1{ac-.Me_dA.Me_dA.T.Pr_Gly.P.Pr_Gly}$$$$,-6.35782178
PEPTIDE1{Me_dA.T.meL.meL.Me_dL.meL.T}$$$$,-5.71771875
PEPTIDE1{Me_dA.meL.T.P.Me_dA.meL.Me_dA}$$$$,-5.93702435
PEPTIDE1{Me_dA.meL.T.T.meL.P.meL}$$$$,-5.92700520
PEPTIDE1{Me_dA.Pr_Gly.L.meL.meL.Me_dA.meL}$$$$,-5.69943472
"PEPTIDE1{Me_dA.Pr_Gly.P.V.L.meL.meL}$PEPTIDE1,PEPTIDE1,1:R1-7:R2$$$",-4.99836019
PEPTIDE1{meA.Mono6.Me_dA.dV.dV.meL.dV}$$$$,-5.87337985
PEPTIDE1{Me_dA.Pr_Gly.T.P.meL.T.meL}$$$$,-6.02361000
PEPTIDE1{meA.Me_dL.Me_dA.meV.Sar.T.Sar}$$$$,-6.21997034
"PEPTIDE1{Me_dA.Me_dA.Pr_Gly.meL.T.T.meL}$PEPTIDE1,PEPTIDE1,1:R1-7:R2$$$",-5.45363259
"PEPTIDE1{L.Me_dA.P.Sar.T.Sar.P}$PEPTIDE1,PEPTIDE1,1:R1-5:R3|PEPTIDE1,PEPTIDE1,1:R1-7:R2$$$",-7.48930000
PEPTIDE1{meA.Me_dA.meV.meL.meL.meL.meV}$$$$,-5.50971858
PEPTIDE1{meA.Me_dA.dV.T.Me_dL.meL.Me_dL}$$$$,-5.66287018
PEPTIDE1{Me_dA.Pr_Gly.meL.meL.meL.Me_dA.meL}$$$$,-5.67687951
"PEPTIDE1{Mono6.meL.meF.Mono34.P.Mono34.P}$PEPTIDE1,PEPTIDE1,1:R1-7:R2$$$",-5.55533646
PEPTIDE1{Me_dA.meL.meL.Me_dL.Me_dL.P.T}$$$$,-5.54192290
PEPTIDE1{meA.Me_dL.Me_dA.meV.T.Me_dA.Me_dA}$$$$,-6.27276667
PEPTIDE1{Mono6.meL.meF.V.meL.meL.meL}$$$$,-5.88819881
PEPTIDE1{L.P.V.P.P.meA.meA}$$$$,-7.45276814
PEPTIDE1{Me_dA.F.meL.meL.meL.meL.T}$$$$,-5.71252748
PEPTIDE1{Me_dA.Pr_Gly.Pr_Gly.T.meL.meF.P}$$$$,-5.87494676
PEPTIDE1{L.meL.V.meL.T.Mono12.meL}$$$$,-8.03210553
"PEPTIDE1{Me_dA.F.meL.G.meL.P.meL}$PEPTIDE1,PEPTIDE1,1:R1-7:R2$$$",-5.44029508
PEPTIDE1{Me_dA.F.F.F.F.I.T}$$$$,-6.20894632
PEPTIDE1{L.P.V.Sar.V.V.T}$$$$,-6.32251314
"PEPTIDE1{L.meL.V.meL.meL.meL.meA}$PEPTIDE1,PEPTIDE1,1:R1-7:R2$$$",-5.25067915
"PEPTIDE1{Me_dA.Pr_Gly.meL.meL.meL.meL.meL}$PEPTIDE1,PEPTIDE1,1:R1-7:R2$$$",-5.19279747
"PEPTIDE1{meA.P.V.V.V.Sar.Sar}$PEPTIDE1,PEPTIDE1,1:R1-7:R2$$$",-5.99503260
PEPTIDE1{L.P.meV.V.V.meV.meL}$$$$,-7.91436493
PEPTIDE1{Me_dA.Pr_Gly.Pr_Gly.Pr_Gly.dF.meL.meL}$$$$,-5.86557456
PEPTIDE1{L.meF.L.dL.Me_dAbu.Mono34.G}$$$$,-7.04049790
PEPTIDE1{Me_dA.Me_dA.Pr_Gly.meL.meL.meL.meL}$$$$,-5.70478451
PEPTIDE1{Me_dA.L.L.meL.meA.meL.dA}$$$$,-5.65072082
PEPTIDE1{meA.meL.L.Mono6.P.Et_Gly.dA}$$$$,-5.98223970
PEPTIDE1{Me_dA.Pr_Gly.T.P.meL.meL.Sar}$$$$,-6.01660302
PEPTIDE1{meA.L.meL.meA.meF.meL.meA}$$$$,-5.59604949
PEPTIDE1{Me_dA.Me_dA.A.P.T.L.T}$$$$,-6.02974913
PEPTIDE1{Me_dA.T.T.meL.meL.meL.T}$$$$,-6.11600000
PEPTIDE1{Me_dA.Pr_Gly.Pr_Gly.Pr_Gly.Pr_Gly.Pr_Gly.Pr_Gly}$$$$,-6.28116989
PEPTIDE1{Me_dA.Pr_Gly.Pr_Gly.meL.dF.I.G}$$$$,-6.13424603
PEPTIDE1{Me_dA.Pr_Gly.meL.meL.meL.meL.dL}$$$$,-5.74076006
PEPTIDE1{meA.L.meF.P.meL.dA.Me_dA}$$$$,-5.84500547
PEPTIDE1{ac-.Mono6.Mono6.Mono6.meA.L.P}$$$$,-6.08855788
"PEPTIDE1{meA.Me_dL.Me_dAbu.Mono34.Me_dAbu.Mono34.Mono34}$PEPTIDE1,PEPTIDE1,1:R1-7:R2$$$",-5.46894388
PEPTIDE1{A.meF.meA.T.T.Pr_Gly.T}$$$$,-7.01483853
PEPTIDE1{Me_dA.Pr_Gly.T.P.meL.meL.Me_dA}$$$$,-6.05279743
PEPTIDE1{Me_dA.Pr_Gly.P.Me_dA.meL.T.meL}$$$$,-6.00394637
PEPTIDE1{meA.Me_dL.pentyl_Gly.dP.dP.Mono34.Me_dA}$$$$,-5.86142757
PEPTIDE1{meA.L.meL.Mono34.meL.meL.meL}$$$$,-5.97099820
PEPTIDE1{Me_dA.Pr_Gly.Pr_Gly.meL.meL.meL.dF}$$$$,-5.81799218
PEPTIDE1{Me_dA.Pr_Gly.Pr_Gly.Pr_Gly.T.meL.meL}$$$$,-6.03543786
"PEPTIDE1{Mono6.meL.meF.meF.T.dA.P}$PEPTIDE1,PEPTIDE1,1:R1-5:R3$$$",-5.56492838
PEPTIDE1{ac-.Mono6.Me_dA.dV.dF.L.L}$$$$,-5.70062016
PEPTIDE1{Me_dA.Pr_Gly.Pr_Gly.meL.P.meL.P}$$$$,-5.89135542
PEPTIDE1{L.meL.meF.meF.meL.meF.P}$$$$,-8.54591000
PEPTIDE1{meA.Me_dL.Mono34.P.T.P.T}$$$$,-6.06950143
PEPTIDE1{Me_dA.Pr_Gly.T.P.meL.meL.meA}$$$$,-6.05279743
"PEPTIDE1{Me_dA.Me_dA.T.P.meL.P.meL}$PEPTIDE1,PEPTIDE1,1:R1-7:R2$$$",-5.85446581
"PEPTIDE1{Me_dA.Pr_Gly.T.P.meL.meL.meA}$PEPTIDE1,PEPTIDE1,1:R1-7:R2$$$",-5.37091820
"PEPTIDE1{meA.meA.meL.G.G.L.Me_dL}$PEPTIDE1,PEPTIDE1,1:R1-7:R2$$$",-5.76946600
PEPTIDE1{meA.Me_dA.Me_dL.L.meL.meA.Sar}$$$$,-5.72010939
"PEPTIDE1{Mono6.meL.Mono6.Me_Bal.meL.Me_Bal.dV}$PEPTIDE1,PEPTIDE1,1:R1-7:R2$$$",-5.40447197
PEPTIDE1{Me_dA.Pr_Gly.Pr_Gly.T.T.meL.P}$$$$,-6.12748035
PEPTIDE1{Me_dA.L.meL.dP.Me_dA.meL.meA}$$$$,-5.76019017
"PEPTIDE1{L.meF.Sar.P.pentyl_Gly.Mono86.W}$PEPTIDE1,PEPTIDE1,1:R1-7:R2$$$",-6.40266582
PEPTIDE1{meA.L.meL.meA.Mono6.Mono6.P}$$$$,-6.07768485
PEPTIDE1{meA.L.meL.meF.Mono6.meF.Sar}$$$$,-5.79889419
"PEPTIDE1{Me_dA.F.F.P.G.meL.meL}$PEPTIDE1,PEPTIDE1,1:R1-7:R2$$$",-5.53017782
PEPTIDE1{Me_dA.Pr_Gly.meL.Me_dA.meL.meL.meL}$$$$,-5.70594284
PEPTIDE1{meA.T.T.T.meL.T.meL}$$$$,-6.25265179
PEPTIDE1{meA.Me_dA.meV.meV.meL.meL.meL}$$$$,-5.49626777
PEPTIDE1{ac-.Me_dA.T.L.P.meL.meL}$$$$,-5.88644763
"PEPTIDE1{meA.Me_dL.Me_dL.Me_dA.meL.P.Mono34}$PEPTIDE1,PEPTIDE1,1:R1-7:R2$$$",-5.31810150
"PEPTIDE1{meA.Me_dA.meL.meL.meL.Sar.meF}$PEPTIDE1,PEPTIDE1,1:R1-7:R2$$$",-5.25074679
"PEPTIDE1{meA.Mono6.meL.Me_Bal.Mono34.Sar.Mono34}$PEPTIDE1,PEPTIDE1,1:R1-7:R2$$$",-5.74180595
PEPTIDE1{Mono6.meA.Mono6.Mono6.Me_dA.Pr_Gly.Mono6}$$$$,-6.16236500
"PEPTIDE1{L.meF.Mono6.P.Mono34.meA.Mono34}$PEPTIDE1,PEPTIDE1,1:R1-7:R2$$$",-5.60341573
"PEPTIDE1{L.Me_dA.meL.meA.meL.meA.meA}$PEPTIDE1,PEPTIDE1,1:R1-7:R2$$$",-5.23062918
PEPTIDE1{ac-.Me_dA.T.L.P.meL.L}$$$$,-6.02266257
"PEPTIDE1{meA.meF.meL.T.meA.Sar.meV}$PEPTIDE1,PEPTIDE1,1:R1-7:R2$$$",-5.16429996
PEPTIDE1{Me_dA.Pr_Gly.meL.meL.meL.meL.meL}$$$$,-5.79847786
PEPTIDE1{Me_dA.Me_Bal.meL.Me_Bal.Mono6.Mono7.dA}$$$$,-6.13849333
PEPTIDE1{ac-.L.meL.Mono6.Sar.Mono6.Me_Bal}$$$$,-6.08040549
PEPTIDE1{meA.meL.Sar.Sar.T.meL.dL}$$$$,-6.01425810
PEPTIDE1{Me_dA.meL.P.meL.Sar.meL.T}$$$$,-5.81704043
"PEPTIDE1{F.P.L.L.D.D.Mono34}$PEPTIDE1,PEPTIDE1,1:R1-7:R2$$$",-6.92824221
PEPTIDE1{dA.L.meF.meL.T.meL.meL}$$$$,-8.13425296
PEPTIDE1{L.P.meV.V.L.T.meL}$$$$,-7.37351138
PEPTIDE1{meA.Me_dL.Me_dA.meL.Sar.meA.meA}$$$$,-6.03668423
"PEPTIDE1{L.meF.meL.meL.meF.meF.Mono34}$PEPTIDE1,PEPTIDE1,1:R1-7:R2$$$",-5.82749231
PEPTIDE1{Me_dA.Pr_Gly.meL.meL.meL.meL.Mono6}$$$$,-5.69353292
"PEPTIDE1{Me_dA.meL.Mono6.meL.meL.T.T}$PEPTIDE1,PEPTIDE1,1:R1-7:R2$$$",-5.32119429
PEPTIDE1{meA.Me_dA.T.meL.T.T.T}$$$$,-6.49083929
PEPTIDE1{Me_dA.Me_dA.Me_dA.Me_dA.dV.Pr_Gly.Me_dL}$$$$,-5.91456111
PEPTIDE1{Me_dA.T.Pr_Gly.meL.meL.meL.meL}$$$$,-5.63719799
"PEPTIDE1{Me_dA.L.meL.meA.P.Mono6.meL}$PEPTIDE1,PEPTIDE1,1:R1-7:R2$$$",-5.22609803
PEPTIDE1{L.Me_dA.meL.meA.dP.Mono6.Me_Bal}$$$$,-7.83288750
"PEPTIDE1{meA.meL.L.P.meA.meA.Mono34}$PEPTIDE1,PEPTIDE1,1:R1-7:R2$$$",-5.36058905
PEPTIDE1{meA.F.P.Sar.Sar.meL.P}$$$$,-6.32887120
PEPTIDE1{Me_dA.Pr_Gly.T.meL.meL.P.meL}$$$$,-5.86063670
"PEPTIDE1{meA.P.T.Asp_piperidide.Mono34.Me_dA.Me_dA}$PEPTIDE1,PEPTIDE1,1:R1-7:R2$$$",-6.06091623
PEPTIDE1{Me_dA.meA.Mono6.L.P.P.Mono6}$$$$,-6.09007655
PEPTIDE1{meA.meL.meL.meL.meA.meL.meL}$$$$,-5.72430286
PEPTIDE1{ac-.L.L.Mono6.Mono6.meL.Mono6}$$$$,-5.88040897
PEPTIDE1{dV.F.Me_dA.V.V.Mono6.G}$$$$,-6.84234000
PEPTIDE1{meA.meA.D.Me_dA.T.T.T}$$$$,-6.42763735
"PEPTIDE1{meA.Sar.Mono6.meL.Sar.P.Mono34}$PEPTIDE1,PEPTIDE1,1:R1-7:R2$$$",-5.98136182
PEPTIDE1{ac-.meA.Me_Bal.Me_dA.Me_dA.Me_dA.Me_dA}$$$$,-6.35462833
"PEPTIDE1{meA.meA.meA.meF.meF.Me_Bal.Mono34}$PEPTIDE1,PEPTIDE1,1:R1-7:R2$$$",-5.32065035
PEPTIDE1{Me_dA.Pr_Gly.meL.meL.P.meL.T}$$$$,-5.89956833
PEPTIDE1{Me_dA.Pr_Gly.meL.P.meL.P.Me_dA}$$$$,-5.90485160
PEPTIDE1{Me_dA.Pr_Gly.T.meL.meL.meL.meA}$$$$,-5.75438875
"PEPTIDE1{meL.meS.meA.meA.T.Pr_Gly.meA}$PEPTIDE1,PEPTIDE1,1:R1-5:R3$$$",-6.18754915
PEPTIDE1{Me_dA.meL.meL.meL.meL.meF.meL}$$$$,-5.99267681
"PEPTIDE1{meA.Me_dA.dV.P.meA.P.Me_dA}$PEPTIDE1,PEPTIDE1,1:R1-7:R2$$$",-5.93762046
PEPTIDE1{Me_dA.Pr_Gly.meL.meL.meL.meL.meL}$$$$,-5.79847786
"PEPTIDE1{Me_dA.meL.P.Me_dA.F.Me_dA.Me_dA}$PEPTIDE1,PEPTIDE1,1:R1-7:R2$$$",-5.65313301
PEPTIDE1{meA.Me_dA.meL.meA.dP.meA.Sar}$$$$,-6.30107548
PEPTIDE1{Me_dA.Pr_Gly.Pr_Gly.Pr_Gly.Pr_Gly.F.meL}$$$$,-5.99750295
PEPTIDE1{Me_dA.Pr_Gly.meL.meL.meL.meL.meL}$$$$,-5.79847786
"PEPTIDE1{L.meF.Mono6.Mono6.Mono12.Me_dAbu.Mono34}$PEPTIDE1,PEPTIDE1,1:R1-7:R2$$$",-5.71620165
"PEPTIDE1{Me_dA.Pr_Gly.meL.P.meL.meL.meL}$PEPTIDE1,PEPTIDE1,1:R1-7:R2$$$",-5.18133991
PEPTIDE1{L.Me_dA.T.meV.T.V.meL}$$$$,-7.68737870
PEPTIDE1{Me_dA.Pr_Gly.meL.G.G.Me_dA.T}$$$$,-6.51169162
PEPTIDE1{meA.meL.T.meL.meL.meL.P}$$$$,-5.68456114
"PEPTIDE1{L.meL.meA.P.Pr_Gly.meF.meA}$PEPTIDE1,PEPTIDE1,1:R1-7:R2$$$",-5.06368319
PEPTIDE1{Me_dA.Pr_Gly.P.meL.meL.Me_dA.meL}$$$$,-5.64548552
"PEPTIDE1{meA.L.meF.meF.meF.meF.Mono34}$PEPTIDE1,PEPTIDE1,1:R1-7:R2$$$",-6.09578459
PEPTIDE1{meA.meL.meA.P.Mono34.Mono34.-pip}$$$$,-5.71598665
"PEPTIDE1{Me_dA.Pr_Gly.T.P.meL.P.meL}$PEPTIDE1,PEPTIDE1,1:R1-7:R2$$$",-5.75723239
PEPTIDE1{Me_dA.Pr_Gly.meL.G.meL.meA.meL}$$$$,-5.78065143
PEPTIDE1{ac-.Me_dA.T.Pr_Gly.Me_dA.meL.T}$$$$,-6.11680047
PEPTIDE1{L.meF.meF.meF.P.meA.Sar}$$$$,-8.43553943
"PEPTIDE1{Me_dA.Pr_Gly.meL.meL.meL.meL.L}$PEPTIDE1,PEPTIDE1,1:R1-7:R2$$$",-5.05955590
PEPTIDE1{Me_dA.Pr_Gly.meL.meL.meL.meL.meL}$$$$,-5.79847786
PEPTIDE1{ac-.L.Me_Bal.Me_dA.meA.Me_dA.T}$$$$,-6.28610000
"PEPTIDE1{Me_dA.meL.meL.meL.P.dP.dA}$PEPTIDE1,PEPTIDE1,1:R1-7:R2$$$",-5.38371648
PEPTIDE1{meA.P.T.T.meL.meL.T}$$$$,-6.07173300
PEPTIDE1{Me_dA.meL.P.G.meL.Sar.P}$$$$,-6.07569471
PEPTIDE1{Me_dA.meL.meL.meL.Mono6.dV.Me_Bal}$$$$,-5.60552232
PEPTIDE1{meA.Me_dL.Me_dL.dP.T.meL.meL}$$$$,-5.67243809
PEPTIDE1{Me_dA.Me_dA.T.meL.T.F.L}$$$$,-6.06036872
PEPTIDE1{Me_dA.Pr_Gly.meL.P.Me_dA.T.T}$$$$,-6.10786845
"PEPTIDE1{meA.meL.meL.T.meA.Mono34.meA}$PEPTIDE1,PEPTIDE1,1:R1-4:R3$$$",-5.72726618
PEPTIDE1{meA.Me_dA.meL.Mono6.meL.meA.Sar}$$$$,-5.88013667
PEPTIDE1{ac-.meA.Me_Bal.meA.Pr_Gly.meL.meL}$$$$,-5.72383619
PEPTIDE1{meA.Me_dA.T.meL.Mono34.meL.meL}$$$$,-5.76299909
PEPTIDE1{meA.meA.Mono6.Me_Bal.dV.Mono6.meF}$$$$,-5.91111412
PEPTIDE1{ac-.Mono6.meL.D.meA.P.meL}$$$$,-5.74295893
"PEPTIDE1{Me_dA.meL.meL.G.Mono7.Me_dA.T}$PEPTIDE1,PEPTIDE1,1:R1-7:R2$$$",-5.34811848
"PEPTIDE1{L.meL.meL.meF.meF.T.Et_Gly}$PEPTIDE1,PEPTIDE1,1:R1-7:R2$$$",-4.92971877
PEPTIDE1{meA.meA.F.V.F.meF.dA}$$$$,-5.77487286
"PEPTIDE1{L.Me_dA.meL.P.Mono34.meA.Me_dA}$PEPTIDE1,PEPTIDE1,1:R1-7:R2$$$",-5.31245873
PEPTIDE1{L.meF.meL.meF.Me_dAbu.Mono34.Mono34}$$$$,-8.45493041
"PEPTIDE1{meA.meL.V.I.meL.P.Me_dA}$PEPTIDE1,PEPTIDE1,1:R1-7:R2$$$",-5.07387943
PEPTIDE1{ac-.Me_dA.dV.P.meL.Me_dL.meA}$$$$,-5.73492746
"PEPTIDE1{meA.Me_dA.V.meL.dF.meL.T}$PEPTIDE1,PEPTIDE1,1:R1-7:R2$$$",-5.07326047
PEPTIDE1{Me_dA.Pr_Gly.meL.meL.meL.G.G}$$$$,-5.88711717
PEPTIDE1{meA.Me_dA.meV.T.meL.meL.meL}$$$$,-5.57301875
"PEPTIDE1{Me_dA.Mono6.Mono6.dP.T.Sar.Me_dA}$PEPTIDE1,PEPTIDE1,1:R1-5:R3$$$",-6.28891756
PEPTIDE1{L.Me_dA.V.Me_dA.meL.meL.Sar}$$$$,-7.78661810
PEPTIDE1{meA.Me_dL.P.T.meA.meA.meA}$$$$,-6.07842143
PEPTIDE1{L.meL.meL.Sar.Sar.meL.Pr_Gly}$$$$,-7.77924286
PEPTIDE1{meA.Me_dL.Sar.Sar.meF.Mono34.L}$$$$,-5.84430526
"PEPTIDE1{L.meL.meF.P.T.Mono12.P}$PEPTIDE1,PEPTIDE1,1:R1-5:R3$$$",-7.90012758
PEPTIDE1{Me_dA.Pr_Gly.T.Pr_Gly.meL.meL.T}$$$$,-6.13146389
"PEPTIDE1{meA.Me_dL.Me_dAbu.P.meL.meL.Me_dA}$PEPTIDE1,PEPTIDE1,1:R1-7:R2$$$",-5.16681843
PEPTIDE1{F.pentyl_Gly.L.Mono84.P.Mono84.-pip}$$$$,-5.64538998
"PEPTIDE1{meA.T.meL.T.T.P.meL}$PEPTIDE1,PEPTIDE1,1:R1-7:R2$$$",-5.48380833
PEPTIDE1{ac-.Me_dA.Me_dA.dV.T.T.meL}$$$$,-6.22820015
PEPTIDE1{Me_dA.Pr_Gly.P.Pr_Gly.meL.meL.T}$$$$,-5.99079849
PEPTIDE1{meA.P.V.V.meL.meL.dL}$$$$,-5.64187815
PEPTIDE1{Me_dA.meL.meL.dP.Mono6.Me_Bal.dP}$$$$,-5.81762477
PEPTIDE1{meA.meA.Mono6.meA.P.dA.Me_dA}$$$$,-6.23690833
"PEPTIDE1{Me_dA.Me_dA.T.meL.T.T.meL}$PEPTIDE1,PEPTIDE1,1:R1-7:R2$$$",-5.67390265
"PEPTIDE1{Me_dA.Pr_Gly.T.meL.P.T.meL}$PEPTIDE1,PEPTIDE1,1:R1-7:R2$$$",-5.40325129
PEPTIDE1{Me_dA.Pr_Gly.meL.meL.meL.meA.meA}$$$$,-5.58894432
"PEPTIDE1{meA.meF.P.P.Pr_Gly.meA.Mono34}$PEPTIDE1,PEPTIDE1,1:R1-7:R2$$$",-5.79581733
PEPTIDE1{Mono6.meL.D.P.T.L.meA}$$$$,-5.98116833
PEPTIDE1{Me_dA.Pr_Gly.P.P.meL.meL.I}$$$$,-5.84625459
"PEPTIDE1{meA.P.meL.meA.P.Mono34.meA}$PEPTIDE1,PEPTIDE1,1:R1-7:R2$$$",-5.67446423
"PEPTIDE1{meA.Me_dA.T.meL.meL.T.meL}$PEPTIDE1,PEPTIDE1,1:R1-7:R2$$$",-5.47468946
PEPTIDE1{Me_dA.meL.meL.meL.meL.meL.Me_dA}$$$$,-5.79792786
PEPTIDE1{ac-.meA.meA.Me_dA.meL.L.P}$$$$,-5.83633768
PEPTIDE1{Me_dA.T.Pr_Gly.T.meL.Pr_Gly.Pr_Gly}$$$$,-6.20018901
PEPTIDE1{meA.meF.F.Me_dAbu.T.meV.meL}$$$$,-5.51829579
"PEPTIDE1{meA.Me_dL.Me_dL.meL.Sar.Sar.Mono34}$PEPTIDE1,PEPTIDE1,1:R1-7:R2$$$",-5.34819083
PEPTIDE1{meF.meL.meL.Sar.Sar.meF.L}$$$$,-5.78265423
PEPTIDE1{meA.Me_dA.T.meL.meV.meL.meA}$$$$,-5.89568349
PEPTIDE1{Me_dA.L.Mono6.Mono6.Mono6.Mono6.Mono6}$$$$,-6.14813893
PEPTIDE1{L.Me_dA.meV.meV.T.L.Me_dA}$$$$,-7.84242018
PEPTIDE1{meA.meA.Me_dA.T.meL.meL.meA}$$$$,-5.96388667
PEPTIDE1{L.meA.Me_dA.T.P.T.T}$$$$,-7.03715339
"PEPTIDE1{meA.Me_dA.meL.Me_dA.Mono34.meA.meA}$PEPTIDE1,PEPTIDE1,1:R1-7:R2$$$",-5.84700719
PEPTIDE1{Me_dA.Pr_Gly.T.P.Me_dA.Me_dA.meL}$$$$,-6.14714000
PEPTIDE1{Me_dA.Pr_Gly.Pr_Gly.meL.meL.meL.meL}$$$$,-5.84027423
PEPTIDE1{L.Sar.meL.meL.Mono7.meF.T}$$$$,-7.52149429
PEPTIDE1{meA.Me_dA.meL.meA.meA.T.T}$$$$,-6.39778750
PEPTIDE1{meA.P.V.meA.meA.dL.meA}$$$$,-6.16457235
PEPTIDE1{meA.meL.meL.meL.meF.meA.P}$$$$,-5.61796140
"PEPTIDE1{L.meF.Me_dA.meL.Me_dA.P.T}$PEPTIDE1,PEPTIDE1,1:R1-7:R2$$$",-5.02916599
PEPTIDE1{Mono6.meL.meL.P.P.V.dL}$$$$,-5.83686635
PEPTIDE1{Me_dA.meL.Me_dA.T.T.T.meL}$$$$,-6.25220000
PEPTIDE1{Me_dA.Pr_Gly.meL.P.meL.meL.Sar}$$$$,-5.86621850
PEPTIDE1{Me_dA.Pr_Gly.T.meL.meL.T.meL}$$$$,-5.95683333
PEPTIDE1{L.meF.meF.meL.meF.F.H}$$$$,-8.63393041
"PEPTIDE1{L.Me_dAbu.meL.Mono6.Mono12.P.Mono34}$PEPTIDE1,PEPTIDE1,1:R1-7:R2$$$",-5.60796417
PEPTIDE1{meA.meF.meA.meL.meA.Sar.meA}$$$$,-5.79514483
PEPTIDE1{Me_dA.Pr_Gly.T.Pr_Gly.Pr_Gly.Pr_Gly.Pr_Gly}$$$$,-6.35965258
PEPTIDE1{Me_dA.T.meL.meL.meL.meL.T}$$$$,-5.71771875
PEPTIDE1{meA.meA.meV.meV.meL.T.meL}$$$$,-5.70236875
"PEPTIDE1{Me_dA.Pr_Gly.Pr_Gly.meL.G.meL.meL}$PEPTIDE1,PEPTIDE1,1:R1-7:R2$$$",-5.20971660
"PEPTIDE1{meA.Me_dL.meL.P.T.meA.Mono34}$PEPTIDE1,PEPTIDE1,1:R1-7:R2$$$",-5.36139697
PEPTIDE1{Sar.F.Me_dA.Sar.P.T.meL}$$$$,-5.90295632
PEPTIDE1{Me_dA.T.meL.T.T.meL.T}$$$$,-6.25088513
PEPTIDE1{meA.Me_dL.meF.Me_dAbu.T.T.meL}$$$$,-5.88236667
PEPTIDE1{Me_dA.Pr_Gly.meL.meL.meL.meL.meL}$$$$,-5.79847786
"PEPTIDE1{Me_dA.Pr_Gly.meL.T.T.meL.T}$PEPTIDE1,PEPTIDE1,1:R1-4:R3|PEPTIDE1,PEPTIDE1,1:R1-7:R2$$$",-6.13403275
PEPTIDE1{Me_dA.Me_dL.meL.T.T.Me_dL.P}$$$$,-5.97827500
"PEPTIDE1{Me_dA.meL.F.meL.meL.meL.meL}$PEPTIDE1,PEPTIDE1,1:R1-7:R2$$$",-5.53221850
PEPTIDE1{A.L.Me_dA.meA.meA.T.meL}$$$$,-7.94247143
PEPTIDE1{L.meL.Me_Bal.meF.P.Sar.meL}$$$$,-7.76827083
"PEPTIDE1{Me_dA.Pr_Gly.meL.meL.meL.Me_dL.P}$PEPTIDE1,PEPTIDE1,1:R1-7:R2$$$",-5.18011307
PEPTIDE1{Me_dA.Me_dA.T.Me_dA.Pr_Gly.T.T}$$$$,-6.27955841
PEPTIDE1{Me_dA.Pr_Gly.Pr_Gly.T.meL.meL.meL}$$$$,-5.81760784
PEPTIDE1{ac-.Me_dA.T.meL.L.meL.T}$$$$,-5.98337977
PEPTIDE1{meA.meL.P.Sar.Sar.dL.I}$$$$,-5.84938182
"PEPTIDE1{meA.Me_dA.meL.P.Mono34.P.Mono34}$PEPTIDE1,PEPTIDE1,1:R1-7:R2$$$",-5.52311715
PEPTIDE1{L.Me_dA.T.meL.P.meL.Me_dA}$$$$,-7.91152229
"PEPTIDE1{L.meF.P.V.L.Sar.meV}$PEPTIDE1,PEPTIDE1,1:R1-7:R2$$$",-5.24188534
PEPTIDE1{Mono6.meL.V.meL.meL.Pr_Gly.Sar}$$$$,-5.67544225
"PEPTIDE1{meA.Me_dA.T.meL.Me_dA.Me_dA.Mono34}$PEPTIDE1,PEPTIDE1,1:R1-7:R2$$$",-5.59595522
PEPTIDE1{Me_dA.Pr_Gly.P.Me_dA.meL.Me_dA.T}$$$$,-6.17526500
"PEPTIDE1{Me_dA.Pr_Gly.meL.dF.P.Me_dL.meL}$PEPTIDE1,PEPTIDE1,1:R1-7:R2$$$",-5.23143511
"PEPTIDE1{meA.Me_dA.meL.meL.meA.Mono34.Mono34}$PEPTIDE1,PEPTIDE1,1:R1-7:R2$$$",-5.38488355
"PEPTIDE1{Me_dA.Pr_Gly.P.T.T.P.meL}$PEPTIDE1,PEPTIDE1,1:R1-7:R2$$$",-6.22610429
PEPTIDE1{meA.meL.meF.meF.P.P.dV}$$$$,-5.57931940
"PEPTIDE1{meA.Me_dA.P.T.meA.Me_dA.Mono34}$PEPTIDE1,PEPTIDE1,1:R1-7:R2$$$",-5.68453390
PEPTIDE1{Me_dA.meL.meL.P.Me_dA.meL.P}$$$$,-5.67332452
PEPTIDE1{Me_dA.Pr_Gly.T.meL.meL.meL.meL}$$$$,-5.62226792
PEPTIDE1{meA.meL.meF.Me_Bal.P.Mono34.meA}$$$$,-5.67619285
"PEPTIDE1{Me_dA.Pr_Gly.meL.T.P.meL.meL}$PEPTIDE1,PEPTIDE1,1:R1-7:R2$$$",-5.11397767
PEPTIDE1{Me_dA.Me_dA.meL.Me_dA.Me_dA.dF.Me_dL}$$$$,-5.59105341
"PEPTIDE1{Me_dA.F.T.T.T.P.P}$PEPTIDE1,PEPTIDE1,1:R1-7:R2$$$",-6.46858382
PEPTIDE1{L.Me_dA.P.meL.meL.meA.P}$$$$,-7.92842143
PEPTIDE1{meA.T.meL.meL.meL.meL.meL}$$$$,-5.66101810
PEPTIDE1{meA.Me_dA.V.Me_dA.meV.meL.meA}$$$$,-5.82333757
"PEPTIDE1{Me_dA.Pr_Gly.T.P.meL.meL.meL}$PEPTIDE1,PEPTIDE1,1:R1-7:R2$$$",-5.06793040
PEPTIDE1{meA.meL.Me_dA.meF.meL.meL.Me_dA}$$$$,-5.47987777
PEPTIDE1{meA.Me_dA.meV.T.meV.T.P}$$$$,-6.20469583
PEPTIDE1{L.Me_dL.Me_dA.Me_dL.Me_dA.P.meL}$$$$,-7.81243561
PEPTIDE1{Me_dA.meL.F.G.meL.G.Me_dL}$$$$,-5.80962919
PEPTIDE1{Me_dA.meL.meA.meA.Mono34.Mono34.Me_Bal}$$$$,-5.85601973
PEPTIDE1{Mono6.meL.meF.Me_Bal.Mono34.Mono34.P}$$$$,-6.00137408
PEPTIDE1{meA.Me_dL.Me_dAbu.meL.meA.meL.Me_dAbu}$$$$,-5.42790034
PEPTIDE1{meA.Me_dA.meL.T.meA.meL.meL}$$$$,-5.78608667
PEPTIDE1{Me_dA.Pr_Gly.meL.meL.meL.meL.dL}$$$$,-5.74076006
PEPTIDE1{Me_dA.meL.meL.P.meL.meL.G}$$$$,-5.69106023
PEPTIDE1{Me_dA.meL.meL.T.Pr_Gly.F.meL}$$$$,-5.70267121
"PEPTIDE1{L.meA.meV.V.L.meA.meV}$PEPTIDE1,PEPTIDE1,1:R1-7:R2$$$",-5.15870309
"PEPTIDE1{meA.Me_dA.meV.meL.meL.meL.meA}$PEPTIDE1,PEPTIDE1,1:R1-7:R2$$$",-5.14124511
"PEPTIDE1{meA.dL.T.meL.meA.meL.meL}$PEPTIDE1,PEPTIDE1,1:R1-7:R2$$$",-5.12998511
PEPTIDE1{meA.meL.T.P.T.meF.meL}$$$$,-5.87819389
PEPTIDE1{ac-.Me_dA.dV.G.meA.Me_dA.meA}$$$$,-6.65347500
PEPTIDE1{Me_dA.Pr_Gly.meL.dF.meL.G.T}$$$$,-6.14653333
PEPTIDE1{Me_dA.Pr_Gly.meL.P.meL.meL.P}$$$$,-5.81513694
"PEPTIDE1{meA.meF.Sar.meA.L.meA.D}$PEPTIDE1,PEPTIDE1,1:R1-7:R2$$$",-6.08372550
PEPTIDE1{meA.Me_dL.Me_dA.P.meL.meL.Mono12}$$$$,-6.06019602
PEPTIDE1{Me_dA.Pr_Gly.T.meL.meL.meL.meL}$$$$,-5.62226792
PEPTIDE1{Me_dA.F.Pr_Gly.F.meL.Me_dL.T}$$$$,-5.85585492
PEPTIDE1{L.meL.P.P.V.dL.P}$$$$,-7.33963234
"PEPTIDE1{meA.Me_dA.Me_dA.G.T.meL.L}$PEPTIDE1,PEPTIDE1,1:R1-7:R2$$$",-5.53807926
PEPTIDE1{Me_dA.meL.T.G.meL.meL.Sar}$$$$,-5.99542000
"PEPTIDE1{L.F.P.T.T.dL.meA}$PEPTIDE1,PEPTIDE1,1:R1-4:R3$$$",-6.90843845
PEPTIDE1{L.meF.Me_dA.T.P.Mono34.P}$$$$,-7.74163725
PEPTIDE1{meA.Me_dA.meL.T.L.Me_dL.meA}$$$$,-5.80441310
PEPTIDE1{Mono6.meL.V.V.V.T.P}$$$$,-6.01700117
PEPTIDE1{meA.meA.dV.T.meA.meA.meF}$$$$,-6.22076658
PEPTIDE1{dV.L.meL.meL.meL.meL.meL}$$$$,-8.10885000
PEPTIDE1{meA.meL.V.Pr_Gly.meL.Me_dA.Pr_Gly}$$$$,-5.62717131
PEPTIDE1{Me_dA.Pr_Gly.meL.meL.T.T.meL}$$$$,-6.00298333
"PEPTIDE1{Me_dA.meL.meL.P.Mono34.meI.T}$PEPTIDE1,PEPTIDE1,1:R1-7:R2$$$",-5.23414706
PEPTIDE1{Me_dA.F.meL.meL.T.T.meL}$$$$,-5.77046260
PEPTIDE1{Me_dA.Pr_Gly.meL.meL.meL.meA.P}$$$$,-5.65365573
PEPTIDE1{Me_dA.Pr_Gly.P.meL.meL.meL.meL}$$$$,-5.69728617
"PEPTIDE1{Me_dA.Pr_Gly.P.meL.meL.meL.meL}$PEPTIDE1,PEPTIDE1,1:R1-7:R2$$$",-5.23120585
PEPTIDE1{meA.L.meF.Sar.meF.meL.meA}$$$$,-5.64279126
"PEPTIDE1{meA.Mono6.dV.Mono7.meA.Sar.meF}$PEPTIDE1,PEPTIDE1,1:R1-7:R2$$$",-5.67047995
PEPTIDE1{Me_dA.Pr_Gly.Pr_Gly.Pr_Gly.meL.T.meL}$$$$,-6.00859381
PEPTIDE1{meA.Me_dA.T.meL.Pr_Gly.Me_dL.T}$$$$,-6.07553333
"PEPTIDE1{Me_dA.meL.T.meL.meL.meL.F}$PEPTIDE1,PEPTIDE1,1:R1-7:R2$$$",-4.91141041
PEPTIDE1{Mono6.meL.V.meL.G.meL.meA}$$$$,-5.66746652
"PEPTIDE1{meA.Me_dA.meV.Sar.P.meL.meA}$PEPTIDE1,PEPTIDE1,1:R1-7:R2$$$",-5.47296401
PEPTIDE1{Me_dA.meS.T.meL.meL.meL.Pr_Gly}$$$$,-5.92700000
PEPTIDE1{Me_dA.Pr_Gly.meL.meL.P.meL.meA}$$$$,-5.79080048
PEPTIDE1{Me_dA.meL.Me_dA.Me_dA.dF.G.meL}$$$$,-5.80047230
"PEPTIDE1{meA.Me_dL.meL.meL.meF.Mono34.Mono34}$PEPTIDE1,PEPTIDE1,1:R1-7:R2$$$",-5.47774477
PEPTIDE1{Me_dA.Pr_Gly.meL.meL.meL.P.meL}$$$$,-5.85718553
"PEPTIDE1{Me_dA.Mono6.Me_dA.Me_dA.meL.T.Me_dA}$PEPTIDE1,PEPTIDE1,1:R1-7:R2$$$",-5.56095589
PEPTIDE1{L.meL.P.P.V.meL.meL}$$$$,-8.17165143
PEPTIDE1{meA.Me_dA.Me_dA.meL.meL.meL.Me_dA}$$$$,-5.45582432
"PEPTIDE1{Me_dA.meL.T.G.meL.meL.I}$PEPTIDE1,PEPTIDE1,1:R1-7:R2$$$",-5.12860274
PEPTIDE1{Me_dA.Pr_Gly.P.meV.meL.meL.meL}$$$$,-5.64055598
PEPTIDE1{ac-.meA.Mono6.Me_dA.L.L.dV}$$$$,-5.80766883
PEPTIDE1{meA.meF.meL.meF.meF.meF.T}$$$$,-5.95189636
PEPTIDE1{meA.meF.meL.meF.Me_dAbu.Mono34.Sar}$$$$,-5.60431919
PEPTIDE1{Me_dA.Pr_Gly.meL.meL.meL.Me_dA.meL}$$$$,-5.67687951
PEPTIDE1{L.meL.meF.meF.meF.meL.Sar}$$$$,-8.17071613
PEPTIDE1{meA.Me_dL.meF.meF.meL.T.meL}$$$$,-5.59859370
PEPTIDE1{Me_dA.Pr_Gly.Pr_Gly.Pr_Gly.meL.T.meL}$$$$,-6.00859381
PEPTIDE1{meA.Me_dA.Mono6.Me_dA.Mono6.L.Mono6}$$$$,-6.09805328
"PEPTIDE1{L.Me_dA.meV.meV.V.Me_dA.meL}$PEPTIDE1,PEPTIDE1,1:R1-7:R2$$$",-5.00031951
PEPTIDE1{ac-.Me_dA.dV.L.meL.L.meL}$$$$,-5.64425204
"PEPTIDE1{Me_dA.dF.meL.meL.P.meL.meL}$PEPTIDE1,PEPTIDE1,1:R1-7:R2$$$",-5.39075457
PEPTIDE1{meA.meF.meL.meL.Me_dA.meF.P}$$$$,-5.54024329
PEPTIDE1{Me_dA.Pr_Gly.T.meL.meL.meL.meA}$$$$,-5.75438875
"PEPTIDE1{meA.meL.meF.meF.Mono34.P.P}$PEPTIDE1,PEPTIDE1,1:R1-7:R2$$$",-5.70800329
"PEPTIDE1{L.Me_dA.P.meL.meA.Mono34.meA}$PEPTIDE1,PEPTIDE1,1:R1-7:R2$$$",-5.35821286
PEPTIDE1{Me_dA.Pr_Gly.meL.meL.dF.Me_Bal.T}$$$$,-5.95951867
"PEPTIDE1{meA.Me_dA.meL.Me_dA.Mono34.meA.meL}$PEPTIDE1,PEPTIDE1,1:R1-7:R2$$$",-5.46682866
"PEPTIDE1{Me_dA.Pr_Gly.meL.meL.meL.Me_dA.meL}$PEPTIDE1,PEPTIDE1,1:R1-7:R2$$$",-5.09973259
PEPTIDE1{Me_dA.meA.Me_dA.meL.L.Me_dL.L}$$$$,-5.51729473
PEPTIDE1{ac-.L.Mono6.Mono6.meL.T.Me_dA}$$$$,-5.87584143
PEPTIDE1{L.meL.meL.P.meA.V.meL}$$$$,-8.00977351
PEPTIDE1{ac-.Me_dA.T.meL.T.Me_dA.Me_dA}$$$$,-6.30245893
PEPTIDE1{Me_dA.meL.meL.meL.P.Me_dAbu.dV}$$$$,-5.57783249
"PEPTIDE1{L.meL.P.pentyl_Gly.dL.meA.meA}$PEPTIDE1,PEPTIDE1,1:R1-7:R2$$$",-5.27380961
"PEPTIDE1{Me_dA.Pr_Gly.meL.meL.P.meL.Me_dA}$PEPTIDE1,PEPTIDE1,1:R1-7:R2$$$",-5.06174516
PEPTIDE1{meA.Me_dL.meL.Me_dA.Mono34.Sar.Mono34}$$$$,-5.66685973
"PEPTIDE1{Me_dA.meL.meL.Mono78.meL.meL.meL}$PEPTIDE1,PEPTIDE1,1:R1-7:R2$$$",-5.61754613
"PEPTIDE1{Me_dA.Pr_Gly.meL.P.meL.P.meL}$PEPTIDE1,PEPTIDE1,1:R1-7:R2$$$",-5.26593957
PEPTIDE1{Me_dA.Pr_Gly.P.T.T.T.L}$$$$,-6.33582079
"PEPTIDE1{meA.Me_dA.Me_dA.Me_dA.Me_dA.Me_dA.Me_dL}$PEPTIDE1,PEPTIDE1,1:R1-7:R2$$$",-5.83242385
PEPTIDE1{L.Me_dL.P.meL.P.T.L}$$$$,-8.02922399
PEPTIDE1{meA.Pr_Gly.T.meL.meL.meL.meL}$$$$,-5.62226792
PEPTIDE1{Mono6.Me_dA.Sar.Pr_Gly.T.meL.T}$$$$,-6.17210000
PEPTIDE1{meA.Me_dL.meL.P.P.T.P}$$$$,-5.83696254
PEPTIDE1{Me_dA.Pr_Gly.meL.P.Me_dA.meL.T}$$$$,-6.01982031
"PEPTIDE1{meA.Me_dA.meA.meL.meA.meA.meF}$PEPTIDE1,PEPTIDE1,1:R1-7:R2$$$",-5.61234010
PEPTIDE1{meA.Sar.meL.meA.G.G.meL}$$$$,-6.11273310
"PEPTIDE1{Me_dA.meL.P.Me_dA.T.T.meL}$PEPTIDE1,PEPTIDE1,1:R1-7:R2$$$",-5.57900727
"PEPTIDE1{meA.Me_dA.T.meL.meL.meA.Mono34}$PEPTIDE1,PEPTIDE1,1:R1-7:R2$$$",-5.31827146
PEPTIDE1{Me_dA.Pr_Gly.meL.meL.meL.G.dL}$$$$,-5.68500344
PEPTIDE1{Me_dA.F.meL.meL.meL.L.T}$$$$,-5.79025576
PEPTIDE1{Me_dA.Pr_Gly.meL.Me_dA.T.meL.meL}$$$$,-5.84382000
PEPTIDE1{Me_dA.meL.meL.T.meL.meL.P}$$$$,-5.67256761
PEPTIDE1{meA.Me_dL.Me_dA.P.T.L.meA}$$$$,-5.93057706
PEPTIDE1{Sar.meL.dV.F.meL.Mono12.Sar}$$$$,-5.89312798
PEPTIDE1{Me_dA.meV.meI.meI.L.P.T}$$$$,-5.77560194
"PEPTIDE1{Me_dA.meL.meL.meL.G.Me_dA.Mono34}$PEPTIDE1,PEPTIDE1,1:R1-7:R2$$$",-5.33839926
PEPTIDE1{meA.Me_dA.Pr_Gly.dL.P.Mono34.meL}$$$$,-5.90068958
"PEPTIDE1{Me_dA.meL.T.P.meL.T.meL}$PEPTIDE1,PEPTIDE1,1:R1-7:R2$$$",-5.40753613
PEPTIDE1{L.meL.Mono6.meL.D.Mono6.P}$$$$,-7.29351429
PEPTIDE1{Me_dA.Pr_Gly.Pr_Gly.meL.meL.meL.meL}$$$$,-5.84027423
PEPTIDE1{Mono6.meL.P.V.Sar.meL.P}$$$$,-5.93767847
PEPTIDE1{ac-.L.L.Mono6.Mono6.dP.T}$$$$,-6.07987660
PEPTIDE1{Me_dA.Pr_Gly.Pr_Gly.P.T.meL.meL}$$$$,-6.02854643
PEPTIDE1{meA.Mono6.Mono6.meL.meA.meF.Me_dA}$$$$,-5.69771237
PEPTIDE1{meA.L.P.T.meA.meA.P}$$$$,-6.21644485
PEPTIDE1{Me_dA.Pr_Gly.T.T.T.T.P}$$$$,-6.49191357
PEPTIDE1{Me_dA.Pr_Gly.meL.meL.meL.meL.meL}$$$$,-5.79847786
PEPTIDE1{Me_dA.Me_dA.Mono6.Me_dA.Me_Bal.Me_dA.Me_Bal}$$$$,-6.33123333
"PEPTIDE1{L.P.V.meA.meL.meA.meA}$PEPTIDE1,PEPTIDE1,1:R1-7:R2$$$",-5.48821304
PEPTIDE1{Me_dA.meL.P.Me_dA.Me_dA.meL.dL}$$$$,-5.62206369
PEPTIDE1{meA.meL.meA.Mono6.meL.Me_dA.Me_Bal}$$$$,-6.03300000
PEPTIDE1{meA.dP.Mono6.T.Sar.meL.-pip}$$$$,-6.01659769
PEPTIDE1{Me_dA.Me_dA.T.T.meL.P.meL}$$$$,-5.91626715
PEPTIDE1{Me_dA.Pr_Gly.Pr_Gly.meL.T.F.meL}$$$$,-6.02093218
PEPTIDE1{Me_dA.Pr_Gly.meL.meL.T.Me_dL.meL}$$$$,-5.68578125
"PEPTIDE1{Me_dA.Pr_Gly.Pr_Gly.T.P.T.meL}$PEPTIDE1,PEPTIDE1,1:R1-7:R2$$$",-5.87028900
"PEPTIDE1{L.meF.meL.meF.Mono34.Sar.Mono34}$PEPTIDE1,PEPTIDE1,1:R1-7:R2$$$",-5.29998683
PEPTIDE1{L.meF.meL.Sar.Mono78.Mono34.P}$$$$,-8.19928041
PEPTIDE1{meA.Sar.meL.Me_dA.Me_dA.Pr_Gly.meL}$$$$,-5.88176125
"PEPTIDE1{Me_dA.T.Pr_Gly.P.Me_dA.meL.meL}$PEPTIDE1,PEPTIDE1,1:R1-7:R2$$$",-5.22174114
PEPTIDE1{Me_dA.Pr_Gly.G.meL.meL.meL.meA}$$$$,-5.75952640
PEPTIDE1{Me_dA.Pr_Gly.meL.meL.meL.Me_dA.Me_dA}$$$$,-5.58894432
PEPTIDE1{meA.T.meL.meL.meL.meL.meL}$$$$,-5.66101810
"PEPTIDE1{L.Me_dA.V.meL.meL.Me_dA.Mono34}$PEPTIDE1,PEPTIDE1,1:R1-7:R2$$$",-5.14685110
"PEPTIDE1{Me_dA.T.meL.P.T.Me_dL.dL}$PEPTIDE1,PEPTIDE1,1:R1-5:R3$$$",-5.49762673
PEPTIDE1{Me_dA.Pr_Gly.Pr_Gly.T.meL.meL.meL}$$$$,-5.81760784
PEPTIDE1{Me_dA.Pr_Gly.meL.meL.meL.meL.meL}$$$$,-5.79847786
PEPTIDE1{ac-.Me_dA.L.P.P.P.meF}$$$$,-6.06399301
PEPTIDE1{ac-.Me_dA.dV.P.Pr_Gly.T.P}$$$$,-6.73409646
PEPTIDE1{Me_dA.Pr_Gly.meL.meL.meL.meL.meL}$$$$,-5.79847786
"PEPTIDE1{meA.Me_dL.Me_dA.meV.Me_dA.Me_dA.meV}$PEPTIDE1,PEPTIDE1,1:R1-7:R2$$$",-5.49409136
"PEPTIDE1{L.meF.Me_dAbu.meL.P.Mono34.meA}$PEPTIDE1,PEPTIDE1,1:R1-7:R2$$$",-5.36786512
PEPTIDE1{ac-.Me_dA.T.P.Me_dL.Pr_Gly.meL}$$$$,-5.96271548
PEPTIDE1{meA.Me_dA.T.meL.meL.meL.meL}$$$$,-5.51318542
PEPTIDE1{meA.meF.meL.meA.meA.meL.meA}$$$$,-5.49980590
"PEPTIDE1{Me_dA.Pr_Gly.meL.P.Pr_Gly.meL.dF}$PEPTIDE1,PEPTIDE1,1:R1-7:R2$$$",-5.13208640
PEPTIDE1{meA.Me_dA.Me_dA.T.Pr_Gly.meL.T}$$$$,-6.11296932
"PEPTIDE1{meA.Me_dL.Me_dAbu.meL.Sar.P.Mono34}$PEPTIDE1,PEPTIDE1,1:R1-7:R2$$$",-5.30093008
PEPTIDE1{ac-.Me_dA.Me_Bal.Me_Bal.Me_dA.meL.L}$$$$,-5.98052000
"PEPTIDE1{meA.Me_Phe(3-Cl).meL.meL.T.T.meV}$PEPTIDE1,PEPTIDE1,1:R1-7:R2$$$",-5.15642238
PEPTIDE1{ac-.Me_dA.A.L.meA.Me_dA.Mono6}$$$$,-6.15548460
PEPTIDE1{meA.Pr_Gly.meA.Me_dA.Me_dA.T.meA}$$$$,-6.62623333
"PEPTIDE1{meA.Me_dA.T.P.T.meL.meL}$PEPTIDE1,PEPTIDE1,1:R1-7:R2$$$",-5.53197714
PEPTIDE1{Me_dA.Pr_Gly.T.meL.T.meL.P}$$$$,-5.97698000
"PEPTIDE1{meA.T.meF.Ser(tBu).Ser(tBu).Me_dL.meA}$PEPTIDE1,PEPTIDE1,1:R1-7:R2$$$",-5.12446780
PEPTIDE1{Me_dA.Pr_Gly.meL.meL.T.T.meL}$$$$,-6.00298333
PEPTIDE1{meA.Mono6.Me_dA.meL.dA.V.Me_dA}$$$$,-6.08373286
PEPTIDE1{Me_dA.Pr_Gly.meL.meL.dF.meL.dL}$$$$,-5.81510252
PEPTIDE1{L.Me_dA.meV.meL.P.meF.meA}$$$$,-8.05927373
PEPTIDE1{Me_dA.Pr_Gly.Pr_Gly.Pr_Gly.T.Pr_Gly.F}$$$$,-6.24690615
PEPTIDE1{L.Me_dA.Mono34.Mono6.meL.Sar.P}$$$$,-7.48933036
PEPTIDE1{meA.L.L.T.meL.meL.meA}$$$$,-5.81580909
PEPTIDE1{Me_dA.meA.V.G.meL.meL.meL}$$$$,-5.62935860
PEPTIDE1{ac-.Me_dA.T.Me_dA.Me_dA.Me_dA.dV}$$$$,-6.57559895
PEPTIDE1{Me_dA.Pr_Gly.Pr_Gly.Me_dL.P.meL.meL}$$$$,-5.91528622
"PEPTIDE1{Me_dA.P.T.L.Mono11.meL.meL}$PEPTIDE1,PEPTIDE1,1:R1-7:R2$$$",-5.29484168
PEPTIDE1{Me_dA.F.T.P.meL.L.meL}$$$$,-5.87094768
"PEPTIDE1{L.meA.Me_dA.Me_dA.meL.P.Mono34}$PEPTIDE1,PEPTIDE1,1:R1-7:R2$$$",-5.27137804
PEPTIDE1{ac-.Mono6.Mono6.Mono6.Mono6.P.Mono6}$$$$,-6.16757356
PEPTIDE1{Me_dA.Pr_Gly.meL.meL.dF.dF.L}$$$$,-5.88214857
"PEPTIDE1{meA.Me_dL.meL.Me_dA.Mono34.Sar.Mono34}$PEPTIDE1,PEPTIDE1,1:R1-7:R2$$$",-5.41866486
"PEPTIDE1{meA.Me_dA.meL.Et_Gly.Me_dAbu.Mono34.Mono34}$PEPTIDE1,PEPTIDE1,1:R1-7:R2$$$",-5.49780975
PEPTIDE1{L.meF.meL.meF.Mono34.meL.meL}$$$$,-8.51240000
PEPTIDE1{Me_dA.Pr_Gly.Pr_Gly.T.meL.meL.meA}$$$$,-5.99350875
PEPTIDE1{Me_dA.Me_dA.T.meL.T.meL.meL}$$$$,-5.99653333
PEPTIDE1{meA.P.Pr_Gly.P.V.dL.meA}$$$$,-6.24383914
PEPTIDE1{L.meL.meL.meF.meL.P.meA}$$$$,-8.32242857
"PEPTIDE1{Me_dA.Me_dA.Me_dA.Pr_Gly.G.P.Me_dA}$PEPTIDE1,PEPTIDE1,1:R1-7:R2$$$",-5.87602682
PEPTIDE1{Me_dA.Pr_Gly.Pr_Gly.P.T.Pr_Gly.P}$$$$,-6.33758210
"PEPTIDE1{Me_dA.Pr_Gly.F.meL.meL.meL.meL}$PEPTIDE1,PEPTIDE1,1:R1-7:R2$$$",-5.06857255
PEPTIDE1{meA.meF.P.T.dA.Mono12.meA}$$$$,-5.92278500
PEPTIDE1{meA.meF.meL.meL.P.Mono34.L}$$$$,-5.94041030
PEPTIDE1{Me_dA.Me_dA.meL.meL.meL.meL.Sar}$$$$,-5.38691043
PEPTIDE1{Me_dA.F.meL.meL.Mono7.meL.meL}$$$$,-5.85668375
"PEPTIDE1{L.Me_dL.P.Mono34.L.P.Mono34}$PEPTIDE1,PEPTIDE1,1:R1-7:R2$$$",-5.82287570
"PEPTIDE1{Me_dA.Pr_Gly.meL.L.P.meL.dL}$PEPTIDE1,PEPTIDE1,1:R1-7:R2$$$",-5.30901887
PEPTIDE1{meA.meA.meL.Me_dA.T.T.T}$$$$,-6.35248750
PEPTIDE1{Me_dA.Pr_Gly.meL.Mono6.P.T.meL}$$$$,-5.94501667
PEPTIDE1{Me_dA.meL.T.meL.dF.Me_dL.Me_dA}$$$$,-5.59931416
"PEPTIDE1{meA.P.F.F.meL.L.T}$PEPTIDE1,PEPTIDE1,1:R1-7:R2$$$",-5.52821755
PEPTIDE1{Me_dA.Pr_Gly.meL.P.meL.meL.meL}$$$$,-5.84208172
"PEPTIDE1{meA.Me_dA.meA.T.meL.Me_dA.Mono34}$PEPTIDE1,PEPTIDE1,1:R1-7:R2$$$",-5.61895522
PEPTIDE1{Me_dA.Pr_Gly.P.meL.meL.meL.meL}$$$$,-5.69728617
PEPTIDE1{meA.meA.meF.Sar.Mono6.P.F}$$$$,-5.84097758
"PEPTIDE1{meA.meF.Sar.P.meL.P.meA}$PEPTIDE1,PEPTIDE1,1:R1-7:R2$$$",-5.74294195
"PEPTIDE1{L.P.meV.T.Me_dA.meV.meL}$PEPTIDE1,PEPTIDE1,1:R1-7:R2$$$",-5.10534674
PEPTIDE1{Me_dA.Pr_Gly.meL.meL.meL.meL.meL}$$$$,-5.79847786
PEPTIDE1{Me_dA.Pr_Gly.Pr_Gly.T.meL.T.meL}$$$$,-6.02623275
PEPTIDE1{ac-.meA.Me_dA.Mono6.Me_dA.dA.dV}$$$$,-6.21293333
PEPTIDE1{L.P.V.V.meL.Me_Bal.Me_dL}$$$$,-7.52463036
PEPTIDE1{L.meF.meF.P.T.P.P}$$$$,-8.23098831
PEPTIDE1{L.Me_dL.meL.Sar.P.Mono34.Mono6}$$$$,-7.88909702
PEPTIDE1{L.meL.T.P.P.P.V}$$$$,-6.50924382
PEPTIDE1{meA.meF.meA.meL.meA.meA.P}$$$$,-5.69362332
PEPTIDE1{Me_dA.Pr_Gly.T.meL.meL.I.meA}$$$$,-5.82792718
"PEPTIDE1{Me_dA.Pr_Gly.P.Me_dA.meL.meL.I}$PEPTIDE1,PEPTIDE1,1:R1-7:R2$$$",-5.05874722
PEPTIDE1{L.meL.meF.meL.Sar.Mono34.L}$$$$,-8.10332468
"PEPTIDE1{L.meF.P.Mono34.meA.meA.Mono34}$PEPTIDE1,PEPTIDE1,1:R1-7:R2$$$",-5.40721039
PEPTIDE1{Me_dA.Pr_Gly.G.F.meL.P.meL}$$$$,-5.88862939
PEPTIDE1{meA.meL.Sar.dL.Mono7.Mono34.Sar}$$$$,-5.96783250
"PEPTIDE1{Me_dA.meL.meL.P.meL.T.P}$PEPTIDE1,PEPTIDE1,1:R1-7:R2$$$",-5.59012897
"PEPTIDE1{Me_dA.Pr_Gly.T.meL.meI.meL.meL}$PEPTIDE1,PEPTIDE1,1:R1-7:R2$$$",-5.01687923
PEPTIDE1{meA.Me_dA.T.Pr_Gly.T.T.Me_dA}$$$$,-6.32795841
PEPTIDE1{meA.L.meL.T.meL.Mono34.meL}$$$$,-5.76218330
PEPTIDE1{ac-.Me_dA.Me_dA.T.L.dF.P}$$$$,-6.17974325
PEPTIDE1{Me_dA.Pr_Gly.T.meL.T.T.T}$$$$,-6.34786770
PEPTIDE1{Me_dA.L.meL.meL.Me_dA.T.meL}$$$$,-5.71114784
PEPTIDE1{Me_dA.T.meL.T.meL.meL.Sar}$$$$,-5.98060000
PEPTIDE1{Me_dA.Pr_Gly.F.L.meL.P.Me_dA}$$$$,-5.80378092
PEPTIDE1{A.Me_dA.Pr_Gly.Pr_Gly.meL.meL.meL}$$$$,-7.77814286
PEPTIDE1{meA.meA.meA.meL.meL.Sar.G}$$$$,-5.99035233
"PEPTIDE1{Me_dA.Me_dA.T.T.P.meL.meL}$PEPTIDE1,PEPTIDE1,1:R1-7:R2$$$",-5.55639527
"PEPTIDE1{L.Me_dA.meV.T.Me_dA.Sar.Me_dA}$PEPTIDE1,PEPTIDE1,1:R1-7:R2$$$",-5.69501939
PEPTIDE1{Me_dA.meL.meL.T.G.meL.meL}$$$$,-5.69778052
"PEPTIDE1{L.meF.meL.meF.Sar.Me_dA.P}$PEPTIDE1,PEPTIDE1,1:R1-7:R2$$$",-5.34885534
PEPTIDE1{Me_dA.meL.meL.meL.G.Pr_Gly.Nle}$$$$,-5.83924510
PEPTIDE1{meA.meA.dV.T.T.T.L}$$$$,-6.33905429
PEPTIDE1{Me_dA.meL.Me_dA.dF.dL.meL.T}$$$$,-5.79851582
PEPTIDE1{Me_dA.meL.meL.meL.meL.meL.meL}$$$$,-6.01440048
PEPTIDE1{meA.Me_dA.P.meV.meL.meL.meL}$$$$,-5.48548975
PEPTIDE1{Me_dA.meL.meL.T.T.meL.dL}$$$$,-5.80982576
PEPTIDE1{meA.P.meL.meL.T.meL.meA}$$$$,-5.77837992
PEPTIDE1{Me_dA.Pr_Gly.P.Me_dA.T.P.Me_dA}$$$$,-6.31447000
PEPTIDE1{ac-.Mono6.Mono6.Me_dA.dV.meL.meL}$$$$,-5.61781952
PEPTIDE1{L.meF.Me_dA.meL.P.Mono34.-pip}$$$$,-7.59792813
PEPTIDE1{Me_dA.meL.meL.P.meL.meA.meA}$$$$,-5.61274469
PEPTIDE1{Me_dA.Pr_Gly.Pr_Gly.T.P.meL.meL}$$$$,-6.00971816
PEPTIDE1{L.Me_dA.meL.Sar.P.Me_dNva.Sar}$$$$,-7.75045000
PEPTIDE1{Mono6.meL.V.V.I.L.meA}$$$$,-5.82845622
PEPTIDE1{meA.Me_dA.dV.meL.meL.Me_dA.Me_dA}$$$$,-5.67708257
PEPTIDE1{Me_dA.Pr_Gly.meL.meL.meL.meL.T}$$$$,-5.65259792
PEPTIDE1{L.Me_dA.T.Sar.meL.V.meA}$$$$,-7.53267143
PEPTIDE1{meA.Me_dA.Mono6.Mono6.L.meL.Me_dA}$$$$,-5.86920476
"PEPTIDE1{Me_dA.dV.G.Mono6.Mono6.Mono6.meL}$PEPTIDE1,PEPTIDE1,1:R1-7:R2$$$",-5.95904951
"PEPTIDE1{Me_dA.Pr_Gly.F.P.meL.meL.I}$PEPTIDE1,PEPTIDE1,1:R1-7:R2$$$",-5.10060432
PEPTIDE1{meA.meA.meF.meF.Sar.Me_Bal.-pip}$$$$,-5.46563486
"PEPTIDE1{Me_dA.Pr_Gly.meL.meL.meL.G.meL}$PEPTIDE1,PEPTIDE1,1:R1-7:R2$$$",-5.12369253
PEPTIDE1{ac-.meA.meL.meL.Me_Bal.dV.T}$$$$,-5.85637143
PEPTIDE1{Me_dA.meL.T.Me_dL.I.meL.meL}$$$$,-5.62112286
"PEPTIDE1{L.meL.Mono6.Mono78.Sar.Me_dA.Mono34}$PEPTIDE1,PEPTIDE1,1:R1-7:R2$$$",-5.69323861
"PEPTIDE1{L.Me_dA.P.meL.P.T.meL}$PEPTIDE1,PEPTIDE1,1:R1-6:R3$$$",-6.00903048
PEPTIDE1{ac-.meA.Mono6.Mono6.Mono6.Mono6.Mono6}$$$$,-6.18047500
PEPTIDE1{meA.P.A.A.A.A.T}$$$$,-6.54154048
PEPTIDE1{Me_dA.meL.meL.F.Me_dL.T.Me_dL}$$$$,-5.53905744
PEPTIDE1{Me_dA.Pr_Gly.T.T.T.meL.meL}$$$$,-6.19116346
"PEPTIDE1{meA.cHexCH2_Gly.P.P.P.G.T}$PEPTIDE1,PEPTIDE1,1:R1-7:R2$$$",-6.90819023
PEPTIDE1{Me_dA.Pr_Gly.Pr_Gly.meL.meL.meL.meL}$$$$,-5.84027423
PEPTIDE1{Me_dA.Pr_Gly.Pr_Gly.T.P.Me_dA.Pr_Gly}$$$$,-6.32362443
PEPTIDE1{Me_dA.Pr_Gly.P.Me_dA.meL.meL.Me_dA}$$$$,-5.70659715
PEPTIDE1{meA.Me_dL.Me_dA.T.Sar.Mono78.meL}$$$$,-5.83679988
"PEPTIDE1{Me_dA.Pr_Gly.P.meL.meL.meL.meL}$PEPTIDE1,PEPTIDE1,1:R1-7:R2$$$",-5.23120585
PEPTIDE1{Me_dA.Me_dA.meL.G.meL.meL.meL}$$$$,-5.47588436
PEPTIDE1{Me_dA.Me_dA.L.P.meL.meL.meL}$$$$,-5.59194456
PEPTIDE1{ac-.meA.Me_Bal.dV.meF.P.P}$$$$,-5.84180556
PEPTIDE1{Me_dA.Pr_Gly.meL.P.meL.meL.P}$$$$,-5.81513694
PEPTIDE1{Me_dA.T.T.Pr_Gly.meL.meL.meL}$$$$,-5.97070000
PEPTIDE1{L.meF.P.P.P.Mono34.P}$$$$,-7.60535695
PEPTIDE1{Mono6.meL.V.Pr_Gly.Pr_Gly.V.meL}$$$$,-5.89361671
PEPTIDE1{meA.Me_dA.meL.meA.Me_dA.meF.meA}$$$$,-5.98863695
PEPTIDE1{Me_dA.Pr_Gly.Pr_Gly.P.meL.L.L}$$$$,-6.03642298
"PEPTIDE1{Me_dA.Pr_Gly.T.meL.meL.meL.meL}$PEPTIDE1,PEPTIDE1,1:R1-7:R2$$$",-4.98995534
"PEPTIDE1{Me_dA.Pr_Gly.T.P.meL.meL.meL}$PEPTIDE1,PEPTIDE1,1:R1-7:R2$$$",-5.06793040
PEPTIDE1{ac-.Me_dA.Me_dA.dV.T.T.T}$$$$,-6.38893852
PEPTIDE1{ac-.Me_dA.T.Me_dA.Mono6.P.Me_dA}$$$$,-6.28519985
PEPTIDE1{Me_dA.Pr_Gly.Pr_Gly.Pr_Gly.meL.meL.meL}$$$$,-5.83957675
PEPTIDE1{Me_dA.Pr_Gly.meL.meL.Mono1.meL.meL}$$$$,-5.86829387
PEPTIDE1{meA.L.meL.S.dV.dA.A}$$$$,-6.15937953
"PEPTIDE1{meA.Me_dA.meL.Sar.meL.meL.meA}$PEPTIDE1,PEPTIDE1,1:R1-7:R2$$$",-5.34920233
PEPTIDE1{meA.Mono6.meL.Sar.meA.Me_Bal.P}$$$$,-6.34903333
PEPTIDE1{L.Me_dA.T.L.Me_dA.meF.-pip}$$$$,-6.99993750
"PEPTIDE1{Me_dA.Pr_Gly.meL.T.T.dL.meL}$PEPTIDE1,PEPTIDE1,1:R1-4:R3|PEPTIDE1,PEPTIDE1,1:R1-5:R3$$$",-6.05116139
PEPTIDE1{L.P.V.V.Sar.Sar.meL}$$$$,-7.62090000
"PEPTIDE1{L.Me_dAbu.P.Mono34.meA.meA.meA}$PEPTIDE1,PEPTIDE1,1:R1-7:R2$$$",-5.56587431
PEPTIDE1{Me_dA.Pr_Gly.T.meL.meL.meL.meL}$$$$,-5.62226792
"PEPTIDE1{Me_dA.Pr_Gly.P.T.P.Me_dA.meL}$PEPTIDE1,PEPTIDE1,1:R1-7:R2$$$",-6.02494602
PEPTIDE1{ac-.Me_dA.dV.Me_dA.dV.meL.Pr_Gly}$$$$,-5.95036222
PEPTIDE1{L.meL.P.V.meA.V.meA}$$$$,-7.53516333
PEPTIDE1{meA.P.T.meL.T.meL.Me_dA}$$$$,-5.98199226
PEPTIDE1{Me_dA.Pr_Gly.T.meL.meL.meL.meL}$$$$,-5.62226792
PEPTIDE1{Me_dA.Pr_Gly.Pr_Gly.Pr_Gly.T.Pr_Gly.T}$$$$,-6.33778977
PEPTIDE1{Me_dA.Pr_Gly.T.Pr_Gly.T.F.meL}$$$$,-6.30644203
PEPTIDE1{L.P.meV.V.meL.meL.meA}$$$$,-7.91102018
PEPTIDE1{Me_dA.Pr_Gly.meL.meL.meL.T.meL}$$$$,-5.65905125
PEPTIDE1{Me_dA.Pr_Gly.meL.meL.meL.meL.T}$$$$,-5.65259792
PEPTIDE1{meA.Me_dA.T.meL.Me_dA.meV.meA}$$$$,-6.30936667
PEPTIDE1{Me_dA.Pr_Gly.meL.meL.meL.meL.meL}$$$$,-5.79847786
"PEPTIDE1{meA.Me_dL.meA.T.meL.meA.T}$PEPTIDE1,PEPTIDE1,1:R1-7:R2$$$",-5.53728182
PEPTIDE1{ac-.L.Me_Bal.Mono6.Mono6.Mono6.Mono6}$$$$,-6.18490129
PEPTIDE1{Me_dA.Pr_Gly.Pr_Gly.T.T.meL.meL}$$$$,-6.03919322
"PEPTIDE1{Me_dA.T.meL.G.meL.meL.meL}$PEPTIDE1,PEPTIDE1,1:R1-7:R2$$$",-5.05665916
PEPTIDE1{Me_dA.Pr_Gly.Pr_Gly.T.meL.meL.meL}$$$$,-5.81760784
PEPTIDE1{Me_dA.Pr_Gly.T.meL.meL.T.meL}$$$$,-5.95683333
"PEPTIDE1{Me_dA.Me_dA.T.T.meL.meL.meL}$PEPTIDE1,PEPTIDE1,1:R1-7:R2$$$",-5.48732961
PEPTIDE1{ac-.Me_dA.Me_dA.T.P.dV.L}$$$$,-6.16396815
PEPTIDE1{L.meF.Me_dAbu.P.Mono34.T.meL}$$$$,-8.30679921
PEPTIDE1{L.Me_dA.meL.P.dL.meA.Mono78}$$$$,-8.22225114
PEPTIDE1{Me_dA.Me_dA.meL.meL.meL.meL.Me_dA}$$$$,-5.45159043
PEPTIDE1{Me_dA.Pr_Gly.meL.meL.meL.Me_dA.Pr_Gly}$$$$,-5.57666452
"PEPTIDE1{Me_dA.Me_dA.meL.dP.Me_dA.meL.meL}$PEPTIDE1,PEPTIDE1,1:R1-7:R2$$$",-5.10401909
PEPTIDE1{Me_dA.Pr_Gly.meL.T.P.meL.L}$$$$,-5.86229220
"PEPTIDE1{meA.Sar.meL.meL.Sar.P.Mono34}$PEPTIDE1,PEPTIDE1,1:R1-7:R2$$$",-5.65927513
PEPTIDE1{meA.Me_dL.Me_dAbu.meL.P.P.Mono34}$$$$,-5.82385557
PEPTIDE1{Me_dA.Pr_Gly.Pr_Gly.P.meL.T.P}$$$$,-6.14440773
PEPTIDE1{Me_dA.meL.meL.T.meL.meL.meL}$$$$,-5.67303476
PEPTIDE1{L.Me_dL.Me_dL.meF.meF.meL.Mono6}$$$$,-8.14026000
PEPTIDE1{L.meF.meL.meF.meF.meF.meF}$$$$,-8.44810000
"PEPTIDE1{Me_dA.Pr_Gly.P.meL.P.Me_dA.meL}$PEPTIDE1,PEPTIDE1,1:R1-7:R2$$$",-5.39334862
"PEPTIDE1{L.Me_dA.meV.meV.T.Me_dA.meL}$PEPTIDE1,PEPTIDE1,1:R1-7:R2$$$",-5.09361566
PEPTIDE1{Me_dA.Me_dA.Mono6.Mono6.dP.T.meL}$$$$,-6.09531991
"PEPTIDE1{Me_dA.meL.G.Me_dL.T.meL.Sar}$PEPTIDE1,PEPTIDE1,1:R1-7:R2$$$",-5.52306848
"PEPTIDE1{Me_dA.Pr_Gly.meL.T.meL.meL.F}$PEPTIDE1,PEPTIDE1,1:R1-4:R3|PEPTIDE1,PEPTIDE1,1:R1-7:R2$$$",-5.67726624
PEPTIDE1{Me_dA.Pr_Gly.Pr_Gly.Pr_Gly.Pr_Gly.T.T}$$$$,-6.36208977
PEPTIDE1{Me_dA.Pr_Gly.Pr_Gly.Pr_Gly.Pr_Gly.T.meL}$$$$,-6.30527167
PEPTIDE1{meA.meL.meL.meL.meL.meL.Sar}$$$$,-5.61399452
PEPTIDE1{L.P.Mono34.Mono78.P.Mono34.-pip}$$$$,-5.94691291
"PEPTIDE1{L.Me_dA.V.Me_dA.meV.meL.meL}$PEPTIDE1,PEPTIDE1,1:R1-7:R2$$$",-5.08151656
PEPTIDE1{L.Me_dA.meL.meL.Me_dA.Sar.-pip}$$$$,-6.82327778
"PEPTIDE1{Me_dA.meL.Mono90.meL.meL.Sar.T}$PEPTIDE1,PEPTIDE1,1:R1-7:R2$$$",-4.95548281
PEPTIDE1{L.meF.meL.Sar.Mono34.meA.Sar}$$$$,-7.78998750
PEPTIDE1{L.meL.meL.meF.Mono34.Mono6.Me_Bal}$$$$,-8.15180889
"PEPTIDE1{Me_dA.Pr_Gly.T.T.meI.P.meL}$PEPTIDE1,PEPTIDE1,1:R1-7:R2$$$",-5.41402413
PEPTIDE1{Me_dA.meL.Me_Bal.Mono7.meL.F.Sar}$$$$,-5.79625417
PEPTIDE1{Me_dA.Pr_Gly.G.meL.meL.meA.T}$$$$,-6.08525333
PEPTIDE1{L.Me_dA.meV.meV.meV.meV.meL}$$$$,-7.70175143
PEPTIDE1{ac-.L.Me_Bal.T.meL.meL.P}$$$$,-5.79809069
PEPTIDE1{Me_dA.Me_dA.G.T.L.meL.Me_dA}$$$$,-6.11198667
"PEPTIDE1{Me_dA.Pr_Gly.meL.P.G.meL.meA}$PEPTIDE1,PEPTIDE1,1:R1-7:R2$$$",-5.38152631
"PEPTIDE1{L.Me_dA.T.L.Me_dA.Me_dA.Mono34}$PEPTIDE1,PEPTIDE1,1:R1-7:R2$$$",-5.70110404
PEPTIDE1{ac-.Me_dA.L.L.meL.L.Sar}$$$$,-5.74513561
PEPTIDE1{Me_dA.Pr_Gly.meL.Me_dL.meL.Me_dA.meL}$$$$,-5.67687951
PEPTIDE1{meA.F.P.P.Sar.L.L}$$$$,-6.30854827
PEPTIDE1{ac-.Me_dA.dV.meL.Mono6.Mono6.Mono6}$$$$,-5.89243189
"PEPTIDE1{meA.L.meF.meF.meF.meF.T}$PEPTIDE1,PEPTIDE1,1:R1-7:R2$$$",-5.35926742
"PEPTIDE1{L.Sar.meL.meF.Mono34.L.Mono34}$PEPTIDE1,PEPTIDE1,1:R1-7:R2$$$",-5.50573978
PEPTIDE1{Mono6.meL.V.meA.meA.V.meL}$$$$,-5.66318143
PEPTIDE1{Me_dA.meL.Pr_Gly.P.meL.Mono78.meL}$$$$,-6.12241088
PEPTIDE1{meA.Me_dA.meV.meL.Me_dA.Mono34.meL}$$$$,-5.62962432
PEPTIDE1{Me_dA.T.meL.meL.G.meL.meL}$$$$,-5.68309576
"PEPTIDE1{meA.Me_dA.L.P.meL.P.Mono34}$PEPTIDE1,PEPTIDE1,1:R1-7:R2$$$",-5.66009760
PEPTIDE1{meA.Me_dA.T.T.T.meL.meL}$$$$,-6.23933333
PEPTIDE1{L.Me_dA.meL.meL.P.meF.meA}$$$$,-8.04188806
"PEPTIDE1{Me_dA.Pr_Gly.T.T.meL.meL.P}$PEPTIDE1,PEPTIDE1,1:R1-7:R2$$$",-5.42183186
PEPTIDE1{Me_dA.meA.T.P.T.L.P}$$$$,-5.88301009
PEPTIDE1{Me_dA.Pr_Gly.meL.Pr_Gly.Pr_Gly.T.meL}$$$$,-6.12007571
PEPTIDE1{L.meL.V.meL.meL.Me_dA.meL}$$$$,-7.88835143
PEPTIDE1{Me_dA.Pr_Gly.Pr_Gly.Pr_Gly.meL.meL.meL}$$$$,-5.83957675
PEPTIDE1{meA.meL.V.V.V.I.meL}$$$$,-5.69243490
"PEPTIDE1{L.Me_dA.V.Me_dA.meL.Me_dA.meL}$PEPTIDE1,PEPTIDE1,1:R1-7:R2$$$",-5.18226154
"PEPTIDE1{meA.Me_dA.meL.meL.Me_dA.meA.meF}$PEPTIDE1,PEPTIDE1,1:R1-7:R2$$$",-5.42344250
PEPTIDE1{meA.meA.Sar.meA.meL.dV.V}$$$$,-6.05004310
PEPTIDE1{Me_dA.Me_dA.T.meL.dF.L.meL}$$$$,-5.78608249
PEPTIDE1{Me_dA.F.meL.meL.P.Me_dA.meL}$$$$,-5.72399945
"PEPTIDE1{Me_dA.Pr_Gly.meL.meL.dF.G.F}$PEPTIDE1,PEPTIDE1,1:R1-7:R2$$$",-5.32182096
PEPTIDE1{Me_dA.Pr_Gly.meL.meL.meL.meL.meL}$$$$,-5.79847786
PEPTIDE1{Me_dA.Pr_Gly.Pr_Gly.Pr_Gly.Pr_Gly.Me_dL.meL}$$$$,-5.90380601
PEPTIDE1{Me_dA.Pr_Gly.meL.P.meL.meL.dL}$$$$,-5.92840559
PEPTIDE1{meA.meF.Sar.Me_Bal.Mono34.T.Sar}$$$$,-5.95596299
PEPTIDE1{ac-.L.L.meL.Sar.Me_Bal.T}$$$$,-6.00883833
PEPTIDE1{Mono6.L.Sar.Sar.meL.P.dV}$$$$,-5.99502722
PEPTIDE1{Me_dA.Me_dA.T.P.L.meL.T}$$$$,-5.93085726
PEPTIDE1{Mono6.meL.P.Me_Bal.Mono12.meA.Me_dA}$$$$,-6.12493796
PEPTIDE1{Me_dA.Pr_Gly.G.A.T.T.meL}$$$$,-6.18863496
PEPTIDE1{L.meL.meF.T.P.Mono34.meA}$$$$,-8.20563973
"PEPTIDE1{meA.Me_dL.meF.meL.meL.Me_dAbu.Mono34}$PEPTIDE1,PEPTIDE1,1:R1-7:R2$$$",-5.17921033
PEPTIDE1{meA.Me_dL.meF.meA.P.meA.meA}$$$$,-5.73549388
PEPTIDE1{ac-.P.T.meL.P.T.T}$$$$,-6.53521023
PEPTIDE1{meA.meS.V.meA.meV.meA.meA}$$$$,-6.47664167
PEPTIDE1{L.meL.L.L.meA.meL.Me_dA}$$$$,-7.73978421
"PEPTIDE1{L.P.V.meL.meL.meA.Mono34}$PEPTIDE1,PEPTIDE1,1:R1-7:R2$$$",-5.24696425
PEPTIDE1{Me_dA.Pr_Gly.T.F.meL.meL.meL}$$$$,-5.72323291
"PEPTIDE1{Me_dA.Pr_Gly.T.P.meL.Sar.P}$PEPTIDE1,PEPTIDE1,1:R1-7:R2$$$",-5.99696180
"PEPTIDE1{Me_dA.Pr_Gly.meF.P.P.meL.meL}$PEPTIDE1,PEPTIDE1,1:R1-7:R2$$$",-5.41214339
"PEPTIDE1{Me_dA.Pr_Gly.T.P.T.meL.P}$PEPTIDE1,PEPTIDE1,1:R1-7:R2$$$",-6.19718832
"PEPTIDE1{Me_dA.Pr_Gly.meL.P.meL.meL.meL}$PEPTIDE1,PEPTIDE1,1:R1-7:R2$$$",-5.18133991
"PEPTIDE1{Me_dA.Pr_Gly.Pr_Gly.meL.T.meL.dL}$PEPTIDE1,PEPTIDE1,1:R1-7:R2$$$",-5.28822322
PEPTIDE1{Me_dA.Pr_Gly.T.P.T.T.T}$$$$,-6.29697192
PEPTIDE1{Me_dA.T.T.meL.meL.meL.meL}$$$$,-5.66071875
PEPTIDE1{meA.Me_dA.P.T.T.T.meL}$$$$,-6.15693817
PEPTIDE1{Me_dA.F.dL.meL.Me_dL.meL.meL}$$$$,-5.84393053
PEPTIDE1{L.meF.meL.Sar.P.Mono34.Sar}$$$$,-7.96073750
"PEPTIDE1{L.meL.Me_dA.Pr_Gly.Mono6.Me_Bal.Mono34}$PEPTIDE1,PEPTIDE1,1:R1-7:R2$$$",-5.33013023
PEPTIDE1{Me_dA.Pr_Gly.T.meL.meL.meL.meL}$$$$,-5.62226792
"PEPTIDE1{meA.meL.meL.meF.meA.T.T}$PEPTIDE1,PEPTIDE1,1:R1-6:R3$$$",-5.58987980
PEPTIDE1{ac-.Me_dA.L.P.L.Mono6.P}$$$$,-6.02501262
"PEPTIDE1{L.Me_dA.meL.meL.P.Pr_Gly.Mono34}$PEPTIDE1,PEPTIDE1,1:R1-7:R2$$$",-5.20348564
PEPTIDE1{ac-.L.meL.meL.P.meA.-pip}$$$$,-5.31353428
PEPTIDE1{ac-.L.Me_Bal.Mono6.P.Mono34.meL}$$$$,-5.91188296
PEPTIDE1{L.meL.P.V.meL.meL.P}$$$$,-8.22440143
"PEPTIDE1{Me_dA.Pr_Gly.meL.meL.meL.meL.P}$PEPTIDE1,PEPTIDE1,1:R1-7:R2$$$",-5.18011307
PEPTIDE1{Me_dA.Pr_Gly.meL.meL.meL.meL.meL}$$$$,-5.79847786
PEPTIDE1{dA.A.meL.T.T.meL.meL}$$$$,-7.86382500
PEPTIDE1{Mono6.Sar.Sar.meL.Me_dA.meA.meL}$$$$,-6.12292792
PEPTIDE1{meA.meL.V.meL.T.meL.meL}$$$$,-5.56144175
PEPTIDE1{L.Me_dA.meL.Sar.Et_Gly.Mono34.-pip}$$$$,-6.75670000
PEPTIDE1{Me_dA.meL.meL.dP.meL.Me_dA.meA}$$$$,-5.61274469
"PEPTIDE1{meA.L.Me_dNva.dP.P.P.meY}$PEPTIDE1,PEPTIDE1,1:R1-7:R2$$$",-6.08132835
PEPTIDE1{meA.meL.Mono6.L.P.Mono34.meA}$$$$,-5.95090149
"PEPTIDE1{meA.Me_dL.Me_dA.meL.L.Me_dA.Mono34}$PEPTIDE1,PEPTIDE1,1:R1-7:R2$$$",-5.32643644
PEPTIDE1{Me_dA.F.meL.T.Me_dL.I.meL}$$$$,-5.78139866
"PEPTIDE1{meA.meF.T.meL.Sar.meL.P}$PEPTIDE1,PEPTIDE1,1:R1-7:R2$$$",-5.14202346
PEPTIDE1{Me_dA.Pr_Gly.Pr_Gly.F.meL.meL.meL}$$$$,-5.84854891
PEPTIDE1{Me_dA.Pr_Gly.dL.P.meL.meL.meL}$$$$,-5.78960876
PEPTIDE1{L.meF.Sar.Sar.Me_Bal.P.dL}$$$$,-7.29335893
PEPTIDE1{Me_dA.Pr_Gly.meL.meL.P.meL.meL}$$$$,-5.81399386
PEPTIDE1{Me_dA.Pr_Gly.meL.meL.Mono2.meL.P}$$$$,-5.84712129
"PEPTIDE1{Me_dA.Pr_Gly.P.meL.Sar.T.meL}$PEPTIDE1,PEPTIDE1,1:R1-7:R2$$$",-5.48736369
"PEPTIDE1{meA.Me_dA.dV.L.Asp_piperidide.Asp_piperidide.P}$PEPTIDE1,PEPTIDE1,1:R1-7:R2$$$",-6.39991076
PEPTIDE1{meA.meL.F.Sar.Mono6.Me_dA.Sar}$$$$,-5.91082512
PEPTIDE1{Me_dA.Pr_Gly.Pr_Gly.T.Pr_Gly.Pr_Gly.meL}$$$$,-6.27483377
PEPTIDE1{Me_dA.Me_dA.Pr_Gly.T.P.meL.T}$$$$,-6.02375417
"PEPTIDE1{Me_dA.Mono6.P.Pr_Gly.T.T.Me_dA}$PEPTIDE1,PEPTIDE1,1:R1-7:R2$$$",-5.63419930
"PEPTIDE1{Me_dA.Pr_Gly.P.T.meL.T.meL}$PEPTIDE1,PEPTIDE1,1:R1-7:R2$$$",-5.34604515
PEPTIDE1{L.meL.V.meL.meA.meL.meL}$$$$,-7.83345143
PEPTIDE1{Me_dA.meL.P.Me_dA.meL.Me_dA.T}$$$$,-5.99364587
PEPTIDE1{meA.L.meL.T.meA.V.V}$$$$,-6.07530286
"PEPTIDE1{L.Me_dL.meL.meL.meL.Mono34.Mono34}$PEPTIDE1,PEPTIDE1,1:R1-7:R2$$$",-5.85189392
PEPTIDE1{meA.meF.meL.P.P.T.meL}$$$$,-5.70573399
