helm,vina_score,status,detail,"docking_mode"
"PEPTIDE1{dA.Phe(4-CF3).F.P.P.T.Mono84}$PEPTIDE1,PEPTIDE1,1:R1-7:R2$$$",-7.99600000,ok,,flexible
"PEPTIDE1{dA.3Pal.G.Mono84.Mono2.Asp_piperidide.Me_Phe(3-Cl)}$PEPTIDE1,PEPTIDE1,1:R1-7:R2$$$",-6.60100000,ok,,flexible
"PEPTIDE1{dP.Y.Me_Phe(3-Cl).P.Mono84.Phe(4-CF3).P}$PEPTIDE1,PEPTIDE1,1:R1-7:R2$$$",-7.08100000,ok,,flexible
"PEPTIDE1{Me_Bal.Me_Phe(3-Cl).Y.dP.Mono84.Mono7.Mono6}$PEPTIDE1,PEPTIDE1,1:R1-7:R2$$$",-7.48600000,ok,,flexible
"PEPTIDE1{dA.dP.P.G.dP.Me_Phe(3-Cl).P}$PEPTIDE1,PEPTIDE1,1:R1-7:R2$$$",-7.83200000,ok,,flexible
"PEPTIDE1{dF.A.T.dP.Hyp(Et).P.Phe(4-CF3)}$PEPTIDE1,PEPTIDE1,1:R1-7:R2$$$",-6.64700000,ok,,flexible
"PEPTIDE1{meA.P.dP.P.A.F.Mono84}$PEPTIDE1,PEPTIDE1,1:R1-7:R2$$$",-7.38400000,ok,,flexible
"PEPTIDE1{Me_Bal.L.Phe(4-CF3).dP.Mono84.G.P}$PEPTIDE1,PEPTIDE1,1:R1-7:R2$$$",-6.95800000,ok,,flexible
"PEPTIDE1{meF.meL.P.P.Asp_piperidide.T.Mono6}$PEPTIDE1,PEPTIDE1,1:R1-7:R2$$$",-6.69700000,ok,,flexible
"PEPTIDE1{Me_Bal.dP.P.T.Phe(4-CF3).Me_Phe(3-Cl).Hyp(Et)}$PEPTIDE1,PEPTIDE1,1:R1-7:R2$$$",-6.82500000,ok,,flexible
"PEPTIDE1{Me_dA.Phe(4-CF3).Me_Phe(3-Cl).T.Y.dP.Asp_piperidide}$PEPTIDE1,PEPTIDE1,1:R1-7:R2$$$",-6.30500000,ok,,flexible
"PEPTIDE1{Mono6.Mono84.F.dP.Y.3Pal.T}$PEPTIDE1,PEPTIDE1,1:R1-7:R2$$$",-6.41100000,ok,,flexible
"PEPTIDE1{Me_dA.meY.Y.dP.F.G.dP}$PEPTIDE1,PEPTIDE1,1:R1-7:R2$$$",-7.78000000,ok,,flexible
"PEPTIDE1{Mono6.D.dP.Me_Phe(3-Cl).T.dY.F}$PEPTIDE1,PEPTIDE1,1:R1-7:R2$$$",-6.25700000,ok,,flexible
"PEPTIDE1{Me_dA.Mono84.dP.Y.Asp_piperidide.P.dP}$PEPTIDE1,PEPTIDE1,1:R1-7:R2$$$",-7.82000000,ok,,flexible
"PEPTIDE1{dA.T.dY.G.P.F.Hyp(Et)}$PEPTIDE1,PEPTIDE1,1:R1-7:R2$$$",-6.08800000,ok,,flexible
"PEPTIDE1{Me_Bal.Ser(tBu).T.Asp_piperidide.G.P.T}$PEPTIDE1,PEPTIDE1,1:R1-7:R2$$$",-5.95700000,ok,,flexible
"PEPTIDE1{A.dP.P.F.T.T.P}$PEPTIDE1,PEPTIDE1,1:R1-7:R2$$$",-6.83200000,ok,,flexible
"PEPTIDE1{Me_Bal.Me_Phe(3-Cl).Ser(tBu).F.Y.T.P}$PEPTIDE1,PEPTIDE1,1:R1-7:R2$$$",-6.17100000,ok,,flexible
"PEPTIDE1{dF.P.Mono84.Me_dA.P.Me_Phe(3-Cl).dP}$PEPTIDE1,PEPTIDE1,1:R1-7:R2$$$",-6.92200000,ok,,flexible
"PEPTIDE1{Me_dA.meL.G.Me_Phe(3-Cl).dP.P.Phe(4-CF3)}$PEPTIDE1,PEPTIDE1,1:R1-7:R2$$$",-6.73900000,ok,,flexible
"PEPTIDE1{F.G.T.meL.Me_Phe(3-Cl).L.Mono2}$PEPTIDE1,PEPTIDE1,1:R1-7:R2$$$",-6.10100000,ok,,flexible
"PEPTIDE1{A.meF.D.dP.Mono6.Mono86.dP}$PEPTIDE1,PEPTIDE1,1:R1-7:R2$$$",-6.53400000,ok,,flexible
"PEPTIDE1{meA.Mono6.Me_Phe(3-Cl).F.I.G.Y}$PEPTIDE1,PEPTIDE1,1:R1-7:R2$$$",-7.31400000,ok,,flexible
"PEPTIDE1{dP.Me_Phe(3-Cl).Y.Phe(4-CF3).dY.Hyp(Et).dP}$PEPTIDE1,PEPTIDE1,1:R1-7:R2$$$",-6.00800000,ok,,flexible
"PEPTIDE1{P.Me_dL.Mono6.dP.dP.Asp_piperidide.Hyp(Et)}$PEPTIDE1,PEPTIDE1,1:R1-7:R2$$$",-7.44800000,ok,,flexible
"PEPTIDE1{Me_dA.Phe(4-CF3).T.Asp_piperidide.P.dP.P}$PEPTIDE1,PEPTIDE1,1:R1-7:R2$$$",-6.74700000,ok,,flexible
"PEPTIDE1{F.3Pal.dP.Mono78.Y.Mono84.Mono84}$PEPTIDE1,PEPTIDE1,1:R1-7:R2$$$",-7.37000000,ok,,flexible
"PEPTIDE1{dA.pentyl_Gly.F.meL.dP.T.Mono84}$PEPTIDE1,PEPTIDE1,1:R1-7:R2$$$",-6.08400000,ok,,flexible
"PEPTIDE1{dV.dP.T.dP.Me_Phe(3-Cl).Nle.F}$PEPTIDE1,PEPTIDE1,1:R1-7:R2$$$",-5.87400000,ok,,flexible
"PEPTIDE1{dV.Me_dNva.Ala(5-Tet).P.Phe(4-CF3).Hyp(Et).F}$PEPTIDE1,PEPTIDE1,1:R1-7:R2$$$",-6.88300000,ok,,flexible
"PEPTIDE1{Mono6.Mono84.G.3Pal.F.P.Me_Phe(3-Cl)}$PEPTIDE1,PEPTIDE1,1:R1-7:R2$$$",-6.78600000,ok,,flexible
"PEPTIDE1{dA.P.P.Ala(5-Tet).F.T.dP}$PEPTIDE1,PEPTIDE1,1:R1-7:R2$$$",-6.92000000,ok,,flexible
"PEPTIDE1{Me_dA.G.meF.T.dP.P.P}$PEPTIDE1,PEPTIDE1,1:R1-7:R2$$$",-7.41400000,ok,,flexible
"PEPTIDE1{meA.Me_dA.Phe(4-CF3).Y.Hyp(Et).Mono84.dP}$PEPTIDE1,PEPTIDE1,1:R1-7:R2$$$",-6.37200000,ok,,flexible
"PEPTIDE1{Mono6.T.P.Mono2.3Pal.dP.Mono84}$PEPTIDE1,PEPTIDE1,1:R1-7:R2$$$",-6.77100000,ok,,flexible
"PEPTIDE1{Mono6.P.dP.dP.Mono84.Hyp(Et).Mono2}$PEPTIDE1,PEPTIDE1,1:R1-7:R2$$$",-6.84000000,ok,,flexible
"PEPTIDE1{dA.Mono84.Me_Phe(3-Cl).dP.Hyp(Et).Y.dP}$PEPTIDE1,PEPTIDE1,1:R1-7:R2$$$",-7.40100000,ok,,flexible
"PEPTIDE1{meA.P.Me_Phe(3-Cl).Phe(4-CF3).dP.Asp_piperidide.P}$PEPTIDE1,PEPTIDE1,1:R1-7:R2$$$",-6.67600000,ok,,flexible
"PEPTIDE1{dA.P.dP.Mono84.Mono7.Me_Phe(3-Cl).3Pal}$PEPTIDE1,PEPTIDE1,1:R1-7:R2$$$",-7.83600000,ok,,flexible
"PEPTIDE1{dV.meY.dP.Mono6.P.Asp_piperidide.P}$PEPTIDE1,PEPTIDE1,1:R1-7:R2$$$",-6.91800000,ok,,flexible
"PEPTIDE1{Me_Bal.P.Phe(4-CF3).Mono84.P.Y.Mono6}$PEPTIDE1,PEPTIDE1,1:R1-7:R2$$$",-6.83500000,ok,,flexible
"PEPTIDE1{dP.T.Mono78.dP.F.Y.Mono84}$PEPTIDE1,PEPTIDE1,1:R1-7:R2$$$",-6.82700000,ok,,flexible
"PEPTIDE1{Me_dA.F.P.dP.T.G.Phe(4-CF3)}$PEPTIDE1,PEPTIDE1,1:R1-7:R2$$$",-7.25100000,ok,,flexible
"PEPTIDE1{Me_Bal.P.P.Hyp(Et).T.Asp_piperidide.Phe(4-CF3)}$PEPTIDE1,PEPTIDE1,1:R1-7:R2$$$",-6.20800000,ok,,flexible
"PEPTIDE1{Me_Bal.dP.3Pal.Mono84.P.T.Asp_piperidide}$PEPTIDE1,PEPTIDE1,1:R1-7:R2$$$",-7.15200000,ok,,flexible
"PEPTIDE1{P.Pr_Gly.G.Y.Phe(4-CF3).F.3Pal}$PEPTIDE1,PEPTIDE1,1:R1-7:R2$$$",-6.09300000,ok,,flexible
"PEPTIDE1{Me_Bal.dP.P.dP.Hyp(Et).Mono6.Y}$PEPTIDE1,PEPTIDE1,1:R1-7:R2$$$",-7.09800000,ok,,flexible
"PEPTIDE1{dA.dP.Phe(4-CF3).meL.D.Y.T}$PEPTIDE1,PEPTIDE1,1:R1-7:R2$$$",-5.92800000,ok,,flexible
"PEPTIDE1{Me_Bal.P.Y.Mono84.3Pal.dP.G}$PEPTIDE1,PEPTIDE1,1:R1-7:R2$$$",-7.01900000,ok,,flexible
"PEPTIDE1{Mono6.T.Y.P.dP.Hyp(Et).3Pal}$PEPTIDE1,PEPTIDE1,1:R1-7:R2$$$",-6.81100000,ok,,flexible
"PEPTIDE1{dP.F.P.Phe(4-CF3).T.Ala(indol-2-yl).Hyp(Et)}$PEPTIDE1,PEPTIDE1,1:R1-7:R2$$$",-7.66700000,ok,,flexible
"PEPTIDE1{F.dP.Mono84.Me_Phe(3-Cl).Y.3Pal.Me_Phe(3-Cl)}$PEPTIDE1,PEPTIDE1,1:R1-7:R2$$$",-6.19300000,ok,,flexible
"PEPTIDE1{dP.Phe(4-CF3).G.P.Y.T.Hyp(Et)}$PEPTIDE1,PEPTIDE1,1:R1-7:R2$$$",-7.10300000,ok,,flexible
"PEPTIDE1{P.dP.Hyp(Et).Mono6.dP.T.G}$PEPTIDE1,PEPTIDE1,1:R1-7:R2$$$",-6.78600000,ok,,flexible
"PEPTIDE1{A.T.dY.dP.P.dP.F}$PEPTIDE1,PEPTIDE1,1:R1-7:R2$$$",-7.02500000,ok,,flexible
"PEPTIDE1{A.T.P.P.Phe(4-CF3).meL.F}$PEPTIDE1,PEPTIDE1,1:R1-7:R2$$$",-7.02500000,ok,,flexible
"PEPTIDE1{dV.G.dP.P.T.dP.Y}$PEPTIDE1,PEPTIDE1,1:R1-7:R2$$$",-7.39300000,ok,,flexible
"PEPTIDE1{Mono6.P.P.T.G.dP.Y}$PEPTIDE1,PEPTIDE1,1:R1-7:R2$$$",-7.19100000,ok,,flexible
"PEPTIDE1{F.Me_Phe(3-Cl).3Pal.dP.P.G.P}$PEPTIDE1,PEPTIDE1,1:R1-7:R2$$$",-6.75100000,ok,,flexible
"PEPTIDE1{A.dP.Y.Phe(4-CF3).T.F.G}$PEPTIDE1,PEPTIDE1,1:R1-7:R2$$$",-6.88100000,ok,,flexible
"PEPTIDE1{meA.dP.P.3Pal.Me_Phe(3-Cl).P.T}$PEPTIDE1,PEPTIDE1,1:R1-7:R2$$$",-6.55300000,ok,,flexible
"PEPTIDE1{dV.dP.P.Y.G.Hyp(Et).dY}$PEPTIDE1,PEPTIDE1,1:R1-7:R2$$$",-6.66500000,ok,,flexible
"PEPTIDE1{dV.Me_dL.meY.Phe(4-CF3).Mono84.dP.P}$PEPTIDE1,PEPTIDE1,1:R1-7:R2$$$",-6.84500000,ok,,flexible
"PEPTIDE1{Me_dA.T.dP.Y.P.dP.P}$PEPTIDE1,PEPTIDE1,1:R1-7:R2$$$",-7.25600000,ok,,flexible
"PEPTIDE1{Me_Bal.Hyp(Et).dP.P.P.T.P}$PEPTIDE1,PEPTIDE1,1:R1-7:R2$$$",-7.81600000,ok,,flexible
"PEPTIDE1{A.dP.dY.T.Y.G.Phe(4-CF3)}$PEPTIDE1,PEPTIDE1,1:R1-7:R2$$$",-6.92200000,ok,,flexible
"PEPTIDE1{Me_Bal.dP.T.Phe(4-CF3).Me_dL.Mono84.P}$PEPTIDE1,PEPTIDE1,1:R1-7:R2$$$",-6.43600000,ok,,flexible
"PEPTIDE1{Me_dA.Me_Phe(3-Cl).T.Y.P.Asp_piperidide.F}$PEPTIDE1,PEPTIDE1,1:R1-7:R2$$$",-7.20800000,ok,,flexible
"PEPTIDE1{Me_dA.G.Mono6.Phe(4-CF3).T.Y.Me_Phe(3-Cl)}$PEPTIDE1,PEPTIDE1,1:R1-7:R2$$$",-6.33000000,ok,,flexible
"PEPTIDE1{meA.Y.P.dP.P.dP.T}$PEPTIDE1,PEPTIDE1,1:R1-7:R2$$$",-7.17400000,ok,,flexible
"PEPTIDE1{F.Mono84.T.P.G.P.Asp_piperidide}$PEPTIDE1,PEPTIDE1,1:R1-7:R2$$$",-7.27900000,ok,,flexible
"PEPTIDE1{meA.Mono84.Me_Phe(3-Cl).dP.P.P.Mono2}$PEPTIDE1,PEPTIDE1,1:R1-7:R2$$$",-7.26400000,ok,,flexible
"PEPTIDE1{Me_Bal.G.dP.dP.P.Hyp(Et).Y}$PEPTIDE1,PEPTIDE1,1:R1-7:R2$$$",-6.94800000,ok,,flexible
"PEPTIDE1{dF.dP.Asp_piperidide.T.Me_Phe(3-Cl).P.Hyp(Et)}$PEPTIDE1,PEPTIDE1,1:R1-7:R2$$$",-6.43900000,ok,,flexible
"PEPTIDE1{A.dP.dP.T.P.Me_Phe(3-Cl).G}$PEPTIDE1,PEPTIDE1,1:R1-7:R2$$$",-7.51800000,ok,,flexible
"PEPTIDE1{P.F.Y.dP.Asp_piperidide.dP.Phe(4-CF3)}$PEPTIDE1,PEPTIDE1,1:R1-7:R2$$$",-7.28000000,ok,,flexible
"PEPTIDE1{Me_dA.Ser(tBu).meL.T.T.P.Phe(4-CF3)}$PEPTIDE1,PEPTIDE1,1:R1-7:R2$$$",-6.52000000,ok,,flexible
"PEPTIDE1{meA.P.T.Me_Phe(3-Cl).P.Asp_piperidide.G}$PEPTIDE1,PEPTIDE1,1:R1-7:R2$$$",-7.46400000,ok,,flexible
"PEPTIDE1{Me_dA.dP.P.I.G.Asp_piperidide.Mono84}$PEPTIDE1,PEPTIDE1,1:R1-7:R2$$$",-7.07800000,ok,,flexible
"PEPTIDE1{meA.meY.Hyp(Et).Phe(4-CF3).P.P.T}$PEPTIDE1,PEPTIDE1,1:R1-7:R2$$$",-6.86500000,ok,,flexible
"PEPTIDE1{dA.P.G.Phe(4-CF3).P.Hyp(Et).dP}$PEPTIDE1,PEPTIDE1,1:R1-7:R2$$$",-7.04500000,ok,,flexible
"PEPTIDE1{A.dP.G.P.P.dP.D}$PEPTIDE1,PEPTIDE1,1:R1-7:R2$$$",-7.00200000,ok,,flexible
"PEPTIDE1{dF.dA.P.dP.Y.P.Me_Phe(3-Cl)}$PEPTIDE1,PEPTIDE1,1:R1-7:R2$$$",-7.73700000,ok,,flexible
"PEPTIDE1{A.cHexCH2_Gly.Mono84.3Pal.dP.Et_Gly.P}$PEPTIDE1,PEPTIDE1,1:R1-7:R2$$$",-6.91600000,ok,,flexible
"PEPTIDE1{Me_dA.Me_Phe(3-Cl).Phe(4-CF3).P.Mono78.Ser(tBu).Mono84}$PEPTIDE1,PEPTIDE1,1:R1-7:R2$$$",-7.79700000,ok,,flexible
"PEPTIDE1{Me_dA.P.Me_Phe(3-Cl).L.T.Y.dP}$PEPTIDE1,PEPTIDE1,1:R1-7:R2$$$",-6.70000000,ok,,flexible
"PEPTIDE1{Me_Bal.Me_Phe(3-Cl).G.dP.P.Mono78.dP}$PEPTIDE1,PEPTIDE1,1:R1-7:R2$$$",-7.33300000,ok,,flexible
"PEPTIDE1{Me_dA.dP.Pr_Gly.Mono6.Me_Phe(3-Cl).Y.Mono84}$PEPTIDE1,PEPTIDE1,1:R1-7:R2$$$",-8.57100000,ok,,flexible
"PEPTIDE1{dA.T.F.Phe(4-CF3).P.dY.Hyp(Et)}$PEPTIDE1,PEPTIDE1,1:R1-7:R2$$$",-6.67700000,ok,,flexible
"PEPTIDE1{meA.P.dP.Asp_piperidide.T.Y.D}$PEPTIDE1,PEPTIDE1,1:R1-7:R2$$$",-7.22600000,ok,,flexible
"PEPTIDE1{dF.Me_dA.Mono84.Y.P.Y.dP}$PEPTIDE1,PEPTIDE1,1:R1-7:R2$$$",-7.29300000,ok,,flexible
"PEPTIDE1{Me_Bal.dP.G.P.dP.Y.dY}$PEPTIDE1,PEPTIDE1,1:R1-7:R2$$$",-7.24100000,ok,,flexible
"PEPTIDE1{A.G.G.meY.P.T.Mono84}$PEPTIDE1,PEPTIDE1,1:R1-7:R2$$$",-7.30200000,ok,,flexible
"PEPTIDE1{Me_dA.dP.P.P.T.Y.dP}$PEPTIDE1,PEPTIDE1,1:R1-7:R2$$$",-7.53500000,ok,,flexible
"PEPTIDE1{dP.Me_dL.P.P.T.Phe(4-CF3).dP}$PEPTIDE1,PEPTIDE1,1:R1-7:R2$$$",-6.93800000,ok,,flexible
"PEPTIDE1{Me_Bal.dP.dP.Mono84.P.P.Phe(4-CF3)}$PEPTIDE1,PEPTIDE1,1:R1-7:R2$$$",-7.59900000,ok,,flexible
"PEPTIDE1{meA.meY.Mono6.dP.meL.P.T}$PEPTIDE1,PEPTIDE1,1:R1-7:R2$$$",-6.63600000,ok,,flexible
"PEPTIDE1{Me_Bal.dP.P.F.T.Me_Phe(3-Cl).Phe(4-CF3)}$PEPTIDE1,PEPTIDE1,1:R1-7:R2$$$",-7.39800000,ok,,flexible
"PEPTIDE1{Me_Bal.T.dP.Me_Phe(3-Cl).G.Y.Phe(4-CF3)}$PEPTIDE1,PEPTIDE1,1:R1-7:R2$$$",-7.06900000,ok,,flexible
"PEPTIDE1{Me_dA.Phe(4-CF3).Mono84.P.dP.T.Asp_piperidide}$PEPTIDE1,PEPTIDE1,1:R1-7:R2$$$",-7.20300000,ok,,flexible
"PEPTIDE1{dA.P.T.dP.Me_Phe(3-Cl).dY.P}$PEPTIDE1,PEPTIDE1,1:R1-7:R2$$$",-6.46100000,ok,,flexible
"PEPTIDE1{dF.meY.T.Mono2.Asp_piperidide.Hyp(Et).P}$PEPTIDE1,PEPTIDE1,1:R1-7:R2$$$",-6.24800000,ok,,flexible
"PEPTIDE1{meA.Y.Mono84.dP.T.dP.Me_Phe(3-Cl)}$PEPTIDE1,PEPTIDE1,1:R1-7:R2$$$",-8.03300000,ok,,flexible
"PEPTIDE1{Me_Bal.P.F.dP.T.P.P}$PEPTIDE1,PEPTIDE1,1:R1-7:R2$$$",-7.91800000,ok,,flexible
"PEPTIDE1{meA.G.Mono84.dP.Mono84.T.dP}$PEPTIDE1,PEPTIDE1,1:R1-7:R2$$$",-6.99800000,ok,,flexible
"PEPTIDE1{P.Phe(4-CF3).dP.dP.Me_Phe(3-Cl).T.dY}$PEPTIDE1,PEPTIDE1,1:R1-7:R2$$$",-6.91400000,ok,,flexible
"PEPTIDE1{F.G.3Pal.dP.G.Y.Mono84}$PEPTIDE1,PEPTIDE1,1:R1-7:R2$$$",-6.76300000,ok,,flexible
"PEPTIDE1{F.T.P.G.dP.Mono84.Mono84}$PEPTIDE1,PEPTIDE1,1:R1-7:R2$$$",-7.46800000,ok,,flexible
"PEPTIDE1{Me_Bal.P.G.dP.Y.Phe(4-CF3).Hyp(Et)}$PEPTIDE1,PEPTIDE1,1:R1-7:R2$$$",-6.80700000,ok,,flexible
"PEPTIDE1{F.dP.dP.T.Me_Phe(3-Cl).G.Mono84}$PEPTIDE1,PEPTIDE1,1:R1-7:R2$$$",-7.38900000,ok,,flexible
"PEPTIDE1{Me_Bal.dP.Me_dA.P.G.A.Me_dL}$PEPTIDE1,PEPTIDE1,1:R1-7:R2$$$",-6.81200000,ok,,flexible
"PEPTIDE1{Me_Bal.T.P.dP.3Pal.Phe(4-CF3).dP}$PEPTIDE1,PEPTIDE1,1:R1-7:R2$$$",-7.02700000,ok,,flexible
"PEPTIDE1{Me_dA.T.Phe(4-CF3).Mono84.Mono7.F.dP}$PEPTIDE1,PEPTIDE1,1:R1-7:R2$$$",-9.48300000,ok,,flexible
"PEPTIDE1{A.Me_Phe(3-Cl).Phe(4-CF3).Y.T.Hyp(Et).P}$PEPTIDE1,PEPTIDE1,1:R1-7:R2$$$",-6.74100000,ok,,flexible
"PEPTIDE1{Me_Bal.P.Phe(4-CF3).dP.dP.G.dY}$PEPTIDE1,PEPTIDE1,1:R1-7:R2$$$",-8.45900000,ok,,flexible
"PEPTIDE1{meA.T.Mono84.Me_Phe(3-Cl).Hyp(Et).dP.3Pal}$PEPTIDE1,PEPTIDE1,1:R1-7:R2$$$",-5.91600000,ok,,flexible
"PEPTIDE1{Me_dA.Phe(4-CF3).P.Me_Phe(3-Cl).Hyp(Et).Mono84.3Pal}$PEPTIDE1,PEPTIDE1,1:R1-7:R2$$$",-6.14200000,ok,,flexible
"PEPTIDE1{dF.dP.P.Phe(4-CF3).Ala(5-Tet).T.dP}$PEPTIDE1,PEPTIDE1,1:R1-7:R2$$$",-7.85700000,ok,,flexible
"PEPTIDE1{A.P.G.Y.P.T.dP}$PEPTIDE1,PEPTIDE1,1:R1-7:R2$$$",-7.41300000,ok,,flexible
"PEPTIDE1{meL.dP.P.Me_Phe(3-Cl).P.P.T}$PEPTIDE1,PEPTIDE1,1:R1-7:R2$$$",-6.96100000,ok,,flexible
"PEPTIDE1{dP.Me_dAbu.P.Mono84.D.Y.dP}$PEPTIDE1,PEPTIDE1,1:R1-7:R2$$$",-6.72500000,ok,,flexible
"PEPTIDE1{Me_dA.cHexCH2_Gly.P.Me_Phe(3-Cl).Mono84.F.P}$PEPTIDE1,PEPTIDE1,1:R1-7:R2$$$",-7.05300000,ok,,flexible
"PEPTIDE1{meA.P.F.dP.Phe(4-CF3).P.Me_Phe(3-Cl)}$PEPTIDE1,PEPTIDE1,1:R1-7:R2$$$",-8.09500000,ok,,flexible
"PEPTIDE1{Pr_Gly.P.P.Y.meY.Mono84.dP}$PEPTIDE1,PEPTIDE1,1:R1-7:R2$$$",-6.98900000,ok,,flexible
"PEPTIDE1{F.P.P.Hyp(Et).P.dP.Asp_piperidide}$PEPTIDE1,PEPTIDE1,1:R1-7:R2$$$",-7.33600000,ok,,flexible
"PEPTIDE1{dV.Me_dAbu.P.P.dP.dP.T}$PEPTIDE1,PEPTIDE1,1:R1-7:R2$$$",-6.92000000,ok,,flexible
"PEPTIDE1{F.3Pal.T.P.dP.T.Ser(tBu)}$PEPTIDE1,PEPTIDE1,1:R1-7:R2$$$",-6.75300000,ok,,flexible
"PEPTIDE1{dF.Mono84.T.Mono84.Mono7.P.Y}$PEPTIDE1,PEPTIDE1,1:R1-7:R2$$$",-7.41900000,ok,,flexible
"PEPTIDE1{dV.Mono6.dP.dP.Phe(4-CF3).Asp_piperidide.D}$PEPTIDE1,PEPTIDE1,1:R1-7:R2$$$",-7.14400000,ok,,flexible
"PEPTIDE1{dA.P.T.Mono84.dP.dP.Phe(4-CF3)}$PEPTIDE1,PEPTIDE1,1:R1-7:R2$$$",-8.01300000,ok,,flexible
"PEPTIDE1{Mono6.D.dP.P.Asp_piperidide.T.dP}$PEPTIDE1,PEPTIDE1,1:R1-7:R2$$$",-7.32000000,ok,,flexible
"PEPTIDE1{dP.G.P.meL.Hyp(Et).Y.T}$PEPTIDE1,PEPTIDE1,1:R1-7:R2$$$",-6.66100000,ok,,flexible
"PEPTIDE1{dP.A.Me_Phe(3-Cl).Y.T.dP.meY}$PEPTIDE1,PEPTIDE1,1:R1-7:R2$$$",-7.01200000,ok,,flexible
"PEPTIDE1{dF.P.F.Mono84.dP.T.G}$PEPTIDE1,PEPTIDE1,1:R1-7:R2$$$",-7.12800000,ok,,flexible
"PEPTIDE1{Me_dA.P.Ala(5-Tet).dP.Hyp(Et).dP.T}$PEPTIDE1,PEPTIDE1,1:R1-7:R2$$$",-6.83500000,ok,,flexible
"PEPTIDE1{P.meY.T.Me_Phe(3-Cl).Mono84.dP.Y}$PEPTIDE1,PEPTIDE1,1:R1-7:R2$$$",-6.91400000,ok,,flexible
"PEPTIDE1{dV.P.Y.P.dP.dP.T}$PEPTIDE1,PEPTIDE1,1:R1-7:R2$$$",-6.98500000,ok,,flexible
"PEPTIDE1{Me_dA.Asp_piperidide.dP.Hyp(Et).P.T.P}$PEPTIDE1,PEPTIDE1,1:R1-7:R2$$$",-6.90900000,ok,,flexible
"PEPTIDE1{dA.F.G.dP.dP.Phe(4-CF3).P}$PEPTIDE1,PEPTIDE1,1:R1-7:R2$$$",-7.62400000,ok,,flexible
"PEPTIDE1{dV.T.meL.dP.Phe(4-CF3).Ala(5-Tet).3Pal}$PEPTIDE1,PEPTIDE1,1:R1-7:R2$$$",-6.68700000,ok,,flexible
"PEPTIDE1{Me_dA.T.Mono84.P.Me_Phe(3-Cl).3Pal.dP}$PEPTIDE1,PEPTIDE1,1:R1-7:R2$$$",-6.91400000,ok,,flexible
"PEPTIDE1{meA.F.Me_dNva.T.Phe(4-CF3).Mono84.P}$PEPTIDE1,PEPTIDE1,1:R1-7:R2$$$",-6.83200000,ok,,flexible
"PEPTIDE1{Me_dA.dP.P.F.P.Asp_piperidide.G}$PEPTIDE1,PEPTIDE1,1:R1-7:R2$$$",-7.00700000,ok,,flexible
"PEPTIDE1{dP.T.Mono6.P.Me_dL.Asp_piperidide.Me_dA}$PEPTIDE1,PEPTIDE1,1:R1-7:R2$$$",-6.36200000,ok,,flexible
"PEPTIDE1{A.F.dY.Y.dP.dP.Phe(4-CF3)}$PEPTIDE1,PEPTIDE1,1:R1-7:R2$$$",-7.96300000,ok,,flexible
"PEPTIDE1{dA.T.Asp_piperidide.P.Me_Phe(3-Cl).dP.G}$PEPTIDE1,PEPTIDE1,1:R1-7:R2$$$",-6.68700000,ok,,flexible
"PEPTIDE1{dF.P.P.Y.P.Hyp(Et).meY}$PEPTIDE1,PEPTIDE1,1:R1-7:R2$$$",-7.05000000,ok,,flexible
"PEPTIDE1{dV.Hyp(Et).Ala(5-Tet).Phe(4-CF3).Y.G.D}$PEPTIDE1,PEPTIDE1,1:R1-7:R2$$$",-6.66500000,ok,,flexible
"PEPTIDE1{dV.Y.Hyp(Et).Ala(5-Tet).dP.dP.P}$PEPTIDE1,PEPTIDE1,1:R1-7:R2$$$",-6.53900000,ok,,flexible
"PEPTIDE1{dP.Y.Mono84.P.dP.Phe(4-CF3).Ala(5-Tet)}$PEPTIDE1,PEPTIDE1,1:R1-7:R2$$$",-7.66300000,ok,,flexible
"PEPTIDE1{Mono6.Phe(4-CF3).T.P.G.G.dP}$PEPTIDE1,PEPTIDE1,1:R1-7:R2$$$",-8.04800000,ok,,flexible
"PEPTIDE1{meA.Y.P.T.Phe(4-CF3).Mono84.dP}$PEPTIDE1,PEPTIDE1,1:R1-7:R2$$$",-7.25400000,ok,,flexible
"PEPTIDE1{meA.Me_Phe(3-Cl).Phe(4-CF3).Y.T.D.Asp_piperidide}$PEPTIDE1,PEPTIDE1,1:R1-7:R2$$$",-7.16500000,ok,,flexible
"PEPTIDE1{Me_dA.G.Me_Phe(3-Cl).P.Hyp(Et).3Pal.T}$PEPTIDE1,PEPTIDE1,1:R1-7:R2$$$",-6.16400000,ok,,flexible
"PEPTIDE1{F.P.dP.Me_Phe(3-Cl).Asp_piperidide.dP.T}$PEPTIDE1,PEPTIDE1,1:R1-7:R2$$$",-6.87200000,ok,,flexible
"PEPTIDE1{meA.dA.P.meY.T.Y.dP}$PEPTIDE1,PEPTIDE1,1:R1-7:R2$$$",-7.28200000,ok,,flexible
"PEPTIDE1{meA.T.P.dP.Phe(4-CF3).G.dP}$PEPTIDE1,PEPTIDE1,1:R1-7:R2$$$",-7.57300000,ok,,flexible
"PEPTIDE1{A.dP.P.G.meL.T.T}$PEPTIDE1,PEPTIDE1,1:R1-7:R2$$$",-6.67800000,ok,,flexible
"PEPTIDE1{Me_dA.dP.T.G.Phe(4-CF3).Me_Phe(3-Cl).P}$PEPTIDE1,PEPTIDE1,1:R1-7:R2$$$",-8.12900000,ok,,flexible
"PEPTIDE1{dA.T.P.Y.Phe(4-CF3).Me_Phe(3-Cl).G}$PEPTIDE1,PEPTIDE1,1:R1-7:R2$$$",-6.52300000,ok,,flexible
"PEPTIDE1{Me_Bal.T.P.P.Phe(4-CF3).Me_Phe(3-Cl).dP}$PEPTIDE1,PEPTIDE1,1:R1-7:R2$$$",-7.30500000,ok,,flexible
"PEPTIDE1{meA.P.T.T.F.dP.Asp_piperidide}$PEPTIDE1,PEPTIDE1,1:R1-7:R2$$$",-6.56300000,ok,,flexible
"PEPTIDE1{dA.dP.Me_Phe(3-Cl).T.T.Mono7.Y}$PEPTIDE1,PEPTIDE1,1:R1-7:R2$$$",-6.96900000,ok,,flexible
"PEPTIDE1{Me_dA.dA.G.dP.P.Me_Phe(3-Cl).F}$PEPTIDE1,PEPTIDE1,1:R1-7:R2$$$",-7.50400000,ok,,flexible
"PEPTIDE1{dP.Pr_Gly.T.P.dP.meY.Mono2}$PEPTIDE1,PEPTIDE1,1:R1-7:R2$$$",-6.45800000,ok,,flexible
"PEPTIDE1{dP.Y.F.P.Asp_piperidide.meL.dP}$PEPTIDE1,PEPTIDE1,1:R1-7:R2$$$",-6.12100000,ok,,flexible
"PEPTIDE1{Me_dA.P.Me_dL.dP.Y.Phe(4-CF3).meY}$PEPTIDE1,PEPTIDE1,1:R1-7:R2$$$",-5.98900000,ok,,flexible
"PEPTIDE1{Me_dA.dP.dP.P.Phe(4-CF3).T.Hyp(Et)}$PEPTIDE1,PEPTIDE1,1:R1-7:R2$$$",-7.03300000,ok,,flexible
"PEPTIDE1{A.P.P.T.Phe(4-CF3).Hyp(Et).P}$PEPTIDE1,PEPTIDE1,1:R1-7:R2$$$",-6.83500000,ok,,flexible
"PEPTIDE1{dA.Pr_Gly.T.Me_Phe(3-Cl).Mono84.P.dP}$PEPTIDE1,PEPTIDE1,1:R1-7:R2$$$",-6.55200000,ok,,flexible
"PEPTIDE1{Me_Bal.Me_Phe(3-Cl).dP.Mono84.P.3Pal.T}$PEPTIDE1,PEPTIDE1,1:R1-7:R2$$$",-7.26400000,ok,,flexible
"PEPTIDE1{F.Mono84.P.Me_Phe(3-Cl).T.dP.dP}$PEPTIDE1,PEPTIDE1,1:R1-7:R2$$$",-7.06000000,ok,,flexible
"PEPTIDE1{F.P.P.P.dP.Me_Phe(3-Cl).T}$PEPTIDE1,PEPTIDE1,1:R1-7:R2$$$",-6.86600000,ok,,flexible
"PEPTIDE1{F.pentyl_Gly.Mono84.dP.Phe(4-CF3).P.3Pal}$PEPTIDE1,PEPTIDE1,1:R1-7:R2$$$",-6.58400000,ok,,flexible
"PEPTIDE1{Me_Bal.dP.Asp_piperidide.P.dP.Y.Phe(4-CF3)}$PEPTIDE1,PEPTIDE1,1:R1-7:R2$$$",-6.22800000,ok,,flexible
"PEPTIDE1{Me_dA.Y.P.T.Hyp(Et).Phe(4-CF3).P}$PEPTIDE1,PEPTIDE1,1:R1-7:R2$$$",-7.05500000,ok,,flexible
"PEPTIDE1{meA.meY.F.Y.Me_Phe(3-Cl).G.T}$PEPTIDE1,PEPTIDE1,1:R1-7:R2$$$",-5.71000000,ok,,flexible
"PEPTIDE1{Me_dA.dP.Hyp(Et).T.dP.P.Mono2}$PEPTIDE1,PEPTIDE1,1:R1-7:R2$$$",-6.75700000,ok,,flexible
"PEPTIDE1{P.A.G.Hyp(Et).T.dP.P}$PEPTIDE1,PEPTIDE1,1:R1-7:R2$$$",-6.28400000,ok,,flexible
"PEPTIDE1{Me_dA.Phe(4-CF3).F.3Pal.T.dP.P}$PEPTIDE1,PEPTIDE1,1:R1-7:R2$$$",-6.37800000,ok,,flexible
"PEPTIDE1{Mono6.Mono84.P.dP.Phe(4-CF3).T.P}$PEPTIDE1,PEPTIDE1,1:R1-7:R2$$$",-7.80700000,ok,,flexible
"PEPTIDE1{F.G.Y.Mono84.P.Ser(tBu).P}$PEPTIDE1,PEPTIDE1,1:R1-7:R2$$$",-7.66600000,ok,,flexible
"PEPTIDE1{meL.T.3Pal.G.P.Asp_piperidide.P}$PEPTIDE1,PEPTIDE1,1:R1-7:R2$$$",-6.94600000,ok,,flexible
"PEPTIDE1{A.T.dP.G.dP.Asp_piperidide.P}$PEPTIDE1,PEPTIDE1,1:R1-7:R2$$$",-6.77800000,ok,,flexible
"PEPTIDE1{Me_Bal.dP.T.G.F.Phe(4-CF3).Asp_piperidide}$PEPTIDE1,PEPTIDE1,1:R1-7:R2$$$",-7.32000000,ok,,flexible
"PEPTIDE1{dV.Mono84.T.dP.dP.Hyp(Et).Y}$PEPTIDE1,PEPTIDE1,1:R1-7:R2$$$",-6.03800000,ok,,flexible
"PEPTIDE1{dF.P.P.T.dP.Me_Phe(3-Cl).G}$PEPTIDE1,PEPTIDE1,1:R1-7:R2$$$",-7.40300000,ok,,flexible
"PEPTIDE1{P.Pr_Gly.Me_Phe(3-Cl).Mono84.dP.P.T}$PEPTIDE1,PEPTIDE1,1:R1-7:R2$$$",-6.56600000,ok,,flexible
"PEPTIDE1{dP.meY.P.T.dP.T.F}$PEPTIDE1,PEPTIDE1,1:R1-7:R2$$$",-6.93700000,ok,,flexible
"PEPTIDE1{A.F.dP.Me_Phe(3-Cl).L.Mono84.P}$PEPTIDE1,PEPTIDE1,1:R1-7:R2$$$",-7.67100000,ok,,flexible
"PEPTIDE1{meA.T.Me_dL.P.P.dP.Y}$PEPTIDE1,PEPTIDE1,1:R1-7:R2$$$",-6.67800000,ok,,flexible
"PEPTIDE1{A.Mono84.Y.G.P.Phe(4-CF3).dP}$PEPTIDE1,PEPTIDE1,1:R1-7:R2$$$",-7.92500000,ok,,flexible
"PEPTIDE1{Me_Bal.F.T.Phe(4-CF3).dP.dP.P}$PEPTIDE1,PEPTIDE1,1:R1-7:R2$$$",-7.21900000,ok,,flexible
"PEPTIDE1{dF.3Pal.Mono2.T.Mono84.dP.dP}$PEPTIDE1,PEPTIDE1,1:R1-7:R2$$$",-6.61900000,ok,,flexible
"PEPTIDE1{Me_dA.F.P.Ala(5-Tet).Me_Phe(3-Cl).G.meL}$PEPTIDE1,PEPTIDE1,1:R1-7:R2$$$",-6.34700000,ok,,flexible
"PEPTIDE1{dF.P.dP.Me_Phe(3-Cl).Hyp(Et).Phe(4-CF3).dP}$PEPTIDE1,PEPTIDE1,1:R1-7:R2$$$",-7.19400000,ok,,flexible
"PEPTIDE1{F.Me_dA.P.dP.P.meL.dP}$PEPTIDE1,PEPTIDE1,1:R1-7:R2$$$",-7.10800000,ok,,flexible
"PEPTIDE1{Me_dA.P.P.T.Phe(4-CF3).dP.G}$PEPTIDE1,PEPTIDE1,1:R1-7:R2$$$",-8.77400000,ok,,flexible
"PEPTIDE1{dF.Me_dA.Me_Phe(3-Cl).dP.F.G.Y}$PEPTIDE1,PEPTIDE1,1:R1-7:R2$$$",-7.69600000,ok,,flexible
"PEPTIDE1{meA.G.dP.dY.P.Y.Hyp(Et)}$PEPTIDE1,PEPTIDE1,1:R1-7:R2$$$",-7.10900000,ok,,flexible
"PEPTIDE1{dV.dY.P.P.dP.G.Y}$PEPTIDE1,PEPTIDE1,1:R1-7:R2$$$",-7.67100000,ok,,flexible
"PEPTIDE1{dV.P.Hyp(Et).Ala(5-Tet).T.dP.D}$PEPTIDE1,PEPTIDE1,1:R1-7:R2$$$",-6.05000000,ok,,flexible
"PEPTIDE1{meA.F.T.P.dP.Me_Phe(3-Cl).dP}$PEPTIDE1,PEPTIDE1,1:R1-7:R2$$$",-6.94200000,ok,,flexible
"PEPTIDE1{Me_Bal.Mono6.Asp_piperidide.Hyp(Et).dP.P.dP}$PEPTIDE1,PEPTIDE1,1:R1-7:R2$$$",-6.49300000,ok,,flexible
"PEPTIDE1{Me_dA.Me_dAbu.F.T.P.Me_Phe(3-Cl).Mono84}$PEPTIDE1,PEPTIDE1,1:R1-7:R2$$$",-6.49900000,ok,,flexible
"PEPTIDE1{Mono6.D.dP.Me_Phe(3-Cl).dP.P.T}$PEPTIDE1,PEPTIDE1,1:R1-7:R2$$$",-6.53200000,ok,,flexible
"PEPTIDE1{dF.T.cHexCH2_Gly.D.Y.3Pal.Me_Phe(3-Cl)}$PEPTIDE1,PEPTIDE1,1:R1-7:R2$$$",-6.46000000,ok,,flexible
"PEPTIDE1{F.T.Mono84.Me_Phe(3-Cl).Phe(4-CF3).Mono2.Y}$PEPTIDE1,PEPTIDE1,1:R1-7:R2$$$",-6.25700000,ok,,flexible
"PEPTIDE1{meA.P.P.meY.meY.Me_Phe(3-Cl).T}$PEPTIDE1,PEPTIDE1,1:R1-7:R2$$$",-6.24100000,ok,,flexible
"PEPTIDE1{A.P.G.Y.Hyp(Et).Phe(4-CF3).P}$PEPTIDE1,PEPTIDE1,1:R1-7:R2$$$",-8.15400000,ok,,flexible
"PEPTIDE1{Me_dA.Y.T.dP.dP.G.Hyp(Et)}$PEPTIDE1,PEPTIDE1,1:R1-7:R2$$$",-6.85600000,ok,,flexible
"PEPTIDE1{A.Me_Phe(3-Cl).Phe(4-CF3).dY.G.P.dP}$PEPTIDE1,PEPTIDE1,1:R1-7:R2$$$",-7.00800000,ok,,flexible
"PEPTIDE1{dA.T.dP.P.Phe(4-CF3).Me_Phe(3-Cl).G}$PEPTIDE1,PEPTIDE1,1:R1-7:R2$$$",-7.67700000,ok,,flexible
"PEPTIDE1{A.P.dP.P.Me_Phe(3-Cl).Asp_piperidide.Phe(4-CF3)}$PEPTIDE1,PEPTIDE1,1:R1-7:R2$$$",-6.99700000,ok,,flexible
"PEPTIDE1{dF.T.dP.P.Mono7.Me_Phe(3-Cl).F}$PEPTIDE1,PEPTIDE1,1:R1-7:R2$$$",-7.31200000,ok,,flexible
"PEPTIDE1{dA.Phe(4-CF3).Y.dY.P.G.Me_Phe(3-Cl)}$PEPTIDE1,PEPTIDE1,1:R1-7:R2$$$",-6.96600000,ok,,flexible
"PEPTIDE1{Me_dA.F.Me_dL.Mono84.Hyp(Et).Y.3Pal}$PEPTIDE1,PEPTIDE1,1:R1-7:R2$$$",-6.16600000,ok,,flexible
"PEPTIDE1{Me_dA.Mono84.P.Asp_piperidide.dP.T.G}$PEPTIDE1,PEPTIDE1,1:R1-7:R2$$$",-7.20700000,ok,,flexible
"PEPTIDE1{dA.A.P.P.Me_Phe(3-Cl).F.meA}$PEPTIDE1,PEPTIDE1,1:R1-7:R2$$$",-7.15300000,ok,,flexible
"PEPTIDE1{Me_dA.T.P.Phe(4-CF3).Hyp(Et).dP.Asp_piperidide}$PEPTIDE1,PEPTIDE1,1:R1-7:R2$$$",-6.99700000,ok,,flexible
"PEPTIDE1{Mono6.Ser(tBu).P.T.Me_Phe(3-Cl).P.G}$PEPTIDE1,PEPTIDE1,1:R1-7:R2$$$",-6.68100000,ok,,flexible
"PEPTIDE1{Me_Bal.T.P.Mono6.meY.P.Mono84}$PEPTIDE1,PEPTIDE1,1:R1-7:R2$$$",-7.14000000,ok,,flexible
"PEPTIDE1{dV.T.Phe(4-CF3).dP.F.Hyp(Et).Y}$PEPTIDE1,PEPTIDE1,1:R1-7:R2$$$",-6.13800000,ok,,flexible
"PEPTIDE1{Me_dA.dP.T.G.Hyp(Et).Mono2.dY}$PEPTIDE1,PEPTIDE1,1:R1-7:R2$$$",-7.19100000,ok,,flexible
"PEPTIDE1{Me_Bal.T.P.P.dP.dP.Ala(5-Tet)}$PEPTIDE1,PEPTIDE1,1:R1-7:R2$$$",-7.44000000,ok,,flexible
"PEPTIDE1{Mono6.dP.dP.Hyp(Et).dP.P.D}$PEPTIDE1,PEPTIDE1,1:R1-7:R2$$$",-6.40200000,ok,,flexible
"PEPTIDE1{meA.cHexCH2_Gly.3Pal.Me_Phe(3-Cl).meL.P.Mono84}$PEPTIDE1,PEPTIDE1,1:R1-7:R2$$$",-6.95600000,ok,,flexible
"PEPTIDE1{Me_Bal.T.Me_Phe(3-Cl).Mono84.Me_Phe(3-Cl).dP.Asp_piperidide}$PEPTIDE1,PEPTIDE1,1:R1-7:R2$$$",-7.56100000,ok,,flexible
"PEPTIDE1{dA.Mono84.T.Me_Phe(3-Cl).F.Y.G}$PEPTIDE1,PEPTIDE1,1:R1-7:R2$$$",-7.74200000,ok,,flexible
"PEPTIDE1{Mono6.P.T.P.dP.3Pal.Me_dA}$PEPTIDE1,PEPTIDE1,1:R1-7:R2$$$",-7.19700000,ok,,flexible
"PEPTIDE1{Mono6.T.Mono84.3Pal.P.Ala(indol-2-yl).dP}$PEPTIDE1,PEPTIDE1,1:R1-7:R2$$$",-7.52700000,ok,,flexible
"PEPTIDE1{Mono6.dP.T.dY.Phe(4-CF3).Hyp(Et).Y}$PEPTIDE1,PEPTIDE1,1:R1-7:R2$$$",-6.37100000,ok,,flexible
"PEPTIDE1{meA.D.dP.P.T.Me_Phe(3-Cl).Y}$PEPTIDE1,PEPTIDE1,1:R1-7:R2$$$",-6.70100000,ok,,flexible
"PEPTIDE1{A.T.Phe(4-CF3).dP.F.meL.dY}$PEPTIDE1,PEPTIDE1,1:R1-7:R2$$$",-8.46200000,ok,,flexible
"PEPTIDE1{F.T.P.Phe(4-CF3).Me_Phe(3-Cl).P.P}$PEPTIDE1,PEPTIDE1,1:R1-7:R2$$$",-7.33300000,ok,,flexible
"PEPTIDE1{dP.T.dP.G.Y.Hyp(Et).3Pal}$PEPTIDE1,PEPTIDE1,1:R1-7:R2$$$",-6.98100000,ok,,flexible
"PEPTIDE1{meA.dP.Mono6.G.Y.P.P}$PEPTIDE1,PEPTIDE1,1:R1-7:R2$$$",-7.34100000,ok,,flexible
"PEPTIDE1{meA.G.T.Hyp(Et).Mono84.P.Phe(4-CF3)}$PEPTIDE1,PEPTIDE1,1:R1-7:R2$$$",-6.08900000,ok,,flexible
"PEPTIDE1{Me_dA.Y.T.P.Mono84.Hyp(Et).dP}$PEPTIDE1,PEPTIDE1,1:R1-7:R2$$$",-6.48000000,ok,,flexible
"PEPTIDE1{Me_Bal.Me_Phe(3-Cl).Me_dA.Phe(4-CF3).A.Me_dL.Y}$PEPTIDE1,PEPTIDE1,1:R1-7:R2$$$",-6.68900000,ok,,flexible
"PEPTIDE1{Me_dA.G.Mono84.Me_Phe(3-Cl).P.F.dP}$PEPTIDE1,PEPTIDE1,1:R1-7:R2$$$",-8.01600000,ok,,flexible
"PEPTIDE1{dA.D.Me_Phe(3-Cl).P.P.dP.T}$PEPTIDE1,PEPTIDE1,1:R1-7:R2$$$",-6.74400000,ok,,flexible
"PEPTIDE1{Mono6.P.F.dP.Y.T.Asp_piperidide}$PEPTIDE1,PEPTIDE1,1:R1-7:R2$$$",-6.88500000,ok,,flexible
"PEPTIDE1{dA.Me_Phe(3-Cl).Mono84.dP.T.Hyp(Et).P}$PEPTIDE1,PEPTIDE1,1:R1-7:R2$$$",-6.35300000,ok,,flexible
"PEPTIDE1{Me_Bal.T.dP.Phe(4-CF3).P.Ala(5-Tet).F}$PEPTIDE1,PEPTIDE1,1:R1-7:R2$$$",-6.79100000,ok,,flexible
"PEPTIDE1{Mono6.dP.P.Phe(4-CF3).F.3Pal.Y}$PEPTIDE1,PEPTIDE1,1:R1-7:R2$$$",-7.79600000,ok,,flexible
"PEPTIDE1{F.P.D.T.Mono84.Hyp(Et).3Pal}$PEPTIDE1,PEPTIDE1,1:R1-7:R2$$$",-6.54000000,ok,,flexible
"PEPTIDE1{dP.P.Ala(indol-2-yl).G.Me_Phe(3-Cl).T.Mono2}$PEPTIDE1,PEPTIDE1,1:R1-7:R2$$$",-7.81400000,ok,,flexible
"PEPTIDE1{F.P.Phe(4-CF3).P.Y.T.3Pal}$PEPTIDE1,PEPTIDE1,1:R1-7:R2$$$",-7.15200000,ok,,flexible
"PEPTIDE1{A.meA.P.P.Me_dA.T.T}$PEPTIDE1,PEPTIDE1,1:R1-7:R2$$$",-6.87000000,ok,,flexible
"PEPTIDE1{dA.P.Me_Phe(3-Cl).meL.T.Asp_piperidide.dP}$PEPTIDE1,PEPTIDE1,1:R1-7:R2$$$",-7.66200000,ok,,flexible
"PEPTIDE1{A.F.Me_dA.Y.Mono84.Phe(4-CF3).Asp_piperidide}$PEPTIDE1,PEPTIDE1,1:R1-7:R2$$$",-6.71300000,ok,,flexible
"PEPTIDE1{Me_dA.F.Mono84.dP.T.Me_Phe(3-Cl).G}$PEPTIDE1,PEPTIDE1,1:R1-7:R2$$$",-7.33900000,ok,,flexible
"PEPTIDE1{F.cHexCH2_Gly.3Pal.T.I.dP.A}$PEPTIDE1,PEPTIDE1,1:R1-7:R2$$$",-6.35200000,ok,,flexible
"PEPTIDE1{A.Mono6.Mono84.P.3Pal.dP.Me_Phe(3-Cl)}$PEPTIDE1,PEPTIDE1,1:R1-7:R2$$$",-8.42500000,ok,,flexible
"PEPTIDE1{A.F.G.Me_Phe(3-Cl).T.Mono84.3Pal}$PEPTIDE1,PEPTIDE1,1:R1-7:R2$$$",-6.63400000,ok,,flexible
"PEPTIDE1{Me_dA.Y.Phe(4-CF3).P.G.P.dY}$PEPTIDE1,PEPTIDE1,1:R1-7:R2$$$",-7.27300000,ok,,flexible
"PEPTIDE1{dV.dP.P.G.dP.P.Y}$PEPTIDE1,PEPTIDE1,1:R1-7:R2$$$",-8.14100000,ok,,flexible
"PEPTIDE1{Me_dA.Mono84.Y.dP.F.G.P}$PEPTIDE1,PEPTIDE1,1:R1-7:R2$$$",-8.25700000,ok,,flexible
"PEPTIDE1{Me_Bal.P.Me_Phe(3-Cl).P.dP.dP.Phe(4-CF3)}$PEPTIDE1,PEPTIDE1,1:R1-7:R2$$$",-7.70800000,ok,,flexible
"PEPTIDE1{dA.dP.P.Phe(4-CF3).P.P.Me_Phe(3-Cl)}$PEPTIDE1,PEPTIDE1,1:R1-7:R2$$$",-7.12300000,ok,,flexible
"PEPTIDE1{Me_dA.Mono84.P.A.P.meL.Me_Phe(3-Cl)}$PEPTIDE1,PEPTIDE1,1:R1-7:R2$$$",-7.00900000,ok,,flexible
"PEPTIDE1{Me_Bal.Mono6.P.Mono84.T.dP.P}$PEPTIDE1,PEPTIDE1,1:R1-7:R2$$$",-7.57400000,ok,,flexible
"PEPTIDE1{Mono6.P.dP.T.dP.Phe(4-CF3).T}$PEPTIDE1,PEPTIDE1,1:R1-7:R2$$$",-6.73200000,ok,,flexible
"PEPTIDE1{dV.P.Asp_piperidide.P.Ala(5-Tet).dP.G}$PEPTIDE1,PEPTIDE1,1:R1-7:R2$$$",-6.80800000,ok,,flexible
"PEPTIDE1{dF.P.Mono84.Mono84.Mono2.Y.dP}$PEPTIDE1,PEPTIDE1,1:R1-7:R2$$$",-7.38600000,ok,,flexible
"PEPTIDE1{Mono6.Pr_Gly.G.P.Me_Phe(3-Cl).Phe(4-CF3).P}$PEPTIDE1,PEPTIDE1,1:R1-7:R2$$$",-6.43900000,ok,,flexible
"PEPTIDE1{dA.G.Mono84.Phe(4-CF3).T.D.T}$PEPTIDE1,PEPTIDE1,1:R1-7:R2$$$",-6.65900000,ok,,flexible
"PEPTIDE1{A.meA.dP.P.Y.F.3Pal}$PEPTIDE1,PEPTIDE1,1:R1-7:R2$$$",-7.02800000,ok,,flexible
"PEPTIDE1{F.Pr_Gly.A.T.Ala(5-Tet).Hyp(Et).dP}$PEPTIDE1,PEPTIDE1,1:R1-7:R2$$$",-6.08400000,ok,,flexible
"PEPTIDE1{Mono6.T.Me_Phe(3-Cl).P.dP.Asp_piperidide.dP}$PEPTIDE1,PEPTIDE1,1:R1-7:R2$$$",-7.19100000,ok,,flexible
"PEPTIDE1{dF.Mono2.T.Phe(4-CF3).P.Me_Phe(3-Cl).3Pal}$PEPTIDE1,PEPTIDE1,1:R1-7:R2$$$",-6.57300000,ok,,flexible
"PEPTIDE1{Me_dA.Phe(4-CF3).T.G.D.P.P}$PEPTIDE1,PEPTIDE1,1:R1-7:R2$$$",-7.44800000,ok,,flexible
"PEPTIDE1{Mono6.dP.G.dP.P.Me_Phe(3-Cl).Phe(4-CF3)}$PEPTIDE1,PEPTIDE1,1:R1-7:R2$$$",-8.07600000,ok,,flexible
"PEPTIDE1{meA.Me_dL.dP.meY.Mono84.T.P}$PEPTIDE1,PEPTIDE1,1:R1-7:R2$$$",-6.91000000,ok,,flexible
"PEPTIDE1{Mono6.Hyp(Et).Me_Phe(3-Cl).Mono2.dP.meY.dP}$PEPTIDE1,PEPTIDE1,1:R1-7:R2$$$",-7.43400000,ok,,flexible
"PEPTIDE1{A.Y.G.Hyp(Et).Asp_piperidide.P.dP}$PEPTIDE1,PEPTIDE1,1:R1-7:R2$$$",-6.71300000,ok,,flexible
"PEPTIDE1{Me_dA.G.Phe(4-CF3).Y.dP.P.Me_Phe(3-Cl)}$PEPTIDE1,PEPTIDE1,1:R1-7:R2$$$",-6.68600000,ok,,flexible
"PEPTIDE1{Me_dA.Mono6.T.dP.dP.F.Phe(4-CF3)}$PEPTIDE1,PEPTIDE1,1:R1-7:R2$$$",-6.68200000,ok,,flexible
"PEPTIDE1{Me_Bal.P.Phe(4-CF3).P.dP.F.P}$PEPTIDE1,PEPTIDE1,1:R1-7:R2$$$",-7.09000000,ok,,flexible
"PEPTIDE1{Me_dA.P.P.Hyp(Et).Asp_piperidide.Y.P}$PEPTIDE1,PEPTIDE1,1:R1-7:R2$$$",-7.47600000,ok,,flexible
"PEPTIDE1{Me_dA.Mono84.dP.Me_Phe(3-Cl).Mono2.P.Phe(4-CF3)}$PEPTIDE1,PEPTIDE1,1:R1-7:R2$$$",-8.05500000,ok,,flexible
"PEPTIDE1{meA.Mono6.dP.T.Me_Phe(3-Cl).Asp_piperidide.Phe(4-CF3)}$PEPTIDE1,PEPTIDE1,1:R1-7:R2$$$",-6.63000000,ok,,flexible
"PEPTIDE1{Me_dA.3Pal.Mono84.Ser(tBu).P.Asp_piperidide.Y}$PEPTIDE1,PEPTIDE1,1:R1-7:R2$$$",-6.24100000,ok,,flexible
"PEPTIDE1{dA.L.Y.P.Mono84.G.dP}$PEPTIDE1,PEPTIDE1,1:R1-7:R2$$$",-6.45900000,ok,,flexible
"PEPTIDE1{Me_Bal.dP.Asp_piperidide.P.F.Me_Phe(3-Cl).G}$PEPTIDE1,PEPTIDE1,1:R1-7:R2$$$",-6.90800000,ok,,flexible
"PEPTIDE1{meA.T.Y.3Pal.dP.P.G}$PEPTIDE1,PEPTIDE1,1:R1-7:R2$$$",-6.79600000,ok,,flexible
"PEPTIDE1{Me_dA.P.dY.G.Mono84.dP.Me_Phe(3-Cl)}$PEPTIDE1,PEPTIDE1,1:R1-7:R2$$$",-7.18600000,ok,,flexible
"PEPTIDE1{Me_Bal.Mono7.dP.Asp_piperidide.Mono6.dP.Mono84}$PEPTIDE1,PEPTIDE1,1:R1-7:R2$$$",-6.80500000,ok,,flexible
"PEPTIDE1{A.Mono6.P.meY.P.Y.T}$PEPTIDE1,PEPTIDE1,1:R1-7:R2$$$",-8.15400000,ok,,flexible
"PEPTIDE1{dF.Y.Mono2.Hyp(Et).P.G.dP}$PEPTIDE1,PEPTIDE1,1:R1-7:R2$$$",-6.88100000,ok,,flexible
"PEPTIDE1{dF.Hyp(Et).Asp_piperidide.dP.Me_Phe(3-Cl).P.P}$PEPTIDE1,PEPTIDE1,1:R1-7:R2$$$",-7.00600000,ok,,flexible
"PEPTIDE1{dV.Hyp(Et).dP.P.dY.Phe(4-CF3).G}$PEPTIDE1,PEPTIDE1,1:R1-7:R2$$$",-7.60900000,ok,,flexible
"PEPTIDE1{F.Asp_piperidide.P.dP.P.dP.dP}$PEPTIDE1,PEPTIDE1,1:R1-7:R2$$$",-7.22000000,ok,,flexible
"PEPTIDE1{Mono6.T.Asp_piperidide.Hyp(Et).dP.P.Ala(5-Tet)}$PEPTIDE1,PEPTIDE1,1:R1-7:R2$$$",-6.78300000,ok,,flexible
"PEPTIDE1{dV.Phe(4-CF3).P.G.Me_Phe(3-Cl).Y.3Pal}$PEPTIDE1,PEPTIDE1,1:R1-7:R2$$$",-6.51300000,ok,,flexible
"PEPTIDE1{Mono6.G.Me_Phe(3-Cl).dP.P.Mono84.Hyp(Et)}$PEPTIDE1,PEPTIDE1,1:R1-7:R2$$$",-7.05900000,ok,,flexible
"PEPTIDE1{dF.G.dP.P.Me_Phe(3-Cl).F.T}$PEPTIDE1,PEPTIDE1,1:R1-7:R2$$$",-6.80000000,ok,,flexible
"PEPTIDE1{P.T.Y.P.Asp_piperidide.P.Phe(4-CF3)}$PEPTIDE1,PEPTIDE1,1:R1-7:R2$$$",-7.15800000,ok,,flexible
"PEPTIDE1{meA.T.Me_dA.D.dP.Mono84.Y}$PEPTIDE1,PEPTIDE1,1:R1-7:R2$$$",-6.87200000,ok,,flexible
"PEPTIDE1{dA.P.Hyp(Et).P.P.Asp_piperidide.dY}$PEPTIDE1,PEPTIDE1,1:R1-7:R2$$$",-6.52200000,ok,,flexible
"PEPTIDE1{Me_Bal.Me_Phe(3-Cl).Mono6.dP.D.Asp_piperidide.dP}$PEPTIDE1,PEPTIDE1,1:R1-7:R2$$$",-6.94400000,ok,,flexible
"PEPTIDE1{dV.dF.F.dP.Phe(4-CF3).Hyp(Et).T}$PEPTIDE1,PEPTIDE1,1:R1-7:R2$$$",-6.34300000,ok,,flexible
"PEPTIDE1{dA.Mono84.T.3Pal.Me_Phe(3-Cl).dP.Hyp(Et)}$PEPTIDE1,PEPTIDE1,1:R1-7:R2$$$",-6.51900000,ok,,flexible
"PEPTIDE1{Mono6.T.dP.dP.P.G.P}$PEPTIDE1,PEPTIDE1,1:R1-7:R2$$$",-7.39700000,ok,,flexible
"PEPTIDE1{Mono6.P.T.T.Y.Phe(4-CF3).P}$PEPTIDE1,PEPTIDE1,1:R1-7:R2$$$",-6.34800000,ok,,flexible
"PEPTIDE1{dV.3Pal.Mono84.P.P.Me_Phe(3-Cl).T}$PEPTIDE1,PEPTIDE1,1:R1-7:R2$$$",-6.82600000,ok,,flexible
"PEPTIDE1{A.T.dP.P.T.P.Phe(4-CF3)}$PEPTIDE1,PEPTIDE1,1:R1-7:R2$$$",-7.84800000,ok,,flexible
"PEPTIDE1{Me_dA.T.G.P.dP.F.Phe(4-CF3)}$PEPTIDE1,PEPTIDE1,1:R1-7:R2$$$",-6.55400000,ok,,flexible
"PEPTIDE1{dF.T.P.Y.Asp_piperidide.Mono6.G}$PEPTIDE1,PEPTIDE1,1:R1-7:R2$$$",-6.83000000,ok,,flexible
"PEPTIDE1{meA.T.dP.P.Ala(5-Tet).G.F}$PEPTIDE1,PEPTIDE1,1:R1-7:R2$$$",-7.49600000,ok,,flexible
"PEPTIDE1{Me_dA.P.T.G.Asp_piperidide.Mono84.T}$PEPTIDE1,PEPTIDE1,1:R1-7:R2$$$",-6.30200000,ok,,flexible
"PEPTIDE1{Mono6.dP.dP.Mono84.Phe(4-CF3).Me_Phe(3-Cl).P}$PEPTIDE1,PEPTIDE1,1:R1-7:R2$$$",-7.71200000,ok,,flexible
"PEPTIDE1{dA.meL.Phe(4-CF3).Y.P.Hyp(Et).T}$PEPTIDE1,PEPTIDE1,1:R1-7:R2$$$",-6.69800000,ok,,flexible
"PEPTIDE1{dP.F.Pr_Gly.P.meY.Me_Phe(3-Cl).Y}$PEPTIDE1,PEPTIDE1,1:R1-7:R2$$$",-6.54000000,ok,,flexible
"PEPTIDE1{Mono6.Phe(4-CF3).dP.Me_Phe(3-Cl).Y.T.Hyp(Et)}$PEPTIDE1,PEPTIDE1,1:R1-7:R2$$$",-6.48300000,ok,,flexible
"PEPTIDE1{dA.P.T.F.G.Mono84.Asp_piperidide}$PEPTIDE1,PEPTIDE1,1:R1-7:R2$$$",-7.07300000,ok,,flexible
"PEPTIDE1{Me_Bal.A.T.Mono84.Mono84.Me_Phe(3-Cl).P}$PEPTIDE1,PEPTIDE1,1:R1-7:R2$$$",-7.37700000,ok,,flexible
"PEPTIDE1{dV.G.Y.Me_Phe(3-Cl).dY.3Pal.Ala(5-Tet)}$PEPTIDE1,PEPTIDE1,1:R1-7:R2$$$",-5.54000000,ok,,flexible
"PEPTIDE1{Mono6.P.P.P.dP.dP.T}$PEPTIDE1,PEPTIDE1,1:R1-7:R2$$$",-7.81300000,ok,,flexible
"PEPTIDE1{dF.dP.G.T.Phe(4-CF3).P.Me_Phe(3-Cl)}$PEPTIDE1,PEPTIDE1,1:R1-7:R2$$$",-7.05300000,ok,,flexible
"PEPTIDE1{dF.Me_dA.dP.A.Me_Phe(3-Cl).T.Hyp(Et)}$PEPTIDE1,PEPTIDE1,1:R1-7:R2$$$",-7.00200000,ok,,flexible
"PEPTIDE1{dF.T.D.3Pal.F.Phe(4-CF3).P}$PEPTIDE1,PEPTIDE1,1:R1-7:R2$$$",-5.89100000,ok,,flexible
"PEPTIDE1{meA.G.T.P.dP.F.P}$PEPTIDE1,PEPTIDE1,1:R1-7:R2$$$",-7.59800000,ok,,flexible
"PEPTIDE1{dP.T.dP.Me_dL.Me_Phe(3-Cl).Mono84.F}$PEPTIDE1,PEPTIDE1,1:R1-7:R2$$$",-6.37800000,ok,,flexible
"PEPTIDE1{dA.G.dP.P.dP.Me_Phe(3-Cl).Y}$PEPTIDE1,PEPTIDE1,1:R1-7:R2$$$",-8.01100000,ok,,flexible
"PEPTIDE1{F.T.P.dP.dP.meY.Mono2}$PEPTIDE1,PEPTIDE1,1:R1-7:R2$$$",-6.99200000,ok,,flexible
"PEPTIDE1{Mono6.P.T.D.P.Hyp(Et).Ala(5-Tet)}$PEPTIDE1,PEPTIDE1,1:R1-7:R2$$$",-6.14100000,ok,,flexible
"PEPTIDE1{meA.G.F.dP.Mono84.P.A}$PEPTIDE1,PEPTIDE1,1:R1-7:R2$$$",-8.26600000,ok,,flexible
"PEPTIDE1{Me_Bal.P.Phe(4-CF3).dY.dP.Y.G}$PEPTIDE1,PEPTIDE1,1:R1-7:R2$$$",-7.33500000,ok,,flexible
"PEPTIDE1{dF.P.Mono6.dP.Me_Phe(3-Cl).T.Hyp(Et)}$PEPTIDE1,PEPTIDE1,1:R1-7:R2$$$",-6.70000000,ok,,flexible
"PEPTIDE1{Me_Bal.A.P.F.Phe(4-CF3).P.Asp_piperidide}$PEPTIDE1,PEPTIDE1,1:R1-7:R2$$$",-6.76200000,ok,,flexible
"PEPTIDE1{Me_Bal.dP.T.Hyp(Et).P.Phe(4-CF3).T}$PEPTIDE1,PEPTIDE1,1:R1-7:R2$$$",-6.85600000,ok,,flexible
"PEPTIDE1{Me_Bal.P.T.Me_Phe(3-Cl).P.P.G}$PEPTIDE1,PEPTIDE1,1:R1-7:R2$$$",-6.96000000,ok,,flexible
"PEPTIDE1{Me_Bal.Hyp(Et).Mono2.dP.dP.P.dP}$PEPTIDE1,PEPTIDE1,1:R1-7:R2$$$",-7.49200000,ok,,flexible
"PEPTIDE1{Me_dA.T.P.dY.Phe(4-CF3).P.F}$PEPTIDE1,PEPTIDE1,1:R1-7:R2$$$",-7.18400000,ok,,flexible
"PEPTIDE1{Mono6.Me_dL.P.Me_Phe(3-Cl).Mono84.dP.Phe(4-CF3)}$PEPTIDE1,PEPTIDE1,1:R1-7:R2$$$",-7.11100000,ok,,flexible
"PEPTIDE1{Me_dA.Me_dL.Ala(5-Tet).P.Hyp(Et).Asp_piperidide.dP}$PEPTIDE1,PEPTIDE1,1:R1-7:R2$$$",-6.36100000,ok,,flexible
"PEPTIDE1{F.Phe(4-CF3).Mono84.P.dP.Mono84.T}$PEPTIDE1,PEPTIDE1,1:R1-7:R2$$$",-6.77600000,ok,,flexible
"PEPTIDE1{Me_Bal.Mono84.dP.P.dP.3Pal.P}$PEPTIDE1,PEPTIDE1,1:R1-7:R2$$$",-7.34600000,ok,,flexible
"PEPTIDE1{meA.dP.T.meY.dP.Asp_piperidide.Me_Phe(3-Cl)}$PEPTIDE1,PEPTIDE1,1:R1-7:R2$$$",-6.35800000,ok,,flexible
"PEPTIDE1{Me_Bal.dP.dP.P.Hyp(Et).T.P}$PEPTIDE1,PEPTIDE1,1:R1-7:R2$$$",-6.93600000,ok,,flexible
"PEPTIDE1{Me_dA.dP.P.Asp_piperidide.F.dP.T}$PEPTIDE1,PEPTIDE1,1:R1-7:R2$$$",-7.11900000,ok,,flexible
"PEPTIDE1{Me_Bal.Me_Phe(3-Cl).Mono84.P.Mono2.Asp_piperidide.P}$PEPTIDE1,PEPTIDE1,1:R1-7:R2$$$",-7.25700000,ok,,flexible
"PEPTIDE1{Me_dA.T.Y.meY.Mono84.Hyp(Et).Asp_piperidide}$PEPTIDE1,PEPTIDE1,1:R1-7:R2$$$",-6.11000000,ok,,flexible
"PEPTIDE1{meA.meY.P.P.F.dP.dY}$PEPTIDE1,PEPTIDE1,1:R1-7:R2$$$",-7.66000000,ok,,flexible
"PEPTIDE1{Mono6.F.P.dP.P.P.dY}$PEPTIDE1,PEPTIDE1,1:R1-7:R2$$$",-7.57600000,ok,,flexible
"PEPTIDE1{meA.Asp_piperidide.Hyp(Et).Mono84.Me_Phe(3-Cl).dP.Phe(4-CF3)}$PEPTIDE1,PEPTIDE1,1:R1-7:R2$$$",-7.18300000,ok,,flexible
"PEPTIDE1{dF.Mono84.3Pal.Mono7.T.G.F}$PEPTIDE1,PEPTIDE1,1:R1-7:R2$$$",-7.64500000,ok,,flexible
"PEPTIDE1{Me_Bal.Me_Phe(3-Cl).dP.dP.T.Phe(4-CF3).F}$PEPTIDE1,PEPTIDE1,1:R1-7:R2$$$",-7.14400000,ok,,flexible
"PEPTIDE1{dV.dP.Phe(4-CF3).dP.Ala(5-Tet).T.Y}$PEPTIDE1,PEPTIDE1,1:R1-7:R2$$$",-6.62700000,ok,,flexible
"PEPTIDE1{dA.T.Y.dP.G.P.P}$PEPTIDE1,PEPTIDE1,1:R1-7:R2$$$",-7.29100000,ok,,flexible
"PEPTIDE1{dA.F.dP.Phe(4-CF3).meL.G.Hyp(Et)}$PEPTIDE1,PEPTIDE1,1:R1-7:R2$$$",-6.99200000,ok,,flexible
"PEPTIDE1{meA.dP.A.dP.P.Y.3Pal}$PEPTIDE1,PEPTIDE1,1:R1-7:R2$$$",-7.68800000,ok,,flexible
"PEPTIDE1{dA.T.P.Me_Phe(3-Cl).T.Mono84.Y}$PEPTIDE1,PEPTIDE1,1:R1-7:R2$$$",-6.95300000,ok,,flexible
"PEPTIDE1{Me_Bal.G.Phe(4-CF3).Hyp(Et).dP.T.P}$PEPTIDE1,PEPTIDE1,1:R1-7:R2$$$",-6.68600000,ok,,flexible
"PEPTIDE1{dP.Mono6.Asp_piperidide.dP.Hyp(Et).T.Mono2}$PEPTIDE1,PEPTIDE1,1:R1-7:R2$$$",-6.37000000,ok,,flexible
"PEPTIDE1{Me_Bal.P.F.G.P.dY.T}$PEPTIDE1,PEPTIDE1,1:R1-7:R2$$$",-7.53000000,ok,,flexible
"PEPTIDE1{dA.dY.dP.Phe(4-CF3).Y.P.dP}$PEPTIDE1,PEPTIDE1,1:R1-7:R2$$$",-7.60100000,ok,,flexible
"PEPTIDE1{dA.Me_Phe(3-Cl).P.F.3Pal.Mono84.T}$PEPTIDE1,PEPTIDE1,1:R1-7:R2$$$",-7.05500000,ok,,flexible
"PEPTIDE1{dP.T.Y.dP.Mono78.F.Phe(4-CF3)}$PEPTIDE1,PEPTIDE1,1:R1-7:R2$$$",-6.37800000,ok,,flexible
"PEPTIDE1{dA.D.Asp_piperidide.meL.Me_Phe(3-Cl).P.dP}$PEPTIDE1,PEPTIDE1,1:R1-7:R2$$$",-6.30500000,ok,,flexible
"PEPTIDE1{Mono6.T.P.Y.Me_Phe(3-Cl).dP.P}$PEPTIDE1,PEPTIDE1,1:R1-7:R2$$$",-7.66800000,ok,,flexible
"PEPTIDE1{meA.P.Mono84.T.Hyp(Et).Mono2.G}$PEPTIDE1,PEPTIDE1,1:R1-7:R2$$$",-6.92800000,ok,,flexible
"PEPTIDE1{Me_Bal.D.Me_Phe(3-Cl).dP.Y.P.Phe(4-CF3)}$PEPTIDE1,PEPTIDE1,1:R1-7:R2$$$",-7.33600000,ok,,flexible
"PEPTIDE1{Mono6.dP.meY.Mono84.P.T.dP}$PEPTIDE1,PEPTIDE1,1:R1-7:R2$$$",-8.96600000,ok,,flexible
"PEPTIDE1{dF.3Pal.G.P.T.P.dP}$PEPTIDE1,PEPTIDE1,1:R1-7:R2$$$",-7.35700000,ok,,flexible
"PEPTIDE1{Me_Bal.P.F.Y.T.P.G}$PEPTIDE1,PEPTIDE1,1:R1-7:R2$$$",-7.15400000,ok,,flexible
"PEPTIDE1{Mono6.G.T.P.3Pal.Mono84.dP}$PEPTIDE1,PEPTIDE1,1:R1-7:R2$$$",-6.83300000,ok,,flexible
"PEPTIDE1{Me_Bal.Phe(4-CF3).P.T.F.G.dY}$PEPTIDE1,PEPTIDE1,1:R1-7:R2$$$",-6.75600000,ok,,flexible
"PEPTIDE1{Mono6.P.Asp_piperidide.Me_Phe(3-Cl).P.F.T}$PEPTIDE1,PEPTIDE1,1:R1-7:R2$$$",-7.10100000,ok,,flexible
"PEPTIDE1{Me_Bal.Me_dL.P.meL.F.Hyp(Et).dP}$PEPTIDE1,PEPTIDE1,1:R1-7:R2$$$",-6.15200000,ok,,flexible
"PEPTIDE1{Me_dA.dP.Asp_piperidide.dP.Hyp(Et).Mono84.T}$PEPTIDE1,PEPTIDE1,1:R1-7:R2$$$",-6.68600000,ok,,flexible
"PEPTIDE1{Mono6.T.meY.P.P.Mono84.dP}$PEPTIDE1,PEPTIDE1,1:R1-7:R2$$$",-7.94500000,ok,,flexible
"PEPTIDE1{Me_dA.meY.F.Y.dP.Phe(4-CF3).P}$PEPTIDE1,PEPTIDE1,1:R1-7:R2$$$",-7.41300000,ok,,flexible
"PEPTIDE1{Mono6.3Pal.D.T.Me_Phe(3-Cl).P.P}$PEPTIDE1,PEPTIDE1,1:R1-7:R2$$$",-7.00900000,ok,,flexible
"PEPTIDE1{F.dP.T.P.T.P.P}$PEPTIDE1,PEPTIDE1,1:R1-7:R2$$$",-6.86200000,ok,,flexible
"PEPTIDE1{Me_Bal.Me_dAbu.pentyl_Gly.Y.Mono84.P.P}$PEPTIDE1,PEPTIDE1,1:R1-7:R2$$$",-6.03500000,ok,,flexible
"PEPTIDE1{dV.dP.P.Phe(4-CF3).meL.dP.P}$PEPTIDE1,PEPTIDE1,1:R1-7:R2$$$",-7.14600000,ok,,flexible
"PEPTIDE1{dA.F.Me_Phe(3-Cl).P.dP.Phe(4-CF3).G}$PEPTIDE1,PEPTIDE1,1:R1-7:R2$$$",-6.93400000,ok,,flexible
"PEPTIDE1{Mono6.meY.dP.Mono84.Mono2.Y.Hyp(Et)}$PEPTIDE1,PEPTIDE1,1:R1-7:R2$$$",-7.54300000,ok,,flexible
"PEPTIDE1{dA.T.Phe(4-CF3).F.dP.Hyp(Et).Asp_piperidide}$PEPTIDE1,PEPTIDE1,1:R1-7:R2$$$",-6.11700000,ok,,flexible
"PEPTIDE1{Mono6.P.Me_Phe(3-Cl).P.T.P.dP}$PEPTIDE1,PEPTIDE1,1:R1-7:R2$$$",-7.20100000,ok,,flexible
"PEPTIDE1{Mono6.dP.Mono84.P.dP.T.P}$PEPTIDE1,PEPTIDE1,1:R1-7:R2$$$",-7.73900000,ok,,flexible
"PEPTIDE1{dA.P.P.Asp_piperidide.T.F.G}$PEPTIDE1,PEPTIDE1,1:R1-7:R2$$$",-6.95400000,ok,,flexible
"PEPTIDE1{Mono6.T.G.dP.dP.P.Phe(4-CF3)}$PEPTIDE1,PEPTIDE1,1:R1-7:R2$$$",-7.18400000,ok,,flexible
"PEPTIDE1{dP.L.Phe(4-CF3).Y.Hyp(Et).Me_Phe(3-Cl).P}$PEPTIDE1,PEPTIDE1,1:R1-7:R2$$$",-6.50600000,ok,,flexible
"PEPTIDE1{A.Y.dP.Phe(4-CF3).T.3Pal.P}$PEPTIDE1,PEPTIDE1,1:R1-7:R2$$$",-7.26700000,ok,,flexible
"PEPTIDE1{Mono6.P.Y.P.Phe(4-CF3).Asp_piperidide.dP}$PEPTIDE1,PEPTIDE1,1:R1-7:R2$$$",-7.63000000,ok,,flexible
"PEPTIDE1{Me_dA.Phe(4-CF3).T.dY.Y.P.G}$PEPTIDE1,PEPTIDE1,1:R1-7:R2$$$",-7.11000000,ok,,flexible
"PEPTIDE1{Mono6.Mono84.3Pal.Me_Phe(3-Cl).P.dP.Mono2}$PEPTIDE1,PEPTIDE1,1:R1-7:R2$$$",-7.68600000,ok,,flexible
"PEPTIDE1{Me_Bal.3Pal.Mono84.dP.P.P.dP}$PEPTIDE1,PEPTIDE1,1:R1-7:R2$$$",-7.37900000,ok,,flexible
"PEPTIDE1{Mono6.meY.Ala(5-Tet).Y.P.dP.dP}$PEPTIDE1,PEPTIDE1,1:R1-7:R2$$$",-7.14500000,ok,,flexible
"PEPTIDE1{meA.T.G.Et_Gly.Me_Phe(3-Cl).P.dP}$PEPTIDE1,PEPTIDE1,1:R1-7:R2$$$",-6.56800000,ok,,flexible
"PEPTIDE1{Mono6.Asp_piperidide.Me_Phe(3-Cl).P.3Pal.dP.Phe(4-CF3)}$PEPTIDE1,PEPTIDE1,1:R1-7:R2$$$",-7.34300000,ok,,flexible
"PEPTIDE1{Me_Bal.Me_dA.dP.Me_Phe(3-Cl).F.Hyp(Et).dP}$PEPTIDE1,PEPTIDE1,1:R1-7:R2$$$",-7.00100000,ok,,flexible
"PEPTIDE1{Me_dA.Me_dL.meY.Asp_piperidide.Mono84.Y.P}$PEPTIDE1,PEPTIDE1,1:R1-7:R2$$$",-6.87000000,ok,,flexible
"PEPTIDE1{Me_dA.Hyp(Et).dP.P.dP.P.G}$PEPTIDE1,PEPTIDE1,1:R1-7:R2$$$",-6.96900000,ok,,flexible
"PEPTIDE1{Mono6.Phe(4-CF3).T.Hyp(Et).G.dP.Me_Phe(3-Cl)}$PEPTIDE1,PEPTIDE1,1:R1-7:R2$$$",-6.82100000,ok,,flexible
"PEPTIDE1{meA.Me_dA.T.P.Y.Ala(5-Tet).P}$PEPTIDE1,PEPTIDE1,1:R1-7:R2$$$",-7.09100000,ok,,flexible
"PEPTIDE1{dV.P.dP.Asp_piperidide.dP.P.Hyp(Et)}$PEPTIDE1,PEPTIDE1,1:R1-7:R2$$$",-6.24900000,ok,,flexible
"PEPTIDE1{meA.T.D.P.Phe(4-CF3).dP.P}$PEPTIDE1,PEPTIDE1,1:R1-7:R2$$$",-7.22600000,ok,,flexible
"PEPTIDE1{Me_Bal.dY.dP.Y.P.Phe(4-CF3).dP}$PEPTIDE1,PEPTIDE1,1:R1-7:R2$$$",-7.24300000,ok,,flexible
"PEPTIDE1{dP.meA.P.T.Me_Phe(3-Cl).dP.T}$PEPTIDE1,PEPTIDE1,1:R1-7:R2$$$",-6.85900000,ok,,flexible
"PEPTIDE1{dP.dY.P.F.G.Me_Phe(3-Cl).dP}$PEPTIDE1,PEPTIDE1,1:R1-7:R2$$$",-7.62400000,ok,,flexible
"PEPTIDE1{Me_dA.G.meA.Mono84.meY.F.Me_Phe(3-Cl)}$PEPTIDE1,PEPTIDE1,1:R1-7:R2$$$",-7.03300000,ok,,flexible
"PEPTIDE1{Me_dA.dP.meY.Y.Asp_piperidide.Me_Phe(3-Cl).F}$PEPTIDE1,PEPTIDE1,1:R1-7:R2$$$",-6.53100000,ok,,flexible
"PEPTIDE1{dA.Me_dA.meL.dP.Me_Phe(3-Cl).P.Phe(4-CF3)}$PEPTIDE1,PEPTIDE1,1:R1-7:R2$$$",-7.24500000,ok,,flexible
"PEPTIDE1{Me_dA.P.G.dP.Me_Phe(3-Cl).dP.Y}$PEPTIDE1,PEPTIDE1,1:R1-7:R2$$$",-7.26100000,ok,,flexible
"PEPTIDE1{meA.T.P.Hyp(Et).dP.dP.Mono6}$PEPTIDE1,PEPTIDE1,1:R1-7:R2$$$",-6.93400000,ok,,flexible
"PEPTIDE1{P.F.T.A.Mono6.Asp_piperidide.Y}$PEPTIDE1,PEPTIDE1,1:R1-7:R2$$$",-6.39200000,ok,,flexible
"PEPTIDE1{dP.Y.P.P.Phe(4-CF3).T.G}$PEPTIDE1,PEPTIDE1,1:R1-7:R2$$$",-7.70100000,ok,,flexible
"PEPTIDE1{F.G.3Pal.dP.T.T.Phe(4-CF3)}$PEPTIDE1,PEPTIDE1,1:R1-7:R2$$$",-6.54000000,ok,,flexible
"PEPTIDE1{Me_dA.F.Me_Phe(3-Cl).G.Mono84.Mono6.Ser(tBu)}$PEPTIDE1,PEPTIDE1,1:R1-7:R2$$$",-6.58000000,ok,,flexible
"PEPTIDE1{Me_Bal.G.A.Y.P.Me_Phe(3-Cl).T}$PEPTIDE1,PEPTIDE1,1:R1-7:R2$$$",-7.16300000,ok,,flexible
"PEPTIDE1{dA.dP.P.Mono84.dP.T.P}$PEPTIDE1,PEPTIDE1,1:R1-7:R2$$$",-7.84800000,ok,,flexible
"PEPTIDE1{P.F.Mono6.G.dP.Y.Hyp(Et)}$PEPTIDE1,PEPTIDE1,1:R1-7:R2$$$",-6.40900000,ok,,flexible
"PEPTIDE1{dA.P.Hyp(Et).F.dP.G.P}$PEPTIDE1,PEPTIDE1,1:R1-7:R2$$$",-6.48500000,ok,,flexible
"PEPTIDE1{P.dP.meY.Mono84.dP.Me_Phe(3-Cl).Y}$PEPTIDE1,PEPTIDE1,1:R1-7:R2$$$",-7.02700000,ok,,flexible
"PEPTIDE1{Me_dA.P.dP.A.T.G.P}$PEPTIDE1,PEPTIDE1,1:R1-7:R2$$$",-7.08100000,ok,,flexible
"PEPTIDE1{meA.dP.3Pal.Mono78.P.Phe(4-CF3).Mono84}$PEPTIDE1,PEPTIDE1,1:R1-7:R2$$$",-7.93700000,ok,,flexible
"PEPTIDE1{meA.T.G.Phe(4-CF3).P.F.P}$PEPTIDE1,PEPTIDE1,1:R1-7:R2$$$",-7.10600000,ok,,flexible
"PEPTIDE1{Me_dA.dP.P.G.dP.Phe(4-CF3).Asp_piperidide}$PEPTIDE1,PEPTIDE1,1:R1-7:R2$$$",-7.47700000,ok,,flexible
"PEPTIDE1{dA.dP.Me_Phe(3-Cl).Phe(4-CF3).F.P.P}$PEPTIDE1,PEPTIDE1,1:R1-7:R2$$$",-6.17600000,ok,,flexible
"PEPTIDE1{P.Mono6.Y.3Pal.T.Et_Gly.Phe(4-CF3)}$PEPTIDE1,PEPTIDE1,1:R1-7:R2$$$",-6.71100000,ok,,flexible
"PEPTIDE1{dA.I.Mono84.meA.P.P.P}$PEPTIDE1,PEPTIDE1,1:R1-7:R2$$$",-8.57200000,ok,,flexible
"PEPTIDE1{dA.Ser(tBu).Asp_piperidide.P.P.dP.F}$PEPTIDE1,PEPTIDE1,1:R1-7:R2$$$",-6.52800000,ok,,flexible
"PEPTIDE1{P.Me_Phe(3-Cl).Y.Mono84.G.P.dP}$PEPTIDE1,PEPTIDE1,1:R1-7:R2$$$",-7.35200000,ok,,flexible
"PEPTIDE1{dP.Me_Phe(3-Cl).G.Y.P.Phe(4-CF3).Asp_piperidide}$PEPTIDE1,PEPTIDE1,1:R1-7:R2$$$",-7.28700000,ok,,flexible
"PEPTIDE1{P.Asp_piperidide.F.Mono6.Hyp(Et).Y.T}$PEPTIDE1,PEPTIDE1,1:R1-7:R2$$$",-5.51400000,ok,,flexible
"PEPTIDE1{Me_dA.P.Mono84.Me_Phe(3-Cl).Me_Phe(3-Cl).dP.T}$PEPTIDE1,PEPTIDE1,1:R1-7:R2$$$",-6.97300000,ok,,flexible
"PEPTIDE1{dA.G.dP.T.dP.T.Phe(4-CF3)}$PEPTIDE1,PEPTIDE1,1:R1-7:R2$$$",-7.65700000,ok,,flexible
"PEPTIDE1{dF.Asp_piperidide.T.Hyp(Et).dP.Me_Phe(3-Cl).P}$PEPTIDE1,PEPTIDE1,1:R1-7:R2$$$",-6.87100000,ok,,flexible
"PEPTIDE1{dA.P.dP.P.P.T.dP}$PEPTIDE1,PEPTIDE1,1:R1-7:R2$$$",-7.55500000,ok,,flexible
"PEPTIDE1{meA.meL.F.T.P.Y.3Pal}$PEPTIDE1,PEPTIDE1,1:R1-7:R2$$$",-6.04000000,ok,,flexible
"PEPTIDE1{Me_Bal.T.T.dP.Mono84.Me_Phe(3-Cl).I}$PEPTIDE1,PEPTIDE1,1:R1-7:R2$$$",-6.35800000,ok,,flexible
"PEPTIDE1{dA.T.Mono84.P.Me_Phe(3-Cl).Phe(4-CF3).Y}$PEPTIDE1,PEPTIDE1,1:R1-7:R2$$$",-6.56400000,ok,,flexible
"PEPTIDE1{dA.dP.P.Phe(4-CF3).G.dP.F}$PEPTIDE1,PEPTIDE1,1:R1-7:R2$$$",-8.24400000,ok,,flexible
