Symbol,CXSMILES,Monomer_Type,R1,R2,R3,processed_smiles,failure_reason
X1915,CC(C)(C)[Si](C)(C)OCC(=C)COC[C@@H](N[*])C([*])=O |$;;;;;;;;;;;;;;;;_R1;;_R2;$|,Backbone,H,OH,-,CC(C)(C)[Si](C)(C)OCC(=C)COC[C@@H](NH)C(H)=O,complex_structure
X1770,"[*]N1N=CC=C[C@H]1C([*])=O |$_R1;;;;;;;;_R2;$,c:2,4|",Backbone,H,OH,-,"HN1N=CC=C[C@H]1C(H)=O |$_R1;;;;;;;;_R2;$,c:2,4|",complex_structure
X1854,"CCC=CC[C@@H](C)C[C@H](N(C)[*])C([*])=O |w:3.3,$;;;;;;;;;;;_R1;;_R2;$|",Backbone,H,OH,-,"CCC=CC[C@@H](C)C[C@H](N(C)H)C(H)=O |w:3.3,$;;;;;;;;;;;_R1;;_R2;$|",complex_structure
X2818,"NC(=[NH+]CCC[C@H](N[*])C([*])=O)N1CCCC1 |w:2.2,$;;;;;;;;_R1;;_R2;;;;;;$|",Backbone,H,OH,-,"NC(=[NH+]CCC[C@H](NH)C(H)=O)N1CCCC1 |w:2.2,$;;;;;;;;_R1;;_R2;;;;;;$|",complex_structure
X1481,"OC(=O)[C@@H](CC1=CCCC=C1)N[*] |$;;;;;;;;;;;;_R1$,c:9,t:5|",Backbone,H,-,-,"OC(=O)[C@@H](CC1=CCCC=C1)NH |$;;;;;;;;;;;;_R1$,c:9,t:5|",complex_structure
X242,"CC(C)=CCCC(C)=CC[C@]12C[C@H](N([*])[C@H]1Nc1ccccc21)C([*])=O |w:8.8,$;;;;;;;;;;;;;;_R1;;;;;;;;;;_R2;$|",Backbone,H,OH,-,"CC(C)=CCCC(C)=CC[C@]12C[C@H](N(H)[C@H]1Nc1ccccc21)C(H)=O |w:8.8,$;;;;;;;;;;;;;;_R1;;;;;;;;;;_R2;$|",complex_structure
X572,"FC(F)(F)CNC(NCCCC[C@@H](N[*])C([*])=O)=NCC(F)(F)F |w:18.18,$;;;;;;;;;;;;;;_R1;;_R2;;;;;;;$|",Backbone,H,OH,-,"FC(F)(F)CNC(NCCCC[C@@H](NH)C(H)=O)=NCC(F)(F)F |w:18.18,$;;;;;;;;;;;;;;_R1;;_R2;;;;;;;$|",complex_structure
X200,"OC(=O)[C@@H](N[*])C=CCP(O)(O)=O |w:7.7,$;;;;;_R1;;;;;;;$|",Backbone,H,-,-,"OC(=O)[C@@H](NH)C=CCP(O)(O)=O |w:7.7,$;;;;;_R1;;;;;;;$|",complex_structure
X1632,"CC(C)CCCC(C)=CC[C@]12C[C@H](N([*])[C@H]1Nc1ccccc21)C([*])=O |w:8.8,$;;;;;;;;;;;;;;_R1;;;;;;;;;;_R2;$|",Backbone,H,OH,-,"CC(C)CCCC(C)=CC[C@]12C[C@H](N(H)[C@H]1Nc1ccccc21)C(H)=O |w:8.8,$;;;;;;;;;;;;;;_R1;;;;;;;;;;_R2;$|",complex_structure
X1588,"CCCCCCN=C(NCCCC[C@@H](N[*])C([*])=O)NC#N |w:6.5,$;;;;;;;;;;;;;;;_R1;;_R2;;;;$|",Backbone,H,OH,-,"CCCCCCN=C(NCCCC[C@@H](NH)C(H)=O)NC#N |w:6.5,$;;;;;;;;;;;;;;;_R1;;_R2;;;;$|",complex_structure
X2356,"CS(=O)(=O)CCC=C[C@H](NC(=O)OCc1ccccc1)C([*])=O |w:6.5,$;;;;;;;;;;;;;;;;;;;;;_R2;$|",Backbone,-,OH,-,"CS(=O)(=O)CCC=C[C@H](NC(=O)OCc1ccccc1)C(H)=O |w:6.5,$;;;;;;;;;;;;;;;;;;;;;_R2;$|",complex_structure
X7,"FC(F)(F)CNC(NCCCC[C@H](N[*])C([*])=O)=NCC(F)(F)F |w:18.18,$;;;;;;;;;;;;;;_R1;;_R2;;;;;;;$|",Backbone,H,OH,-,"FC(F)(F)CNC(NCCCC[C@H](NH)C(H)=O)=NCC(F)(F)F |w:18.18,$;;;;;;;;;;;;;;_R1;;_R2;;;;;;;$|",complex_structure
X1678,"CSCOC(=O)C=CC[C@@H](C)[C@@H](O)[C@H](N(C)[*])C([*])=O |w:7.7,$;;;;;;;;;;;;;;;;_R1;;_R2;$|",Backbone,H,OH,-,"CSCOC(=O)C=CC[C@@H](C)[C@@H](O)[C@H](N(C)H)C(H)=O |w:7.7,$;;;;;;;;;;;;;;;;_R1;;_R2;$|",complex_structure
X1877,"CN([*])[C@@H]([C@H](O)C(C)=CCCC[N-][N+]#N)C([*])=O |w:8.8,$;;_R1;;;;;;;;;;;;;;_R2;$|",Backbone,H,OH,-,"CN(H)[C@@H]([C@H](O)C(C)=CCCC[N-][N+]#N)C(H)=O |w:8.8,$;;_R1;;;;;;;;;;;;;;_R2;$|",complex_structure
X1740,"C[C@H](CC=CC(=O)OCCF)[C@@H](O)[C@H](N(C)[*])C([*])=O |w:3.2,$;;;;;;;;;;;;;;;;_R1;;_R2;$|",Backbone,H,OH,-,"C[C@H](CC=CC(=O)OCCF)[C@@H](O)[C@H](N(C)H)C(H)=O |w:3.2,$;;;;;;;;;;;;;;;;_R1;;_R2;$|",complex_structure
X1797,"CN(C)C[C@@H]1C[C@H](N([*])N=C1)C([*])=O |$;;;;;;;;_R1;;;;_R2;$,c:9|",Backbone,H,OH,-,"CN(C)C[C@@H]1C[C@H](N(H)N=C1)C(H)=O |$;;;;;;;;_R1;;;;_R2;$,c:9|",complex_structure
X1437,"[*]N[C@@H](CCCN=C(NCc1ccccn1)NC#N)C([*])=O |w:6.5,$_R1;;;;;;;;;;;;;;;;;;;;_R2;$|",Backbone,H,OH,-,"HN[C@@H](CCCN=C(NCc1ccccn1)NC#N)C(H)=O |w:6.5,$_R1;;;;;;;;;;;;;;;;;;;;_R2;$|",complex_structure
X575,"[*]N[C@@H](CC1=NCNC1)C([*])=O |$_R1;;;;;;;;;;_R2;$,t:4|",Backbone,H,OH,-,"HN[C@@H](CC1=NCNC1)C(H)=O |$_R1;;;;;;;;;;_R2;$,t:4|",complex_structure
X1549,"CC=CCC[C@H](N[*])C([*])=O |w:1.0,$;;;;;;;_R1;;_R2;$|",Backbone,H,OH,-,"CC=CCC[C@H](NH)C(H)=O |w:1.0,$;;;;;;;_R1;;_R2;$|",complex_structure
X2377,"OCC=C1O[C@@H]2CC(=O)N2[C@H]1C([*])=O |w:2.1,$;;;;;;;;;;;;_R2;$|",Backbone,-,OH,-,"OCC=C1O[C@@H]2CC(=O)N2[C@H]1C(H)=O |w:2.1,$;;;;;;;;;;;;_R2;$|",complex_structure
X905,"[*]N1CC=C[C@H]1C([*])=O |$_R1;;;;;;;_R2;$,c:3|",Backbone,H,OH,-,"HN1CC=C[C@H]1C(H)=O |$_R1;;;;;;;_R2;$,c:3|",complex_structure
X2879,"FC(F)(F)CNC(=N)NCCC[C@H](N[*])C([*])=O |w:5.4,$;;;;;;;;;;;;;;_R1;;_R2;$|",Backbone,H,OH,-,"FC(F)(F)CNC(=N)NCCC[C@H](NH)C(H)=O |w:5.4,$;;;;;;;;;;;;;;_R1;;_R2;$|",complex_structure
X1113,"[*]N1CC=CC[C@@H]1C([*])=O |$_R1;;;;;;;;_R2;$,c:3|",Backbone,H,OH,-,"HN1CC=CC[C@@H]1C(H)=O |$_R1;;;;;;;;_R2;$,c:3|",complex_structure
X1682,"C[C@H](C=CCC(O)=O)[C@@H](O)[C@H](N(C)[*])C([*])=O |w:3.3,$;;;;;;;;;;;;;_R1;;_R2;$|",Backbone,H,OH,-,"C[C@H](C=CCC(O)=O)[C@@H](O)[C@H](N(C)H)C(H)=O |w:3.3,$;;;;;;;;;;;;;_R1;;_R2;$|",complex_structure
X1899,"OCC=CCOC[C@@H](N[*])C([*])=O |w:3.3,$;;;;;;;;;_R1;;_R2;$|",Backbone,H,OH,-,"OCC=CCOC[C@@H](NH)C(H)=O |w:3.3,$;;;;;;;;;_R1;;_R2;$|",complex_structure
X18,"CCNC(NCCCC[C@@H](N[*])C([*])=O)=NCC |w:15.15,2.1,$;;;;;;;;;;;_R1;;_R2;;;;$|",Backbone,H,OH,-,"CCNC(NCCCC[C@@H](NH)C(H)=O)=NCC |w:15.15,2.1,$;;;;;;;;;;;_R1;;_R2;;;;$|",complex_structure
X2105,"N[C@@H](CC=CC[C@H](N[*])C(O)=O)C([*])=O |w:4.4,$;;;;;;;;_R1;;;;;_R2;$|",Backbone,H,OH,-,"N[C@@H](CC=CC[C@H](NH)C(O)=O)C(H)=O |w:4.4,$;;;;;;;;_R1;;;;;_R2;$|",complex_structure
X175,"CNC(NCCCC[C@@H](N[*])C([*])=O)=NC |w:14.14,1.0,$;;;;;;;;;;_R1;;_R2;;;$|",Backbone,H,OH,-,"CNC(NCCCC[C@@H](NH)C(H)=O)=NC |w:14.14,1.0,$;;;;;;;;;;_R1;;_R2;;;$|",complex_structure
X314,"CCCCSNC(NC#N)=NCCCC[C@@H](N[*])C([*])=O |w:10.10,$;;;;;;;;;;;;;;;;;_R1;;_R2;$|",Backbone,H,OH,-,"CCCCSNC(NC#N)=NCCCC[C@@H](NH)C(H)=O |w:10.10,$;;;;;;;;;;;;;;;;;_R1;;_R2;$|",complex_structure
X1589,"CCCCCCN=C(NCCCC[C@H](N[*])C([*])=O)NC#N |w:6.5,$;;;;;;;;;;;;;;;_R1;;_R2;;;;$|",Backbone,H,OH,-,"CCCCCCN=C(NCCCC[C@H](NH)C(H)=O)NC#N |w:6.5,$;;;;;;;;;;;;;;;_R1;;_R2;;;;$|",complex_structure
X590,"[*]N1C[C@H](C[C@H]1C([*])=O)n1cc(nn1)C1=CCCCC1 |$_R1;;;;;;;_R2;;;;;;;;;;;;$,t:16|",Backbone,H,OH,-,"HN1C[C@H](C[C@H]1C(H)=O)n1cc(nn1)C1=CCCCC1 |$_R1;;;;;;;_R2;;;;;;;;;;;;$,t:16|",complex_structure
X1350,"CCCCN=C(NCCC[C@H](N[*])C([*])=O)NC#N |w:4.3,$;;;;;;;;;;;;_R1;;_R2;;;;$|",Backbone,H,OH,-,"CCCCN=C(NCCC[C@H](NH)C(H)=O)NC#N |w:4.3,$;;;;;;;;;;;;_R1;;_R2;;;;$|",complex_structure
X1650,"CC=CC=CC=CC(=O)OC[C@H](N[*])C([*])=O |w:1.0,4.4,6.6,$;;;;;;;;;;;;;_R1;;_R2;$|",Backbone,H,OH,-,"CC=CC=CC=CC(=O)OC[C@H](NH)C(H)=O |w:1.0,4.4,6.6,$;;;;;;;;;;;;;_R1;;_R2;$|",complex_structure
X11,"[*]N=C(Cc1ccccc1)C([*])=O |w:1.0,$_R1;;;;;;;;;;;_R2;$|",Backbone,H,OH,-,"HN=C(Cc1ccccc1)C(H)=O |w:1.0,$_R1;;;;;;;;;;;_R2;$|",model_processing_error
X1097,"COC1=CC(=O)N([C@H]1Cc1ccccc1)C(=O)[C@@H](OC(=O)[C@H]1CCCN1[*])C(C)C |$;;;;;;;;;;;;;;;;;;;;;;;;;;_R1;;;$,t:2|",Backbone,H,-,-,"COC1=CC(=O)N([C@H]1Cc1ccccc1)C(=O)[C@@H](OC(=O)[C@H]1CCCN1H)C(C)C |$;;;;;;;;;;;;;;;;;;;;;;;;;;_R1;;;$,t:2|",complex_structure
X1835,"CCOC(=O)C=CC[C@@H](C)[C@@H](O)[C@H](N(C)[*])C([*])=O |w:6.6,$;;;;;;;;;;;;;;;_R1;;_R2;$|",Backbone,H,OH,-,"CCOC(=O)C=CC[C@@H](C)[C@@H](O)[C@H](N(C)H)C(H)=O |w:6.6,$;;;;;;;;;;;;;;;_R1;;_R2;$|",complex_structure
X2737,"CC(C)CCC[C@@H](C)[C@H]1CC[C@H]2[C@@H]3CC=C4C[C@H](CC[C@]4(C)[C@H]3CC[C@]12C)OC(=O)[C@H](CCCCN)N[*] |$;;;;;;;;;;;;;;;;;;;;;;;;;;;;;;;;;;;;;_R1$,t:14|",Backbone,H,-,-,"CC(C)CCC[C@@H](C)[C@H]1CC[C@H]2[C@@H]3CC=C4C[C@H](CC[C@]4(C)[C@H]3CC[C@]12C)OC(=O)[C@H](CCCCN)NH |$;;;;;;;;;;;;;;;;;;;;;;;;;;;;;;;;;;;;;_R1$,t:14|",complex_structure
X315,"CCCCSNC(NC#N)=NCCCC[C@H](N[*])C([*])=O |w:10.10,$;;;;;;;;;;;;;;;;;_R1;;_R2;$|",Backbone,H,OH,-,"CCCCSNC(NC#N)=NCCCC[C@H](NH)C(H)=O |w:10.10,$;;;;;;;;;;;;;;;;;_R1;;_R2;$|",complex_structure
X377,"[*]N[C@H](CCCCNC1=NCCCN1)C([*])=O |$_R1;;;;;;;;;;;;;;;_R2;$,t:8|",Backbone,H,OH,-,"HN[C@H](CCCCNC1=NCCCN1)C(H)=O |$_R1;;;;;;;;;;;;;;;_R2;$,t:8|",complex_structure
X2362,"Oc1ccc(C[C@H](N=CCC(=O)[C@@H]2CCCN2[*])C([*])=O)cc1 |w:8.8,$;;;;;;;;;;;;;;;;;_R1;;_R2;;;$|",Backbone,H,OH,-,"Oc1ccc(C[C@H](N=CCC(=O)[C@@H]2CCCN2H)C(H)=O)cc1 |w:8.8,$;;;;;;;;;;;;;;;;;_R1;;_R2;;;$|",complex_structure
X3019,"CC(C)=CCCC(C)=CCCC(C)=CC[C@]12C[C@H](N([*])[C@@H]1Nc1ccccc21)C([*])=O |w:8.8,13.13,$;;;;;;;;;;;;;;;;;;;_R1;;;;;;;;;;_R2;$|",Backbone,H,OH,-,"CC(C)=CCCC(C)=CCCC(C)=CC[C@]12C[C@H](N(H)[C@@H]1Nc1ccccc21)C(H)=O |w:8.8,13.13,$;;;;;;;;;;;;;;;;;;;_R1;;;;;;;;;;_R2;$|",complex_structure
X1023,"CCCCCCCCCCCCCCCCCC(=O)OC[C@@H](COC(=O)[C@@H](N[*])[C@@H](C)CC)OC(=O)CCCC=CCC=CCC=CCC=CCCCCC |w:39.38,42.41,45.44,48.47,$;;;;;;;;;;;;;;;;;;;;;;;;;;;;_R1;;;;;;;;;;;;;;;;;;;;;;;;;;$|",Backbone,H,-,-,"CCCCCCCCCCCCCCCCCC(=O)OC[C@@H](COC(=O)[C@@H](NH)[C@@H](C)CC)OC(=O)CCCC=CCC=CCC=CCC=CCCCCC |w:39.38,42.41,45.44,48.47,$;;;;;;;;;;;;;;;;;;;;;;;;;;;;_R1;;;;;;;;;;;;;;;;;;;;;;;;;;$|",complex_structure
X1813,"[*]N=C(Cc1cccnc1)C([*])=O |w:1.0,$_R1;;;;;;;;;;;_R2;$|",Backbone,H,OH,-,"HN=C(Cc1cccnc1)C(H)=O |w:1.0,$_R1;;;;;;;;;;;_R2;$|",model_processing_error
X1853,"C[C@H](CC=CC=C)[C@@H](O)[C@H](N(C)[*])C([*])=O |w:3.2,$;;;;;;;;;;;;_R1;;_R2;$|",Backbone,H,OH,-,"C[C@H](CC=CC=C)[C@@H](O)[C@H](N(C)H)C(H)=O |w:3.2,$;;;;;;;;;;;;_R1;;_R2;$|",complex_structure
X1774,"C[C@H](CC=CCO)[C@@H](O)[C@H](N(C)[*])C([*])=O |w:3.2,$;;;;;;;;;;;;_R1;;_R2;$|",Backbone,H,OH,-,"C[C@H](CC=CCO)[C@@H](O)[C@H](N(C)H)C(H)=O |w:3.2,$;;;;;;;;;;;;_R1;;_R2;$|",complex_structure
X2176,"CCCCCCCC=CCn1cncc1C[C@H](N[*])C([*])=O |w:8.8,$;;;;;;;;;;;;;;;;;;_R1;;_R2;$|",Backbone,H,OH,-,"CCCCCCCC=CCn1cncc1C[C@H](NH)C(H)=O |w:8.8,$;;;;;;;;;;;;;;;;;;_R1;;_R2;$|",complex_structure
X634,"[*]N1C[C@@H](C[C@H]1C([*])=O)ON=Cc1ccc-2c(Cc3ccccc-23)c1 |w:10.10,$_R1;;;;;;;_R2;;;;;;;;;;;;;;;;;$|",Backbone,H,OH,-,"HN1C[C@@H](C[C@H]1C(H)=O)ON=Cc1ccc-2c(Cc3ccccc-23)c1 |w:10.10,$_R1;;;;;;;_R2;;;;;;;;;;;;;;;;;$|",complex_structure
X2458,"CC(C)C[C@H](NC(=O)N[C@@H]([C@@H]1CCN=C(N)N1)C([*])=O)C(O)=O |$;;;;;;;;;;;;;;;;;;_R2;;;;$,t:13|",Backbone,-,OH,-,"CC(C)C[C@H](NC(=O)N[C@@H]([C@@H]1CCN=C(N)N1)C(H)=O)C(O)=O |$;;;;;;;;;;;;;;;;;;_R2;;;;$,t:13|",complex_structure
X2892,"CC(=O)N([C@@H](Cc1ccccc1)C([*])=O)C(=O)C=Cc1ccccc1 |w:17.17,$;;;;;;;;;;;;;_R2;;;;;;;;;;;$|",Backbone,-,OH,-,"CC(=O)N([C@@H](Cc1ccccc1)C(H)=O)C(=O)C=Cc1ccccc1 |w:17.17,$;;;;;;;;;;;;;_R2;;;;;;;;;;;$|",complex_structure
X886,"CC(=O)CC=C[C@H](N[*])C(O)=O |w:4.3,$;;;;;;;;_R1;;;$|",Backbone,H,-,-,"CC(=O)CC=C[C@H](NH)C(O)=O |w:4.3,$;;;;;;;;_R1;;;$|",complex_structure
X956,"CC(=N[*])C([*])=O |w:2.2,$;;;_R1;;_R2;$|",Backbone,H,OH,-,"CC(=NH)C(H)=O |w:2.2,$;;;_R1;;_R2;$|",model_processing_error
X1708,"[*]N[C@H](C([*])=O)C1=CCC=CC1 |$_R1;;;;_R2;;;;;;;$,c:9,t:6|",Backbone,H,OH,-,"HN[C@H](C(H)=O)C1=CCC=CC1 |$_R1;;;;_R2;;;;;;;$,c:9,t:6|",complex_structure
X1822,"CC(C)OC(=O)CCC=C(C)[C@@H](O)[C@H](N(C)[*])C([*])=O |w:8.7,$;;;;;;;;;;;;;;;;_R1;;_R2;$|",Backbone,H,OH,-,"CC(C)OC(=O)CCC=C(C)[C@@H](O)[C@H](N(C)H)C(H)=O |w:8.7,$;;;;;;;;;;;;;;;;_R1;;_R2;$|",complex_structure
X1713,"[*]N1N=CCC[C@H]1C([*])=O |$_R1;;;;;;;;_R2;$,c:2|",Backbone,H,OH,-,"HN1N=CCC[C@H]1C(H)=O |$_R1;;;;;;;;_R2;$,c:2|",complex_structure
X2840,"CCCCCCC=CC(=O)N([C@@H](Cc1ccc(F)cc1)C([*])=O)C(C)=O |w:6.5,$;;;;;;;;;;;;;;;;;;;;;_R2;;;;$|",Backbone,-,OH,-,"CCCCCCC=CC(=O)N([C@@H](Cc1ccc(F)cc1)C(H)=O)C(C)=O |w:6.5,$;;;;;;;;;;;;;;;;;;;;;_R2;;;;$|",complex_structure
X2829,"CS(=O)(=O)CC[C@H](N[*])C(=O)C=CS(=O)(=O)c1ccccc1 |w:11.10,$;;;;;;;;_R1;;;;;;;;;;;;;$|",Backbone,H,-,-,"CS(=O)(=O)CC[C@H](NH)C(=O)C=CS(=O)(=O)c1ccccc1 |w:11.10,$;;;;;;;;_R1;;;;;;;;;;;;;$|",complex_structure
X2107,"CC(C)(C)OC(=O)N[C@@H](CCCCCC=C[C@@H]1C[C@]1(N[*])C(O)=O)C([*])=O |w:14.13,$;;;;;;;;;;;;;;;;;;;;_R1;;;;;_R2;$|",Backbone,H,OH,-,"CC(C)(C)OC(=O)N[C@@H](CCCCCC=C[C@@H]1C[C@]1(NH)C(O)=O)C(H)=O |w:14.13,$;;;;;;;;;;;;;;;;;;;;_R1;;;;;_R2;$|",complex_structure
X2110,"COC(=O)[C@H](Cc1cccc(OC(=O)C=Cc2ccccc2)c1)N[*] |w:14.13,$;;;;;;;;;;;;;;;;;;;;;;;;_R1$|",Backbone,H,-,-,"COC(=O)[C@H](Cc1cccc(OC(=O)C=Cc2ccccc2)c1)NH |w:14.13,$;;;;;;;;;;;;;;;;;;;;;;;;_R1$|",complex_structure
X174,"CCN=C(NCCCC[C@@H](N[*])C([*])=O)NCCCN(C)C |w:2.1,$;;;;;;;;;;;_R1;;_R2;;;;;;;;$|",Backbone,H,OH,-,"CCN=C(NCCCC[C@@H](NH)C(H)=O)NCCCN(C)C |w:2.1,$;;;;;;;;;;;_R1;;_R2;;;;;;;;$|",complex_structure
X2611,"CC(C)[C@H](N[*])C(=O)C1=N[C@@H](C)CO1 |$;;;;;_R1;;;;;;;;$,t:8|",Backbone,H,-,-,"CC(C)[C@H](NH)C(=O)C1=N[C@@H](C)CO1 |$;;;;;_R1;;;;;;;;$,t:8|",complex_structure
X2280,"CC(C)C[C@H](N[*])C(=O)CN1CCC=C(C1)C(O)=O |$;;;;;;_R1;;;;;;;;;;;;$,c:13|",Backbone,H,-,-,"CC(C)C[C@H](NH)C(=O)CN1CCC=C(C1)C(O)=O |$;;;;;;_R1;;;;;;;;;;;;$,c:13|",complex_structure
X2867,"CC(=O)N([C@@H](Cc1ccc(F)cc1)C([*])=O)C(=O)C=Cc1ccc(O)cc1 |w:18.18,$;;;;;;;;;;;;;;_R2;;;;;;;;;;;;$|",Backbone,-,OH,-,"CC(=O)N([C@@H](Cc1ccc(F)cc1)C(H)=O)C(=O)C=Cc1ccc(O)cc1 |w:18.18,$;;;;;;;;;;;;;;_R2;;;;;;;;;;;;$|",complex_structure
X982,"CCCCN=C(NCCCC[C@H](N[*])C([*])=O)NC#N |w:4.3,$;;;;;;;;;;;;;_R1;;_R2;;;;$|",Backbone,H,OH,-,"CCCCN=C(NCCCC[C@H](NH)C(H)=O)NC#N |w:4.3,$;;;;;;;;;;;;;_R1;;_R2;;;;$|",complex_structure
X1902,"COCOC(=O)C=CC[C@@H](C)[C@@H](O)[C@H](N(C)[*])C([*])=O |w:7.7,$;;;;;;;;;;;;;;;;_R1;;_R2;$|",Backbone,H,OH,-,"COCOC(=O)C=CC[C@@H](C)[C@@H](O)[C@H](N(C)H)C(H)=O |w:7.7,$;;;;;;;;;;;;;;;;_R1;;_R2;$|",complex_structure
X1931,C[C@H](C[C@H]1OC11CC1)[C@@H](O[Si](C)(C)C(C)(C)C)[C@H](N(C)[*])C([*])=O |$;;;;;;;;;;;;;;;;;;;;_R1;;_R2;$|,Backbone,H,OH,-,C[C@H](C[C@H]1OC11CC1)[C@@H](O[Si](C)(C)C(C)(C)C)[C@H](N(C)H)C(H)=O,complex_structure
X420,"CCCCN=C(NCCCC[C@@H](N[*])C([*])=O)NC#N |w:4.3,$;;;;;;;;;;;;;_R1;;_R2;;;;$|",Backbone,H,OH,-,"CCCCN=C(NCCCC[C@@H](NH)C(H)=O)NC#N |w:4.3,$;;;;;;;;;;;;;_R1;;_R2;;;;$|",complex_structure
X2841,"Fc1ccc(C[C@H](N[*])C(=O)NC(=O)C=Cc2ccccc2)cc1 |w:14.13,$;;;;;;;;_R1;;;;;;;;;;;;;;;$|",Backbone,H,-,-,"Fc1ccc(C[C@H](NH)C(=O)NC(=O)C=Cc2ccccc2)cc1 |w:14.13,$;;;;;;;;_R1;;;;;;;;;;;;;;;$|",complex_structure
X2252,"COC1=CC(=O)N([C@H]1Cc1ccccc1)C(=O)[C@@H](OC(=O)[C@@H](C)N(C)[*])C(C)C |$;;;;;;;;;;;;;;;;;;;;;;;;;_R1;;;$,t:2|",Backbone,H,-,-,"COC1=CC(=O)N([C@H]1Cc1ccccc1)C(=O)[C@@H](OC(=O)[C@@H](C)N(C)H)C(C)C |$;;;;;;;;;;;;;;;;;;;;;;;;;_R1;;;$,t:2|",complex_structure
X2832,"[*]N[C@@H](CCCNC(=N)NC1CC1)C([*])=O |w:9.9,$_R1;;;;;;;;;;;;;;_R2;$|",Backbone,H,OH,-,"HN[C@@H](CCCNC(=N)NC1CC1)C(H)=O |w:9.9,$_R1;;;;;;;;;;;;;;_R2;$|",complex_structure
X2796,"CC(=O)N([C@@H](Cc1ccc(F)cc1)C([*])=O)C(=O)C=Cc1ccc(F)cc1 |w:18.18,$;;;;;;;;;;;;;;_R2;;;;;;;;;;;;$|",Backbone,-,OH,-,"CC(=O)N([C@@H](Cc1ccc(F)cc1)C(H)=O)C(=O)C=Cc1ccc(F)cc1 |w:18.18,$;;;;;;;;;;;;;;_R2;;;;;;;;;;;;$|",complex_structure
X893,CC(=[Se])NCCCC[C@H](N[*])C([*])=O |$;;;;;;;;;;_R1;;_R2;$|,Backbone,H,OH,-,CC(=[Se])NCCCC[C@H](NH)C(H)=O,complex_structure
X1039,"COC(=O)[C@H](COC(=O)C=Cc1ccccc1)N[*] |w:9.8,$;;;;;;;;;;;;;;;;;;_R1$|",Backbone,H,-,-,"COC(=O)[C@H](COC(=O)C=Cc1ccccc1)NH |w:9.8,$;;;;;;;;;;;;;;;;;;_R1$|",complex_structure
X1690,"CC=CCC(C)(C)[C@@H](O)[C@H](N(C)[*])C([*])=O |w:1.0,$;;;;;;;;;;;;_R1;;_R2;$|",Backbone,H,OH,-,"CC=CCC(C)(C)[C@@H](O)[C@H](N(C)H)C(H)=O |w:1.0,$;;;;;;;;;;;;_R1;;_R2;$|",complex_structure
X149,"Oc1ccc(C[C@H](N[*])C([*])=O)cc1N=Nc1ccc([N-][N+]#N)cc1 |w:14.14,$;;;;;;;;_R1;;_R2;;;;;;;;;;;;;;$|",Backbone,H,OH,-,"Oc1ccc(C[C@H](NH)C(H)=O)cc1N=Nc1ccc([N-][N+]#N)cc1 |w:14.14,$;;;;;;;;_R1;;_R2;;;;;;;;;;;;;;$|",complex_structure
X2809,"CC[C@@H](C)[C@@H](N)C1=N[C@@H](CS1)C([*])=O |$;;;;;;;;;;;;_R2;$,t:6|",Backbone,-,OH,-,"CC[C@@H](C)[C@@H](N)C1=N[C@@H](CS1)C(H)=O |$;;;;;;;;;;;;_R2;$,t:6|",complex_structure
X1438,"[*]N[C@H](CCCN=C(NCc1ccccn1)NC#N)C([*])=O |w:6.5,$_R1;;;;;;;;;;;;;;;;;;;;_R2;$|",Backbone,H,OH,-,"HN[C@H](CCCN=C(NCc1ccccn1)NC#N)C(H)=O |w:6.5,$_R1;;;;;;;;;;;;;;;;;;;;_R2;$|",complex_structure
X1240,"CC(C)NC(NCCCC[C@@H](N[*])C([*])=O)=NC(C)C |w:16.16,$;;;;;;;;;;;;_R1;;_R2;;;;;$|",Backbone,H,OH,-,"CC(C)NC(NCCCC[C@@H](NH)C(H)=O)=NC(C)C |w:16.16,$;;;;;;;;;;;;_R1;;_R2;;;;;$|",complex_structure
X1490,"NN=C(N)N(N)CCC[C@H](N[*])C(O)=O |w:1.0,$;;;;;;;;;;;_R1;;;$|",Backbone,H,-,-,"NN=C(N)N(N)CCC[C@H](NH)C(O)=O |w:1.0,$;;;;;;;;;;;_R1;;;$|",complex_structure
X2753,"[*]N[C@@H](Cc1ccc(C=Cc2ccccc2)cc1)C([*])=O |w:8.7,$_R1;;;;;;;;;;;;;;;;;;;_R2;$|",Backbone,H,OH,-,"HN[C@@H](Cc1ccc(C=Cc2ccccc2)cc1)C(H)=O |w:8.7,$_R1;;;;;;;;;;;;;;;;;;;_R2;$|",complex_structure
X2641,"COC(=O)[C@H](Cc1ccc(OC(=O)C=Cc2ccccc2)cc1)N[*] |w:13.12,$;;;;;;;;;;;;;;;;;;;;;;;;_R1$|",Backbone,H,-,-,"COC(=O)[C@H](Cc1ccc(OC(=O)C=Cc2ccccc2)cc1)NH |w:13.12,$;;;;;;;;;;;;;;;;;;;;;;;;_R1$|",complex_structure
X2899,"CC=CCC=CC(=O)N([C@@H](Cc1ccc(F)cc1)C([*])=O)C(C)=O |w:1.0,4.3,$;;;;;;;;;;;;;;;;;;;_R2;;;;$|",Backbone,-,OH,-,"CC=CCC=CC(=O)N([C@@H](Cc1ccc(F)cc1)C(H)=O)C(C)=O |w:1.0,4.3,$;;;;;;;;;;;;;;;;;;;_R2;;;;$|",complex_structure
X21,"[*]N[C@H](CCCCNC(NC#N)=NC1CCCCC1)C([*])=O |w:12.12,$_R1;;;;;;;;;;;;;;;;;;;;_R2;$|",Backbone,H,OH,-,"HN[C@H](CCCCNC(NC#N)=NC1CCCCC1)C(H)=O |w:12.12,$_R1;;;;;;;;;;;;;;;;;;;;_R2;$|",complex_structure
X1040,"CNC(NCCC[C@H](N[*])C([*])=O)=NC |w:13.13,1.0,$;;;;;;;;;_R1;;_R2;;;$|",Backbone,H,OH,-,"CNC(NCCC[C@H](NH)C(H)=O)=NC |w:13.13,1.0,$;;;;;;;;;_R1;;_R2;;;$|",complex_structure
X1826,"CC(C)[C@H](N([*])CC=C(C)CO)C([*])=O |w:7.6,$;;;;;_R1;;;;;;;;_R2;$|",Backbone,H,OH,-,"CC(C)[C@H](N(H)CC=C(C)CO)C(H)=O |w:7.6,$;;;;;_R1;;;;;;;;_R2;$|",complex_structure
X17,"CCNC(NCCCC[C@H](N[*])C([*])=O)=NCC |w:15.15,2.1,$;;;;;;;;;;;_R1;;_R2;;;;$|",Backbone,H,OH,-,"CCNC(NCCCC[C@H](NH)C(H)=O)=NCC |w:15.15,2.1,$;;;;;;;;;;;_R1;;_R2;;;;$|",complex_structure
X431,"[*]N[C@@H](CC1=CCC(=O)CC1)C([*])=O |$_R1;;;;;;;;;;;;_R2;$,t:4|",Backbone,H,OH,-,"HN[C@@H](CC1=CCC(=O)CC1)C(H)=O |$_R1;;;;;;;;;;;;_R2;$,t:4|",complex_structure
X1203,"COc1ccc(C=NO[C@@H]2C[C@H](N([*])C2)C([*])=O)cc1OC |w:7.7,$;;;;;;;;;;;;;_R1;;;_R2;;;;;$|",Backbone,H,OH,-,"COc1ccc(C=NO[C@@H]2C[C@H](N(H)C2)C(H)=O)cc1OC |w:7.7,$;;;;;;;;;;;;;_R1;;;_R2;;;;;$|",complex_structure
X630,"[*]N[C@@H](CCCCN=C(NCc1ccccn1)NC#N)C([*])=O |w:7.6,$_R1;;;;;;;;;;;;;;;;;;;;;_R2;$|",Backbone,H,OH,-,"HN[C@@H](CCCCN=C(NCc1ccccn1)NC#N)C(H)=O |w:7.6,$_R1;;;;;;;;;;;;;;;;;;;;;_R2;$|",complex_structure
X449,"[*]N1C[C@@H](C[C@H]1C([*])=O)ON=Cc1ccc(o1)-c1nc2ccccc2s1 |w:10.10,$_R1;;;;;;;_R2;;;;;;;;;;;;;;;;;;$|",Backbone,H,OH,-,"HN1C[C@@H](C[C@H]1C(H)=O)ON=Cc1ccc(o1)-c1nc2ccccc2s1 |w:10.10,$_R1;;;;;;;_R2;;;;;;;;;;;;;;;;;;$|",complex_structure
X3016,C[Si]1(C)C[C@H](N([*])C1)C([*])=O |$;;;;;;_R1;;;_R2;$|,Backbone,H,OH,-,C[Si]1(C)C[C@H](N(H)C1)C(H)=O,complex_structure
X2888,"CCCC[C@H](N[*])C(=O)C=CS(=O)(=O)c1ccccc1 |w:9.8,$;;;;;;_R1;;;;;;;;;;;;;$|",Backbone,H,-,-,"CCCC[C@H](NH)C(=O)C=CS(=O)(=O)c1ccccc1 |w:9.8,$;;;;;;_R1;;;;;;;;;;;;;$|",complex_structure
X1837,"CC(=O)OCC=CCOC[C@@H](N[*])C([*])=O |w:6.6,$;;;;;;;;;;;;_R1;;_R2;$|",Backbone,H,OH,-,"CC(=O)OCC=CCOC[C@@H](NH)C(H)=O |w:6.6,$;;;;;;;;;;;;_R1;;_R2;$|",complex_structure
X1664,"NC1=NC[C@H](N1)[C@@H](O)[C@H](N[*])C([*])=O |$;;;;;;;;;;_R1;;_R2;$,t:1|",Backbone,H,OH,-,"NC1=NC[C@H](N1)[C@@H](O)[C@H](NH)C(H)=O |$;;;;;;;;;;_R1;;_R2;$,t:1|",complex_structure
X1736,"BrCC=CCOC[C@@H](N[*])C([*])=O |w:3.3,$;;;;;;;;;_R1;;_R2;$|",Backbone,H,OH,-,"BrCC=CCOC[C@@H](NH)C(H)=O |w:3.3,$;;;;;;;;;_R1;;_R2;$|",complex_structure
X1669,"CC=CC[C@@H](C)[C@@H](O)[C@@H](N(C)[*])C([*])=O |w:1.0,$;;;;;;;;;;;_R1;;_R2;$|",Backbone,H,OH,-,"CC=CC[C@@H](C)[C@@H](O)[C@@H](N(C)H)C(H)=O |w:1.0,$;;;;;;;;;;;_R1;;_R2;$|",complex_structure
X1781,"C[C@H](CC1=NCc2ccccc2N1)[C@@H](O)[C@H](N(C)[*])C([*])=O |$;;;;;;;;;;;;;;;;;;_R1;;_R2;$,t:3|",Backbone,H,OH,-,"C[C@H](CC1=NCc2ccccc2N1)[C@@H](O)[C@H](N(C)H)C(H)=O |$;;;;;;;;;;;;;;;;;;_R1;;_R2;$,t:3|",complex_structure
X29,"CC(C)N=C(NCCCC[C@H](N[*])C([*])=O)NC#N |w:3.2,$;;;;;;;;;;;;_R1;;_R2;;;;$|",Backbone,H,OH,-,"CC(C)N=C(NCCCC[C@H](NH)C(H)=O)NC#N |w:3.2,$;;;;;;;;;;;;_R1;;_R2;;;;$|",complex_structure
X2451,"CC1(C)C(=CC=CC=CC=CC2=[N+](CC([*])=O)c3ccc4ccccc4c3C2(C)C)N(CCC(O)=O)c2ccc3ccccc3c12 |w:4.4,6.6,8.8,10.10,$;;;;;;;;;;;;;;;_R2;;;;;;;;;;;;;;;;;;;;;;;;;;;;;;$,c:11|",Backbone,-,OH,-,"CC1(C)C(=CC=CC=CC=CC2=[N+](CC(H)=O)c3ccc4ccccc4c3C2(C)C)N(CCC(O)=O)c2ccc3ccccc3c12 |w:4.4,6.6,8.8,10.10,$;;;;;;;;;;;;;;;_R2;;;;;;;;;;;;;;;;;;;;;;;;;;;;;;$,c:11|",complex_structure
X173,"CCCNC(NCCCC[C@@H](N[*])C([*])=O)=NCCC |w:16.16,3.2,$;;;;;;;;;;;;_R1;;_R2;;;;;$|",Backbone,H,OH,-,"CCCNC(NCCCC[C@@H](NH)C(H)=O)=NCCC |w:16.16,3.2,$;;;;;;;;;;;;_R1;;_R2;;;;;$|",complex_structure
X322,"COC1=CC(=O)N([C@@H]1Cc1ccccc1)C(=O)[C@@H](OC(=O)[C@@H]1CCCN1[*])C(C)C |$;;;;;;;;;;;;;;;;;;;;;;;;;;_R1;;;$,t:2|",Backbone,H,-,-,"COC1=CC(=O)N([C@@H]1Cc1ccccc1)C(=O)[C@@H](OC(=O)[C@@H]1CCCN1H)C(C)C |$;;;;;;;;;;;;;;;;;;;;;;;;;;_R1;;;$,t:2|",complex_structure
X3005,C[Si](C)(C)C[C@H](N[*])C([*])=O |$;;;;;;;_R1;;_R2;$|,Backbone,H,OH,-,C[Si](C)(C)C[C@H](NH)C(H)=O,complex_structure
X6,"CN=C(NCCCC[C@H](N[*])C([*])=O)NC#N |w:1.0,$;;;;;;;;;;_R1;;_R2;;;;$|",Backbone,H,OH,-,"CN=C(NCCCC[C@H](NH)C(H)=O)NC#N |w:1.0,$;;;;;;;;;;_R1;;_R2;;;;$|",complex_structure
X2024,"[*]C(=O)C1=CSCC=N1 |$_R2;;;;;;;;$,c:7,t:3|",Backbone,-,OH,-,"HC(=O)C1=CSCC=N1 |$_R2;;;;;;;;$,c:7,t:3|",model_processing_error
X2064,"COc1ccc(C=Cc2cc(OC)c(OC)c(OC)c2)cc1OC(=O)N(CCN)CC([*])=O |w:6.5,$;;;;;;;;;;;;;;;;;;;;;;;;;;;;;;;_R2;$|",Backbone,-,OH,-,"COc1ccc(C=Cc2cc(OC)c(OC)c(OC)c2)cc1OC(=O)N(CCN)CC(H)=O |w:6.5,$;;;;;;;;;;;;;;;;;;;;;;;;;;;;;;;_R2;$|",model_processing_error
X1758,"CC=CC[C@@H](C)C[C@H](N(C)[*])C([*])=O |w:1.0,$;;;;;;;;;;_R1;;_R2;$|",Backbone,H,OH,-,"CC=CC[C@@H](C)C[C@H](N(C)H)C(H)=O |w:1.0,$;;;;;;;;;;_R1;;_R2;$|",complex_structure
X1875,"CC=CCC[C@@H](O)[C@H](N(C)[*])C([*])=O |w:1.0,$;;;;;;;;;;_R1;;_R2;$|",Backbone,H,OH,-,"CC=CCC[C@@H](O)[C@H](N(C)H)C(H)=O |w:1.0,$;;;;;;;;;;_R1;;_R2;$|",complex_structure
X1901,"NC1=NC[C@H](N1)[C@H](O)[C@@H](N[*])C([*])=O |$;;;;;;;;;;_R1;;_R2;$,t:1|",Backbone,H,OH,-,"NC1=NC[C@H](N1)[C@H](O)[C@@H](NH)C(H)=O |$;;;;;;;;;;_R1;;_R2;$,t:1|",complex_structure
X54,"CS(=O)(=O)CC=C[C@H](N[*])C(O)=O |w:5.4,$;;;;;;;;;_R1;;;$|",Backbone,H,-,-,"CS(=O)(=O)CC=C[C@H](NH)C(O)=O |w:5.4,$;;;;;;;;;_R1;;;$|",complex_structure
X218,"COC(=O)[C@H](CSCC=C(C)CCC=C(C)COCc1cccc(c1)C(=O)c1ccccc1)N[*] |w:8.7,13.12,$;;;;;;;;;;;;;;;;;;;;;;;;;;;;;;;;;;_R1$|",Backbone,H,-,-,"COC(=O)[C@H](CSCC=C(C)CCC=C(C)COCc1cccc(c1)C(=O)c1ccccc1)NH |w:8.7,13.12,$;;;;;;;;;;;;;;;;;;;;;;;;;;;;;;;;;;_R1$|",complex_structure
X106,"FC(F)(F)C1(N=N1)c1ccc(C[C@H](N[*])C([*])=O)cc1 |$;;;;;;;;;;;;;;_R1;;_R2;;;$,c:5|",Backbone,H,OH,-,"FC(F)(F)C1(N=N1)c1ccc(C[C@H](NH)C(H)=O)cc1 |$;;;;;;;;;;;;;;_R1;;_R2;;;$,c:5|",complex_structure
X2795,"CC(=O)N([C@@H](Cc1ccc(F)cc1)C([*])=O)C(=O)C=Cc1ccc(C)cc1 |w:18.18,$;;;;;;;;;;;;;;_R2;;;;;;;;;;;;$|",Backbone,-,OH,-,"CC(=O)N([C@@H](Cc1ccc(F)cc1)C(H)=O)C(=O)C=Cc1ccc(C)cc1 |w:18.18,$;;;;;;;;;;;;;;_R2;;;;;;;;;;;;$|",complex_structure
X2088,"CC(C)CCC[C@@H](C)[C@H]1CC[C@H]2[C@@H]3CC=C4C[C@H](CC[C@]4(C)[C@H]3CC[C@]12C)OC(=O)CSC[C@H](N[*])C([*])=O |$;;;;;;;;;;;;;;;;;;;;;;;;;;;;;;;;;;;_R1;;_R2;$,t:14|",Backbone,H,OH,-,"CC(C)CCC[C@@H](C)[C@H]1CC[C@H]2[C@@H]3CC=C4C[C@H](CC[C@]4(C)[C@H]3CC[C@]12C)OC(=O)CSC[C@H](NH)C(H)=O |$;;;;;;;;;;;;;;;;;;;;;;;;;;;;;;;;;;;_R1;;_R2;$,t:14|",complex_structure
X2082,"CCOC(=O)C=CCC[C@H](NC(=O)OCc1ccccc1)C([*])=O |w:6.6,$;;;;;;;;;;;;;;;;;;;;;;_R2;$|",Backbone,-,OH,-,"CCOC(=O)C=CCC[C@H](NC(=O)OCc1ccccc1)C(H)=O |w:6.6,$;;;;;;;;;;;;;;;;;;;;;;_R2;$|",complex_structure
X2191,"CC(C)C[C@H](NC(=O)N[C@@H]([C@@H]1CCN=C(N)N1)C([*])=O)C=O |$;;;;;;;;;;;;;;;;;;_R2;;;$,t:13|",Backbone,-,OH,-,"CC(C)C[C@H](NC(=O)N[C@@H]([C@@H]1CCN=C(N)N1)C(H)=O)C=O |$;;;;;;;;;;;;;;;;;;_R2;;;$,t:13|",complex_structure
X631,"[*]N[C@H](CCCCN=C(NCc1ccccn1)NC#N)C([*])=O |w:7.6,$_R1;;;;;;;;;;;;;;;;;;;;;_R2;$|",Backbone,H,OH,-,"HN[C@H](CCCCN=C(NCc1ccccn1)NC#N)C(H)=O |w:7.6,$_R1;;;;;;;;;;;;;;;;;;;;;_R2;$|",complex_structure
X1619,"COC(=O)[C@H](CSCC=C(C)COCc1cccc(c1)C(=O)c1ccccc1)N[*] |w:8.7,$;;;;;;;;;;;;;;;;;;;;;;;;;;;;;_R1$|",Backbone,H,-,-,"COC(=O)[C@H](CSCC=C(C)COCc1cccc(c1)C(=O)c1ccccc1)NH |w:8.7,$;;;;;;;;;;;;;;;;;;;;;;;;;;;;;_R1$|",complex_structure
X2506,"Oc1ccc(CC=N[C@@H](Cc2ccc(OP(O)(O)=O)cc2)C([*])=O)cc1O |w:6.5,$;;;;;;;;;;;;;;;;;;;;;;_R2;;;;$|",Backbone,-,OH,-,"Oc1ccc(CC=N[C@@H](Cc2ccc(OP(O)(O)=O)cc2)C(H)=O)cc1O |w:6.5,$;;;;;;;;;;;;;;;;;;;;;;_R2;;;;$|",complex_structure
X892,"NC1=N[C@@H](CS1)C([*])=O |$;;;;;;;_R2;$,t:1|",Backbone,-,OH,-,"NC1=N[C@@H](CS1)C(H)=O |$;;;;;;;_R2;$,t:1|",complex_structure
X727,"ClC=CCNCCCC[C@H](N[*])C([*])=O |w:1.0,$;;;;;;;;;;;_R1;;_R2;$|",Backbone,H,OH,-,"ClC=CCNCCCC[C@H](NH)C(H)=O |w:1.0,$;;;;;;;;;;;_R1;;_R2;$|",complex_structure
X1712,"[*]N1N=CCC[C@@H]1C([*])=O |$_R1;;;;;;;;_R2;$,c:2|",Backbone,H,OH,-,"HN1N=CCC[C@@H]1C(H)=O |$_R1;;;;;;;;_R2;$,c:2|",complex_structure
X2794,"CC(=O)N([C@@H](Cc1ccc(F)cc1)C([*])=O)C(=O)C=Cc1ccccc1 |w:18.18,$;;;;;;;;;;;;;;_R2;;;;;;;;;;;$|",Backbone,-,OH,-,"CC(=O)N([C@@H](Cc1ccc(F)cc1)C(H)=O)C(=O)C=Cc1ccccc1 |w:18.18,$;;;;;;;;;;;;;;_R2;;;;;;;;;;;$|",complex_structure
X2797,"CC(=O)N([C@H](Cc1cccnc1)C([*])=O)C(=O)C=Cc1ccccc1 |w:17.17,$;;;;;;;;;;;;;_R2;;;;;;;;;;;$|",Backbone,-,OH,-,"CC(=O)N([C@H](Cc1cccnc1)C(H)=O)C(=O)C=Cc1ccccc1 |w:17.17,$;;;;;;;;;;;;;_R2;;;;;;;;;;;$|",complex_structure
X2847,"CN(C)c1ccc2c(-c3ccc(NC(=S)N[C@@H](CC(O)=O)C([*])=O)cc3)c3ccc(cc3oc2c1)=[N+](C)C |w:35.39,$;;;;;;;;;;;;;;;;;;;;;;_R2;;;;;;;;;;;;;;;$|",Backbone,-,OH,-,"CN(C)c1ccc2c(-c3ccc(NC(=S)N[C@@H](CC(O)=O)C(H)=O)cc3)c3ccc(cc3oc2c1)=[N+](C)C |w:35.39,$;;;;;;;;;;;;;;;;;;;;;;_R2;;;;;;;;;;;;;;;$|",complex_structure
X1404,"CC(C)=CCCC(C)=CCCC(C)=CC[C@]12C[C@H](N([*])[C@H]1Nc1ccccc21)C([*])=O |w:8.8,13.13,$;;;;;;;;;;;;;;;;;;;_R1;;;;;;;;;;_R2;$|",Backbone,H,OH,-,"CC(C)=CCCC(C)=CCCC(C)=CC[C@]12C[C@H](N(H)[C@H]1Nc1ccccc21)C(H)=O |w:8.8,13.13,$;;;;;;;;;;;;;;;;;;;_R1;;;;;;;;;;_R2;$|",complex_structure
X261,"[*]N1CC=C[C@@H]1C([*])=O |$_R1;;;;;;;_R2;$,c:3|",Backbone,H,OH,-,"HN1CC=C[C@@H]1C(H)=O |$_R1;;;;;;;_R2;$,c:3|",complex_structure
X217,"COC(=O)[C@H](CSCC=C(C)CCC=C(C)CCC=C(C)C)N[*] |w:8.7,13.12,$;;;;;;;;;;;;;;;;;;;;;;;_R1$|",Backbone,H,-,-,"COC(=O)[C@H](CSCC=C(C)CCC=C(C)CCC=C(C)C)NH |w:8.7,13.12,$;;;;;;;;;;;;;;;;;;;;;;;_R1$|",complex_structure
X1592,"CCCCCCNC(NCCCC[C@@H](N[*])C([*])=O)=NCCCCCC |w:19.19,6.5,$;;;;;;;;;;;;;;;_R1;;_R2;;;;;;;;$|",Backbone,H,OH,-,"CCCCCCNC(NCCCC[C@@H](NH)C(H)=O)=NCCCCCC |w:19.19,6.5,$;;;;;;;;;;;;;;;_R1;;_R2;;;;;;;;$|",complex_structure
X2306,F[Al]1OC(=O)CN2CCN(Cc3ccc(NC(=S)NCCCC[C@H](N[*])C([*])=O)cc3)CCN(CC2)CC(=O)O1 |$;;;;;;;;;;;;;;;;;;;;;;;;;_R1;;_R2;;;;;;;;;;;;$|,Backbone,H,OH,-,F[Al]1OC(=O)CN2CCN(Cc3ccc(NC(=S)NCCCC[C@H](NH)C(H)=O)cc3)CCN(CC2)CC(=O)O1,complex_structure
X2423,"CC(C)C[C@@H](NC(=O)Oc1ccccc1C=CC(=O)NC(=O)[C@H](Cc1ccc(O)cc1)N[*])C([*])=O |w:16.17,$;;;;;;;;;;;;;;;;;;;;;;;;;;;;;;;;_R1;;_R2;$|",Backbone,H,OH,-,"CC(C)C[C@@H](NC(=O)Oc1ccccc1C=CC(=O)NC(=O)[C@H](Cc1ccc(O)cc1)NH)C(H)=O |w:16.17,$;;;;;;;;;;;;;;;;;;;;;;;;;;;;;;;;_R1;;_R2;$|",complex_structure
X781,"CCCCNC(NCCCC[C@@H](N[*])C([*])=O)=NCCCC |w:17.17,4.3,$;;;;;;;;;;;;;_R1;;_R2;;;;;;$|",Backbone,H,OH,-,"CCCCNC(NCCCC[C@@H](NH)C(H)=O)=NCCCC |w:17.17,4.3,$;;;;;;;;;;;;;_R1;;_R2;;;;;;$|",complex_structure
X2894,"[*]N[C@@H](CCCNC(=N)NCc1ccccc1)C([*])=O |w:9.9,$_R1;;;;;;;;;;;;;;;;;;_R2;$|",Backbone,H,OH,-,"HN[C@@H](CCCNC(=N)NCc1ccccc1)C(H)=O |w:9.9,$_R1;;;;;;;;;;;;;;;;;;_R2;$|",complex_structure
X1821,"CCCC=C(C)[C@@H](O)[C@H](N(C)[*])C([*])=O |w:3.2,$;;;;;;;;;;;_R1;;_R2;$|",Backbone,H,OH,-,"CCCC=C(C)[C@@H](O)[C@H](N(C)H)C(H)=O |w:3.2,$;;;;;;;;;;;_R1;;_R2;$|",complex_structure
X2812,"CC(=O)N([C@H](Cc1cccs1)C([*])=O)C(=O)C=Cc1ccccc1 |w:16.16,$;;;;;;;;;;;;_R2;;;;;;;;;;;$|",Backbone,-,OH,-,"CC(=O)N([C@H](Cc1cccs1)C(H)=O)C(=O)C=Cc1ccccc1 |w:16.16,$;;;;;;;;;;;;_R2;;;;;;;;;;;$|",complex_structure
X2905,"CC(=O)N([C@H](CC1CCCCC1)C([*])=O)C(=O)C=Cc1ccccc1 |w:17.17,$;;;;;;;;;;;;;_R2;;;;;;;;;;;$|",Backbone,-,OH,-,"CC(=O)N([C@H](CC1CCCCC1)C(H)=O)C(=O)C=Cc1ccccc1 |w:17.17,$;;;;;;;;;;;;;_R2;;;;;;;;;;;$|",complex_structure
X2102,"CC=CC[C@@H](C)C(=O)[C@H](N(C)[*])C([*])=O |w:1.0,$;;;;;;;;;;;_R1;;_R2;$|",Backbone,H,OH,-,"CC=CC[C@@H](C)C(=O)[C@H](N(C)H)C(H)=O |w:1.0,$;;;;;;;;;;;_R1;;_R2;$|",complex_structure
X1405,"CN(C)C(=NCC([*])=O)N(C)C |w:4.4,$;;;;;;;_R2;;;;$|",Backbone,-,OH,-,"CN(C)C(=NCC(H)=O)N(C)C |w:4.4,$;;;;;;;_R2;;;;$|",model_processing_error
X691,"COC1=CC(=O)N([C@H]1Cc1ccccc1)C(=O)[C@@H](OC(=O)[C@@H]1CCCN1[*])C(C)C |$;;;;;;;;;;;;;;;;;;;;;;;;;;_R1;;;$,t:2|",Backbone,H,-,-,"COC1=CC(=O)N([C@H]1Cc1ccccc1)C(=O)[C@@H](OC(=O)[C@@H]1CCCN1H)C(C)C |$;;;;;;;;;;;;;;;;;;;;;;;;;;_R1;;;$,t:2|",complex_structure
X465,"[*]N1CC=CC[C@H]1C([*])=O |$_R1;;;;;;;;_R2;$,c:3|",Backbone,H,OH,-,"HN1CC=CC[C@H]1C(H)=O |$_R1;;;;;;;;_R2;$,c:3|",complex_structure
X2861,"CC(=O)N([C@@H](Cc1ccc(F)cc1)C([*])=O)C(=O)C=Cc1ccc(N)cc1 |w:18.18,$;;;;;;;;;;;;;;_R2;;;;;;;;;;;;$|",Backbone,-,OH,-,"CC(=O)N([C@@H](Cc1ccc(F)cc1)C(H)=O)C(=O)C=Cc1ccc(N)cc1 |w:18.18,$;;;;;;;;;;;;;;_R2;;;;;;;;;;;;$|",complex_structure
X2868,"CSCC[C@H](N[*])C(=O)C=CS(=O)(=O)c1ccccc1 |w:9.8,$;;;;;;_R1;;;;;;;;;;;;;$|",Backbone,H,-,-,"CSCC[C@H](NH)C(=O)C=CS(=O)(=O)c1ccccc1 |w:9.8,$;;;;;;_R1;;;;;;;;;;;;;$|",complex_structure
X1761,"COCCCC=C(C)[C@@H](O)[C@H](N(C)[*])C([*])=O |w:5.4,$;;;;;;;;;;;;;_R1;;_R2;$|",Backbone,H,OH,-,"COCCCC=C(C)[C@@H](O)[C@H](N(C)H)C(H)=O |w:5.4,$;;;;;;;;;;;;;_R1;;_R2;$|",complex_structure
X30,"CC(C)N=C(NCCCC[C@@H](N[*])C([*])=O)NC#N |w:3.2,$;;;;;;;;;;;;_R1;;_R2;;;;$|",Backbone,H,OH,-,"CC(C)N=C(NCCCC[C@@H](NH)C(H)=O)NC#N |w:3.2,$;;;;;;;;;;;;_R1;;_R2;;;;$|",complex_structure
X2849,"[*]N[C@@H](CC1=CCC=CC1)C([*])=O |$_R1;;;;;;;;;;;_R2;$,c:7,t:4|",Backbone,H,OH,-,"HN[C@@H](CC1=CCC=CC1)C(H)=O |$_R1;;;;;;;;;;;_R2;$,c:7,t:4|",complex_structure
X504,"[*]N[C@@H](CCCCNC1=NCCCN1)C([*])=O |$_R1;;;;;;;;;;;;;;;_R2;$,t:8|",Backbone,H,OH,-,"HN[C@@H](CCCCNC1=NCCCN1)C(H)=O |$_R1;;;;;;;;;;;;;;;_R2;$,t:8|",complex_structure
X2304,"CC[C@H](C)[C@@H](N)C1=N[C@H](CS1)C([*])=O |$;;;;;;;;;;;;_R2;$,t:6|",Backbone,-,OH,-,"CC[C@H](C)[C@@H](N)C1=N[C@H](CS1)C(H)=O |$;;;;;;;;;;;;_R2;$,t:6|",complex_structure
X2877,"CC(=O)N(CC([*])=O)C(=O)C=Cc1ccccc1 |w:10.9,$;;;;;;_R2;;;;;;;;;;;$|",Backbone,-,OH,-,"CC(=O)N(CC(H)=O)C(=O)C=Cc1ccccc1 |w:10.9,$;;;;;;_R2;;;;;;;;;;;$|",model_processing_error
X3001,"CN1[C@H](C=CC[C@H](N[*])C1=O)C1CCCCC1 |$;;;;;;;;_R1;;;;;;;;$,c:3|",Backbone,H,-,-,"CN1[C@H](C=CC[C@H](NH)C1=O)C1CCCCC1 |$;;;;;;;;_R1;;;;;;;;$,c:3|",complex_structure
X5,"CN=C(NCCCC[C@@H](N[*])C([*])=O)NC#N |w:1.0,$;;;;;;;;;;_R1;;_R2;;;;$|",Backbone,H,OH,-,"CN=C(NCCCC[C@@H](NH)C(H)=O)NC#N |w:1.0,$;;;;;;;;;;_R1;;_R2;;;;$|",complex_structure
X1687,"OC(=O)CCC=CC[C@H](N[*])C([*])=O |w:6.6,$;;;;;;;;;;_R1;;_R2;$|",Backbone,H,OH,-,"OC(=O)CCC=CC[C@H](NH)C(H)=O |w:6.6,$;;;;;;;;;;_R1;;_R2;$|",complex_structure
X1759,"CCC=CC[C@@H](C)[C@@H](O)[C@H](N(C)[*])C([*])=O |w:3.3,$;;;;;;;;;;;;_R1;;_R2;$|",Backbone,H,OH,-,"CCC=CC[C@@H](C)[C@@H](O)[C@H](N(C)H)C(H)=O |w:3.3,$;;;;;;;;;;;;_R1;;_R2;$|",complex_structure
X1679,"COC(=O)C=CC[C@@H](C)[C@@H](O)[C@H](N(C)[*])C([*])=O |w:5.5,$;;;;;;;;;;;;;;_R1;;_R2;$|",Backbone,H,OH,-,"COC(=O)C=CC[C@@H](C)[C@@H](O)[C@H](N(C)H)C(H)=O |w:5.5,$;;;;;;;;;;;;;;_R1;;_R2;$|",complex_structure
X20,"[*]N[C@@H](CCCCNC(NC#N)=NC1CCCCC1)C([*])=O |w:12.12,$_R1;;;;;;;;;;;;;;;;;;;;_R2;$|",Backbone,H,OH,-,"HN[C@@H](CCCCNC(NC#N)=NC1CCCCC1)C(H)=O |w:12.12,$_R1;;;;;;;;;;;;;;;;;;;;_R2;$|",complex_structure
X32,"[*]N[C@@H](C=Cc1ccccc1)C([*])=O |w:4.4,$_R1;;;;;;;;;;;;_R2;$|",Backbone,H,OH,-,"HN[C@@H](C=Cc1ccccc1)C(H)=O |w:4.4,$_R1;;;;;;;;;;;;_R2;$|",complex_structure
X2763,"CC=C[C@H](N[*])C([*])=O |w:1.0,$;;;;;_R1;;_R2;$|",Backbone,H,OH,-,"CC=C[C@H](NH)C(H)=O |w:1.0,$;;;;;_R1;;_R2;$|",complex_structure
X1372,"Cc1c(Cl)cc2n(C)cc(C3=N[C@](C)(CO3)C([*])=O)c2c1O |$;;;;;;;;;;;;;;;;;_R2;;;;$,t:10|",Backbone,-,OH,-,"Cc1c(Cl)cc2n(C)cc(C3=N[C@](C)(CO3)C(H)=O)c2c1O |$;;;;;;;;;;;;;;;;;_R2;;;;$,t:10|",complex_structure
X1349,"CCCCN=C(NCCC[C@@H](N[*])C([*])=O)NC#N |w:4.3,$;;;;;;;;;;;;_R1;;_R2;;;;$|",Backbone,H,OH,-,"CCCCN=C(NCCC[C@@H](NH)C(H)=O)NC#N |w:4.3,$;;;;;;;;;;;;_R1;;_R2;;;;$|",complex_structure
X233,"CCC(=N[*])C([*])=O |w:3.3,$;;;;_R1;;_R2;$|",Backbone,H,OH,-,"CCC(=NH)C(H)=O |w:3.3,$;;;;_R1;;_R2;$|",model_processing_error
X1635,"[*]N1C[C@@H](C[C@H]1C([*])=O)ON=Cc1ccc(OC(=O)c2ccc3OCOc3c2)cc1 |w:10.10,$_R1;;;;;;;_R2;;;;;;;;;;;;;;;;;;;;;;$|",Backbone,H,OH,-,"HN1C[C@@H](C[C@H]1C(H)=O)ON=Cc1ccc(OC(=O)c2ccc3OCOc3c2)cc1 |w:10.10,$_R1;;;;;;;_R2;;;;;;;;;;;;;;;;;;;;;;$|",complex_structure
X2677,"COc1ccc(C=C2SC(=S)N([C@@H](Cc3ccccc3)C([*])=O)C2=O)cc1OC |w:6.5,$;;;;;;;;;;;;;;;;;;;;;_R2;;;;;;;$|",Backbone,-,OH,-,"COc1ccc(C=C2SC(=S)N([C@@H](Cc3ccccc3)C(H)=O)C2=O)cc1OC |w:6.5,$;;;;;;;;;;;;;;;;;;;;;_R2;;;;;;;$|",complex_structure
X1760,"CC=CC[C@@H](C)[C@H](O)[C@H](N(C)[*])C([*])=O |w:1.0,$;;;;;;;;;;;_R1;;_R2;$|",Backbone,H,OH,-,"CC=CC[C@@H](C)[C@H](O)[C@H](N(C)H)C(H)=O |w:1.0,$;;;;;;;;;;;_R1;;_R2;$|",complex_structure
X1670,"CC=CC[C@@H](C)[C@@H](O)[C@H](N(C)[*])C([*])=O |w:1.0,$;;;;;;;;;;;_R1;;_R2;$|",Backbone,H,OH,-,"CC=CC[C@@H](C)[C@@H](O)[C@H](N(C)H)C(H)=O |w:1.0,$;;;;;;;;;;;_R1;;_R2;$|",complex_structure
X354,"Cn1cc(C2=N[C@](C)(CO2)C([*])=O)c2c(O)cc(Cl)cc12 |$;;;;;;;;;;;_R2;;;;;;;;;$,t:4|",Backbone,-,OH,-,"Cn1cc(C2=N[C@](C)(CO2)C(H)=O)c2c(O)cc(Cl)cc12 |$;;;;;;;;;;;_R2;;;;;;;;;$,t:4|",complex_structure
X2091,"CC[C@H](C)[C@H](N)C1=N[C@@H](CS1)C([*])=O |$;;;;;;;;;;;;_R2;$,t:6|",Backbone,-,OH,-,"CC[C@H](C)[C@H](N)C1=N[C@@H](CS1)C(H)=O |$;;;;;;;;;;;;_R2;$,t:6|",complex_structure
X2229,"OC(=O)C[C@H](N[*])C(=O)COC1=C(Cc2ccccc2)C(=O)OC1 |$;;;;;;_R1;;;;;;;;;;;;;;;;;$,c:11|",Backbone,H,-,-,"OC(=O)C[C@H](NH)C(=O)COC1=C(Cc2ccccc2)C(=O)OC1 |$;;;;;;_R1;;;;;;;;;;;;;;;;;$,c:11|",complex_structure
X1348,"CN1CN=C(C[C@H](N)C([*])=O)C1 |$;;;;;;;;;_R2;;$,t:3|",Backbone,-,OH,-,"CN1CN=C(C[C@H](N)C(H)=O)C1 |$;;;;;;;;;_R2;;$,t:3|",complex_structure
X190,"CC1(C)C(=CC=CC=CC=CC2=[N+](CCC(=O)NC(=O)CN[*])c3ccc4ccccc4c3C2(C)C)N(CCC(O)=O)c2ccc3ccccc3c12 |w:4.4,6.6,8.8,10.10,$;;;;;;;;;;;;;;;;;;;;;;_R1;;;;;;;;;;;;;;;;;;;;;;;;;;;;;$,c:11|",Backbone,H,-,-,"CC1(C)C(=CC=CC=CC=CC2=[N+](CCC(=O)NC(=O)CNH)c3ccc4ccccc4c3C2(C)C)N(CCC(O)=O)c2ccc3ccccc3c12 |w:4.4,6.6,8.8,10.10,$;;;;;;;;;;;;;;;;;;;;;;_R1;;;;;;;;;;;;;;;;;;;;;;;;;;;;;$,c:11|",complex_structure
X2600,"COc1ccc(C=C2SC(=S)N(CC([*])=O)C2=O)cc1OC |w:6.5,$;;;;;;;;;;;;;;_R2;;;;;;;$|",Backbone,-,OH,-,"COc1ccc(C=C2SC(=S)N(CC(H)=O)C2=O)cc1OC |w:6.5,$;;;;;;;;;;;;;;_R2;;;;;;;$|",model_processing_error
X2639,"NC1=NCC[C@@H](N1)[C@H](NC(=O)N[C@@H](Cc1ccccc1)C(O)=O)C([*])=O |$;;;;;;;;;;;;;;;;;;;;;;;;_R2;$,t:1|",Backbone,-,OH,-,"NC1=NCC[C@@H](N1)[C@H](NC(=O)N[C@@H](Cc1ccccc1)C(O)=O)C(H)=O |$;;;;;;;;;;;;;;;;;;;;;;;;_R2;$,t:1|",complex_structure
