symbol,smiles,cxsmiles,monomer_type
X1915,CC(C)(C)[Si](C)(C)OCC(=C)COC[C@@H](NH)C(H)=O,CC(C)(C)[Si](C)(C)OCC(=C)COC[C@@H](N[*])C([*])=O |$;;;;;;;;;;;;;;;;_R1;;_R2;$|,Backbone
X1770,HN1N=CC=C[C@H]1C(H)=O,"[*]N1N=CC=C[C@H]1C([*])=O |$_R1;;;;;;;;_R2;$,c:2,4|",Backbone
X1854,CCC=CC[C@@H](C)C[C@H](N(C)H)C(H)=O;;;;;;;;;;;;;;,"CCC=CC[C@@H](C)C[C@H](N(C)[*])C([*])=O |w:3.3,$;;;;;;;;;;;_R1;;_R2;$|",Backbone
X2818,NC(=[NH+]CCC[C@H](NH)C(H)=O)N1CCCC1;;;;;;;;;;;;;;;;,"NC(=[NH+]CCC[C@H](N[*])C([*])=O)N1CCCC1 |w:2.2,$;;;;;;;;_R1;;_R2;;;;;;$|",Backbone
X1481,OC(=O)[C@@H](CC1=CCCC=C1)NH,"OC(=O)[C@@H](CC1=CCCC=C1)N[*] |$;;;;;;;;;;;;_R1$,c:9,t:5|",Backbone
X242,CC(C)=CCCC(C)=CC[C@]12C[C@H](N(H)[C@H]1Nc1ccccc21)C(H)=O;;;;;;;;;;;;;;;;;;;;;;;;;,"CC(C)=CCCC(C)=CC[C@]12C[C@H](N([*])[C@H]1Nc1ccccc21)C([*])=O |w:8.8,$;;;;;;;;;;;;;;_R1;;;;;;;;;;_R2;$|",Backbone
X572,FC(F)(F)CNC(NCCCC[C@@H](NH)C(H)=O)=NCC(F)(F)F;;;;;;;;;;;;;;;;;;;;;;;,"FC(F)(F)CNC(NCCCC[C@@H](N[*])C([*])=O)=NCC(F)(F)F |w:18.18,$;;;;;;;;;;;;;;_R1;;_R2;;;;;;;$|",Backbone
X200,OC(=O)[C@@H](NH)C=CCP(O)(O)=O;;;;;;;;;;;;,"OC(=O)[C@@H](N[*])C=CCP(O)(O)=O |w:7.7,$;;;;;_R1;;;;;;;$|",Backbone
X1632,CC(C)CCCC(C)=CC[C@]12C[C@H](N(H)[C@H]1Nc1ccccc21)C(H)=O;;;;;;;;;;;;;;;;;;;;;;;;;,"CC(C)CCCC(C)=CC[C@]12C[C@H](N([*])[C@H]1Nc1ccccc21)C([*])=O |w:8.8,$;;;;;;;;;;;;;;_R1;;;;;;;;;;_R2;$|",Backbone
X1588,CCCCCCN=C(NCCCC[C@@H](NH)C(H)=O)NC#N;;;;;;;;;;;;;;;;;;;;;,"CCCCCCN=C(NCCCC[C@@H](N[*])C([*])=O)NC#N |w:6.5,$;;;;;;;;;;;;;;;_R1;;_R2;;;;$|",Backbone
X2356,CS(=O)(=O)CCC=C[C@H](NC(=O)OCc1ccccc1)C(H)=O;;;;;;;;;;;;;;;;;;;;;;,"CS(=O)(=O)CCC=C[C@H](NC(=O)OCc1ccccc1)C([*])=O |w:6.5,$;;;;;;;;;;;;;;;;;;;;;_R2;$|",Backbone
X7,FC(F)(F)CNC(NCCCC[C@H](NH)C(H)=O)=NCC(F)(F)F;;;;;;;;;;;;;;;;;;;;;;;,"FC(F)(F)CNC(NCCCC[C@H](N[*])C([*])=O)=NCC(F)(F)F |w:18.18,$;;;;;;;;;;;;;;_R1;;_R2;;;;;;;$|",Backbone
X1678,CSCOC(=O)C=CC[C@@H](C)[C@@H](O)[C@H](N(C)H)C(H)=O;;;;;;;;;;;;;;;;;;;,"CSCOC(=O)C=CC[C@@H](C)[C@@H](O)[C@H](N(C)[*])C([*])=O |w:7.7,$;;;;;;;;;;;;;;;;_R1;;_R2;$|",Backbone
X1877,CN(H)[C@@H]([C@H](O)C(C)=CCCC[N-][N+]#N)C(H)=O;;;;;;;;;;;;;;;;;,"CN([*])[C@@H]([C@H](O)C(C)=CCCC[N-][N+]#N)C([*])=O |w:8.8,$;;_R1;;;;;;;;;;;;;;_R2;$|",Backbone
X1740,C[C@H](CC=CC(=O)OCCF)[C@@H](O)[C@H](N(C)H)C(H)=O;;;;;;;;;;;;;;;;;;;,"C[C@H](CC=CC(=O)OCCF)[C@@H](O)[C@H](N(C)[*])C([*])=O |w:3.2,$;;;;;;;;;;;;;;;;_R1;;_R2;$|",Backbone
X1797,CN(C)C[C@@H]1C[C@H](N(H)N=C1)C(H)=O,"CN(C)C[C@@H]1C[C@H](N([*])N=C1)C([*])=O |$;;;;;;;;_R1;;;;_R2;$,c:9|",Backbone
X1437,HN[C@@H](CCCN=C(NCc1ccccn1)NC#N)C(H)=O;;;;;;;;;;;;;;;;;;;;;,"[*]N[C@@H](CCCN=C(NCc1ccccn1)NC#N)C([*])=O |w:6.5,$_R1;;;;;;;;;;;;;;;;;;;;_R2;$|",Backbone
X575,HN[C@@H](CC1=NCNC1)C(H)=O,"[*]N[C@@H](CC1=NCNC1)C([*])=O |$_R1;;;;;;;;;;_R2;$,t:4|",Backbone
X1549,CC=CCC[C@H](NH)C(H)=O;;;;;;;;;;,"CC=CCC[C@H](N[*])C([*])=O |w:1.0,$;;;;;;;_R1;;_R2;$|",Backbone
X2377,OCC=C1O[C@@H]2CC(=O)N2[C@H]1C(H)=O;;;;;;;;;;;;;,"OCC=C1O[C@@H]2CC(=O)N2[C@H]1C([*])=O |w:2.1,$;;;;;;;;;;;;_R2;$|",Backbone
X905,HN1CC=C[C@H]1C(H)=O,"[*]N1CC=C[C@H]1C([*])=O |$_R1;;;;;;;_R2;$,c:3|",Backbone
X2879,FC(F)(F)CNC(=N)NCCC[C@H](NH)C(H)=O;;;;;;;;;;;;;;;;;,"FC(F)(F)CNC(=N)NCCC[C@H](N[*])C([*])=O |w:5.4,$;;;;;;;;;;;;;;_R1;;_R2;$|",Backbone
X1113,HN1CC=CC[C@@H]1C(H)=O,"[*]N1CC=CC[C@@H]1C([*])=O |$_R1;;;;;;;;_R2;$,c:3|",Backbone
X1682,C[C@H](C=CCC(O)=O)[C@@H](O)[C@H](N(C)H)C(H)=O;;;;;;;;;;;;;;;;,"C[C@H](C=CCC(O)=O)[C@@H](O)[C@H](N(C)[*])C([*])=O |w:3.3,$;;;;;;;;;;;;;_R1;;_R2;$|",Backbone
X1899,OCC=CCOC[C@@H](NH)C(H)=O;;;;;;;;;;;;,"OCC=CCOC[C@@H](N[*])C([*])=O |w:3.3,$;;;;;;;;;_R1;;_R2;$|",Backbone
X18,CCNC(NCCCC[C@@H](NH)C(H)=O)=NCC;;;;;;;;;;;;;;;;;,"CCNC(NCCCC[C@@H](N[*])C([*])=O)=NCC |w:15.15,2.1,$;;;;;;;;;;;_R1;;_R2;;;;$|",Backbone
X2105,N[C@@H](CC=CC[C@H](NH)C(O)=O)C(H)=O;;;;;;;;;;;;;;,"N[C@@H](CC=CC[C@H](N[*])C(O)=O)C([*])=O |w:4.4,$;;;;;;;;_R1;;;;;_R2;$|",Backbone
X175,CNC(NCCCC[C@@H](NH)C(H)=O)=NC;;;;;;;;;;;;;;;,"CNC(NCCCC[C@@H](N[*])C([*])=O)=NC |w:14.14,1.0,$;;;;;;;;;;_R1;;_R2;;;$|",Backbone
X314,CCCCSNC(NC#N)=NCCCC[C@@H](NH)C(H)=O;;;;;;;;;;;;;;;;;;;;,"CCCCSNC(NC#N)=NCCCC[C@@H](N[*])C([*])=O |w:10.10,$;;;;;;;;;;;;;;;;;_R1;;_R2;$|",Backbone
X1589,CCCCCCN=C(NCCCC[C@H](NH)C(H)=O)NC#N;;;;;;;;;;;;;;;;;;;;;,"CCCCCCN=C(NCCCC[C@H](N[*])C([*])=O)NC#N |w:6.5,$;;;;;;;;;;;;;;;_R1;;_R2;;;;$|",Backbone
X590,HN1C[C@H](C[C@H]1C(H)=O)n1cc(nn1)C1=CCCCC1,"[*]N1C[C@H](C[C@H]1C([*])=O)n1cc(nn1)C1=CCCCC1 |$_R1;;;;;;;_R2;;;;;;;;;;;;$,t:16|",Backbone
X1350,CCCCN=C(NCCC[C@H](NH)C(H)=O)NC#N;;;;;;;;;;;;;;;;;;,"CCCCN=C(NCCC[C@H](N[*])C([*])=O)NC#N |w:4.3,$;;;;;;;;;;;;_R1;;_R2;;;;$|",Backbone
X1650,CC=CC=CC=CC(=O)OC[C@H](NH)C(H)=O;;;;;;;;;;;;;;;;,"CC=CC=CC=CC(=O)OC[C@H](N[*])C([*])=O |w:1.0,4.4,6.6,$;;;;;;;;;;;;;_R1;;_R2;$|",Backbone
X11,HN=C(Cc1ccccc1)C(H)=O;;;;;;;;;;;;,"[*]N=C(Cc1ccccc1)C([*])=O |w:1.0,$_R1;;;;;;;;;;;_R2;$|",Backbone
X1097,COC1=CC(=O)N([C@H]1Cc1ccccc1)C(=O)[C@@H](OC(=O)[C@H]1CCCN1H)C(C)C,"COC1=CC(=O)N([C@H]1Cc1ccccc1)C(=O)[C@@H](OC(=O)[C@H]1CCCN1[*])C(C)C |$;;;;;;;;;;;;;;;;;;;;;;;;;;_R1;;;$,t:2|",Backbone
X1835,CCOC(=O)C=CC[C@@H](C)[C@@H](O)[C@H](N(C)H)C(H)=O;;;;;;;;;;;;;;;;;;,"CCOC(=O)C=CC[C@@H](C)[C@@H](O)[C@H](N(C)[*])C([*])=O |w:6.6,$;;;;;;;;;;;;;;;_R1;;_R2;$|",Backbone
X2737,CC(C)CCC[C@@H](C)[C@H]1CC[C@H]2[C@@H]3CC=C4C[C@H](CC[C@]4(C)[C@H]3CC[C@]12C)OC(=O)[C@H](CCCCN)NH,"CC(C)CCC[C@@H](C)[C@H]1CC[C@H]2[C@@H]3CC=C4C[C@H](CC[C@]4(C)[C@H]3CC[C@]12C)OC(=O)[C@H](CCCCN)N[*] |$;;;;;;;;;;;;;;;;;;;;;;;;;;;;;;;;;;;;;_R1$,t:14|",Backbone
X315,CCCCSNC(NC#N)=NCCCC[C@H](NH)C(H)=O;;;;;;;;;;;;;;;;;;;;,"CCCCSNC(NC#N)=NCCCC[C@H](N[*])C([*])=O |w:10.10,$;;;;;;;;;;;;;;;;;_R1;;_R2;$|",Backbone
X377,HN[C@H](CCCCNC1=NCCCN1)C(H)=O,"[*]N[C@H](CCCCNC1=NCCCN1)C([*])=O |$_R1;;;;;;;;;;;;;;;_R2;$,t:8|",Backbone
X2362,Oc1ccc(C[C@H](N=CCC(=O)[C@@H]2CCCN2H)C(H)=O)cc1;;;;;;;;;;;;;;;;;;;;;;,"Oc1ccc(C[C@H](N=CCC(=O)[C@@H]2CCCN2[*])C([*])=O)cc1 |w:8.8,$;;;;;;;;;;;;;;;;;_R1;;_R2;;;$|",Backbone
X3019,CC(C)=CCCC(C)=CCCC(C)=CC[C@]12C[C@H](N(H)[C@@H]1Nc1ccccc21)C(H)=O;;;;;;;;;;;;;;;;;;;;;;;;;;;;;;,"CC(C)=CCCC(C)=CCCC(C)=CC[C@]12C[C@H](N([*])[C@@H]1Nc1ccccc21)C([*])=O |w:8.8,13.13,$;;;;;;;;;;;;;;;;;;;_R1;;;;;;;;;;_R2;$|",Backbone
X1023,CCCCCCCCCCCCCCCCCC(=O)OC[C@@H](COC(=O)[C@@H](NH)[C@@H](C)CC)OC(=O)CCCC=CCC=CCC=CCC=CCCCCC;;;;;;;;;;;;;;;;;;;;;;;;;;;;;;;;;;;;;;;;;;;;;;;;;;;;;;,"CCCCCCCCCCCCCCCCCC(=O)OC[C@@H](COC(=O)[C@@H](N[*])[C@@H](C)CC)OC(=O)CCCC=CCC=CCC=CCC=CCCCCC |w:39.38,42.41,45.44,48.47,$;;;;;;;;;;;;;;;;;;;;;;;;;;;;_R1;;;;;;;;;;;;;;;;;;;;;;;;;;$|",Backbone
X1813,HN=C(Cc1cccnc1)C(H)=O;;;;;;;;;;;;,"[*]N=C(Cc1cccnc1)C([*])=O |w:1.0,$_R1;;;;;;;;;;;_R2;$|",Backbone
X1853,C[C@H](CC=CC=C)[C@@H](O)[C@H](N(C)H)C(H)=O;;;;;;;;;;;;;;;,"C[C@H](CC=CC=C)[C@@H](O)[C@H](N(C)[*])C([*])=O |w:3.2,$;;;;;;;;;;;;_R1;;_R2;$|",Backbone
X1774,C[C@H](CC=CCO)[C@@H](O)[C@H](N(C)H)C(H)=O;;;;;;;;;;;;;;;,"C[C@H](CC=CCO)[C@@H](O)[C@H](N(C)[*])C([*])=O |w:3.2,$;;;;;;;;;;;;_R1;;_R2;$|",Backbone
X2176,CCCCCCCC=CCn1cncc1C[C@H](NH)C(H)=O;;;;;;;;;;;;;;;;;;;;;,"CCCCCCCC=CCn1cncc1C[C@H](N[*])C([*])=O |w:8.8,$;;;;;;;;;;;;;;;;;;_R1;;_R2;$|",Backbone
X634,HN1C[C@@H](C[C@H]1C(H)=O)ON=Cc1ccc-2c(Cc3ccccc-23)c1;;;;;;;;;;;;;;;;;;;;;;;;,"[*]N1C[C@@H](C[C@H]1C([*])=O)ON=Cc1ccc-2c(Cc3ccccc-23)c1 |w:10.10,$_R1;;;;;;;_R2;;;;;;;;;;;;;;;;;$|",Backbone
X2458,CC(C)C[C@H](NC(=O)N[C@@H]([C@@H]1CCN=C(N)N1)C(H)=O)C(O)=O,"CC(C)C[C@H](NC(=O)N[C@@H]([C@@H]1CCN=C(N)N1)C([*])=O)C(O)=O |$;;;;;;;;;;;;;;;;;;_R2;;;;$,t:13|",Backbone
X2892,CC(=O)N([C@@H](Cc1ccccc1)C(H)=O)C(=O)C=Cc1ccccc1;;;;;;;;;;;;;;;;;;;;;;;;,"CC(=O)N([C@@H](Cc1ccccc1)C([*])=O)C(=O)C=Cc1ccccc1 |w:17.17,$;;;;;;;;;;;;;_R2;;;;;;;;;;;$|",Backbone
X886,CC(=O)CC=C[C@H](NH)C(O)=O;;;;;;;;;;;,"CC(=O)CC=C[C@H](N[*])C(O)=O |w:4.3,$;;;;;;;;_R1;;;$|",Backbone
X956,CC(=NH)C(H)=O;;;;;;,"CC(=N[*])C([*])=O |w:2.2,$;;;_R1;;_R2;$|",Backbone
X1708,HN[C@H](C(H)=O)C1=CCC=CC1,"[*]N[C@H](C([*])=O)C1=CCC=CC1 |$_R1;;;;_R2;;;;;;;$,c:9,t:6|",Backbone
X1822,CC(C)OC(=O)CCC=C(C)[C@@H](O)[C@H](N(C)H)C(H)=O;;;;;;;;;;;;;;;;;;;,"CC(C)OC(=O)CCC=C(C)[C@@H](O)[C@H](N(C)[*])C([*])=O |w:8.7,$;;;;;;;;;;;;;;;;_R1;;_R2;$|",Backbone
X1713,HN1N=CCC[C@H]1C(H)=O,"[*]N1N=CCC[C@H]1C([*])=O |$_R1;;;;;;;;_R2;$,c:2|",Backbone
X2840,CCCCCCC=CC(=O)N([C@@H](Cc1ccc(F)cc1)C(H)=O)C(C)=O;;;;;;;;;;;;;;;;;;;;;;;;;,"CCCCCCC=CC(=O)N([C@@H](Cc1ccc(F)cc1)C([*])=O)C(C)=O |w:6.5,$;;;;;;;;;;;;;;;;;;;;;_R2;;;;$|",Backbone
X2829,CS(=O)(=O)CC[C@H](NH)C(=O)C=CS(=O)(=O)c1ccccc1;;;;;;;;;;;;;;;;;;;;;,"CS(=O)(=O)CC[C@H](N[*])C(=O)C=CS(=O)(=O)c1ccccc1 |w:11.10,$;;;;;;;;_R1;;;;;;;;;;;;;$|",Backbone
X2107,CC(C)(C)OC(=O)N[C@@H](CCCCCC=C[C@@H]1C[C@]1(NH)C(O)=O)C(H)=O;;;;;;;;;;;;;;;;;;;;;;;;;;,"CC(C)(C)OC(=O)N[C@@H](CCCCCC=C[C@@H]1C[C@]1(N[*])C(O)=O)C([*])=O |w:14.13,$;;;;;;;;;;;;;;;;;;;;_R1;;;;;_R2;$|",Backbone
X2110,COC(=O)[C@H](Cc1cccc(OC(=O)C=Cc2ccccc2)c1)NH;;;;;;;;;;;;;;;;;;;;;;;;,"COC(=O)[C@H](Cc1cccc(OC(=O)C=Cc2ccccc2)c1)N[*] |w:14.13,$;;;;;;;;;;;;;;;;;;;;;;;;_R1$|",Backbone
X174,CCN=C(NCCCC[C@@H](NH)C(H)=O)NCCCN(C)C;;;;;;;;;;;;;;;;;;;;;,"CCN=C(NCCCC[C@@H](N[*])C([*])=O)NCCCN(C)C |w:2.1,$;;;;;;;;;;;_R1;;_R2;;;;;;;;$|",Backbone
X2611,CC(C)[C@H](NH)C(=O)C1=N[C@@H](C)CO1,"CC(C)[C@H](N[*])C(=O)C1=N[C@@H](C)CO1 |$;;;;;_R1;;;;;;;;$,t:8|",Backbone
X2280,CC(C)C[C@H](NH)C(=O)CN1CCC=C(C1)C(O)=O,"CC(C)C[C@H](N[*])C(=O)CN1CCC=C(C1)C(O)=O |$;;;;;;_R1;;;;;;;;;;;;$,c:13|",Backbone
X2867,CC(=O)N([C@@H](Cc1ccc(F)cc1)C(H)=O)C(=O)C=Cc1ccc(O)cc1;;;;;;;;;;;;;;;;;;;;;;;;;;,"CC(=O)N([C@@H](Cc1ccc(F)cc1)C([*])=O)C(=O)C=Cc1ccc(O)cc1 |w:18.18,$;;;;;;;;;;;;;;_R2;;;;;;;;;;;;$|",Backbone
X982,CCCCN=C(NCCCC[C@H](NH)C(H)=O)NC#N;;;;;;;;;;;;;;;;;;;,"CCCCN=C(NCCCC[C@H](N[*])C([*])=O)NC#N |w:4.3,$;;;;;;;;;;;;;_R1;;_R2;;;;$|",Backbone
X1902,COCOC(=O)C=CC[C@@H](C)[C@@H](O)[C@H](N(C)H)C(H)=O;;;;;;;;;;;;;;;;;;;,"COCOC(=O)C=CC[C@@H](C)[C@@H](O)[C@H](N(C)[*])C([*])=O |w:7.7,$;;;;;;;;;;;;;;;;_R1;;_R2;$|",Backbone
X1931,C[C@H](C[C@H]1OC11CC1)[C@@H](O[Si](C)(C)C(C)(C)C)[C@H](N(C)H)C(H)=O,C[C@H](C[C@H]1OC11CC1)[C@@H](O[Si](C)(C)C(C)(C)C)[C@H](N(C)[*])C([*])=O |$;;;;;;;;;;;;;;;;;;;;_R1;;_R2;$|,Backbone
X420,CCCCN=C(NCCCC[C@@H](NH)C(H)=O)NC#N;;;;;;;;;;;;;;;;;;;,"CCCCN=C(NCCCC[C@@H](N[*])C([*])=O)NC#N |w:4.3,$;;;;;;;;;;;;;_R1;;_R2;;;;$|",Backbone
X2841,Fc1ccc(C[C@H](NH)C(=O)NC(=O)C=Cc2ccccc2)cc1;;;;;;;;;;;;;;;;;;;;;;;,"Fc1ccc(C[C@H](N[*])C(=O)NC(=O)C=Cc2ccccc2)cc1 |w:14.13,$;;;;;;;;_R1;;;;;;;;;;;;;;;$|",Backbone
X2252,COC1=CC(=O)N([C@H]1Cc1ccccc1)C(=O)[C@@H](OC(=O)[C@@H](C)N(C)H)C(C)C,"COC1=CC(=O)N([C@H]1Cc1ccccc1)C(=O)[C@@H](OC(=O)[C@@H](C)N(C)[*])C(C)C |$;;;;;;;;;;;;;;;;;;;;;;;;;_R1;;;$,t:2|",Backbone
X2832,HN[C@@H](CCCNC(=N)NC1CC1)C(H)=O;;;;;;;;;;;;;;;,"[*]N[C@@H](CCCNC(=N)NC1CC1)C([*])=O |w:9.9,$_R1;;;;;;;;;;;;;;_R2;$|",Backbone
X2796,CC(=O)N([C@@H](Cc1ccc(F)cc1)C(H)=O)C(=O)C=Cc1ccc(F)cc1;;;;;;;;;;;;;;;;;;;;;;;;;;,"CC(=O)N([C@@H](Cc1ccc(F)cc1)C([*])=O)C(=O)C=Cc1ccc(F)cc1 |w:18.18,$;;;;;;;;;;;;;;_R2;;;;;;;;;;;;$|",Backbone
X893,CC(=[Se])NCCCC[C@H](NH)C(H)=O,CC(=[Se])NCCCC[C@H](N[*])C([*])=O |$;;;;;;;;;;_R1;;_R2;$|,Backbone
X1039,COC(=O)[C@H](COC(=O)C=Cc1ccccc1)NH;;;;;;;;;;;;;;;;;;,"COC(=O)[C@H](COC(=O)C=Cc1ccccc1)N[*] |w:9.8,$;;;;;;;;;;;;;;;;;;_R1$|",Backbone
X1690,CC=CCC(C)(C)[C@@H](O)[C@H](N(C)H)C(H)=O;;;;;;;;;;;;;;;,"CC=CCC(C)(C)[C@@H](O)[C@H](N(C)[*])C([*])=O |w:1.0,$;;;;;;;;;;;;_R1;;_R2;$|",Backbone
X149,Oc1ccc(C[C@H](NH)C(H)=O)cc1N=Nc1ccc([N-][N+]#N)cc1;;;;;;;;;;;;;;;;;;;;;;;;,"Oc1ccc(C[C@H](N[*])C([*])=O)cc1N=Nc1ccc([N-][N+]#N)cc1 |w:14.14,$;;;;;;;;_R1;;_R2;;;;;;;;;;;;;;$|",Backbone
X2809,CC[C@@H](C)[C@@H](N)C1=N[C@@H](CS1)C(H)=O,"CC[C@@H](C)[C@@H](N)C1=N[C@@H](CS1)C([*])=O |$;;;;;;;;;;;;_R2;$,t:6|",Backbone
X1438,HN[C@H](CCCN=C(NCc1ccccn1)NC#N)C(H)=O;;;;;;;;;;;;;;;;;;;;;,"[*]N[C@H](CCCN=C(NCc1ccccn1)NC#N)C([*])=O |w:6.5,$_R1;;;;;;;;;;;;;;;;;;;;_R2;$|",Backbone
X1240,CC(C)NC(NCCCC[C@@H](NH)C(H)=O)=NC(C)C;;;;;;;;;;;;;;;;;;;,"CC(C)NC(NCCCC[C@@H](N[*])C([*])=O)=NC(C)C |w:16.16,$;;;;;;;;;;;;_R1;;_R2;;;;;$|",Backbone
X1490,NN=C(N)N(N)CCC[C@H](NH)C(O)=O;;;;;;;;;;;;;;,"NN=C(N)N(N)CCC[C@H](N[*])C(O)=O |w:1.0,$;;;;;;;;;;;_R1;;;$|",Backbone
X2753,HN[C@@H](Cc1ccc(C=Cc2ccccc2)cc1)C(H)=O;;;;;;;;;;;;;;;;;;;;,"[*]N[C@@H](Cc1ccc(C=Cc2ccccc2)cc1)C([*])=O |w:8.7,$_R1;;;;;;;;;;;;;;;;;;;_R2;$|",Backbone
X2641,COC(=O)[C@H](Cc1ccc(OC(=O)C=Cc2ccccc2)cc1)NH;;;;;;;;;;;;;;;;;;;;;;;;,"COC(=O)[C@H](Cc1ccc(OC(=O)C=Cc2ccccc2)cc1)N[*] |w:13.12,$;;;;;;;;;;;;;;;;;;;;;;;;_R1$|",Backbone
X2899,CC=CCC=CC(=O)N([C@@H](Cc1ccc(F)cc1)C(H)=O)C(C)=O;;;;;;;;;;;;;;;;;;;;;;;,"CC=CCC=CC(=O)N([C@@H](Cc1ccc(F)cc1)C([*])=O)C(C)=O |w:1.0,4.3,$;;;;;;;;;;;;;;;;;;;_R2;;;;$|",Backbone
X21,HN[C@H](CCCCNC(NC#N)=NC1CCCCC1)C(H)=O;;;;;;;;;;;;;;;;;;;;;,"[*]N[C@H](CCCCNC(NC#N)=NC1CCCCC1)C([*])=O |w:12.12,$_R1;;;;;;;;;;;;;;;;;;;;_R2;$|",Backbone
X1040,CNC(NCCC[C@H](NH)C(H)=O)=NC;;;;;;;;;;;;;;,"CNC(NCCC[C@H](N[*])C([*])=O)=NC |w:13.13,1.0,$;;;;;;;;;_R1;;_R2;;;$|",Backbone
X1826,CC(C)[C@H](N(H)CC=C(C)CO)C(H)=O;;;;;;;;;;;;;;,"CC(C)[C@H](N([*])CC=C(C)CO)C([*])=O |w:7.6,$;;;;;_R1;;;;;;;;_R2;$|",Backbone
X17,CCNC(NCCCC[C@H](NH)C(H)=O)=NCC;;;;;;;;;;;;;;;;;,"CCNC(NCCCC[C@H](N[*])C([*])=O)=NCC |w:15.15,2.1,$;;;;;;;;;;;_R1;;_R2;;;;$|",Backbone
X431,HN[C@@H](CC1=CCC(=O)CC1)C(H)=O,"[*]N[C@@H](CC1=CCC(=O)CC1)C([*])=O |$_R1;;;;;;;;;;;;_R2;$,t:4|",Backbone
X1203,COc1ccc(C=NO[C@@H]2C[C@H](N(H)C2)C(H)=O)cc1OC;;;;;;;;;;;;;;;;;;;;;,"COc1ccc(C=NO[C@@H]2C[C@H](N([*])C2)C([*])=O)cc1OC |w:7.7,$;;;;;;;;;;;;;_R1;;;_R2;;;;;$|",Backbone
X630,HN[C@@H](CCCCN=C(NCc1ccccn1)NC#N)C(H)=O;;;;;;;;;;;;;;;;;;;;;;,"[*]N[C@@H](CCCCN=C(NCc1ccccn1)NC#N)C([*])=O |w:7.6,$_R1;;;;;;;;;;;;;;;;;;;;;_R2;$|",Backbone
X449,HN1C[C@@H](C[C@H]1C(H)=O)ON=Cc1ccc(o1)-c1nc2ccccc2s1;;;;;;;;;;;;;;;;;;;;;;;;;,"[*]N1C[C@@H](C[C@H]1C([*])=O)ON=Cc1ccc(o1)-c1nc2ccccc2s1 |w:10.10,$_R1;;;;;;;_R2;;;;;;;;;;;;;;;;;;$|",Backbone
X3016,C[Si]1(C)C[C@H](N(H)C1)C(H)=O,C[Si]1(C)C[C@H](N([*])C1)C([*])=O |$;;;;;;_R1;;;_R2;$|,Backbone
X2888,CCCC[C@H](NH)C(=O)C=CS(=O)(=O)c1ccccc1;;;;;;;;;;;;;;;;;;;,"CCCC[C@H](N[*])C(=O)C=CS(=O)(=O)c1ccccc1 |w:9.8,$;;;;;;_R1;;;;;;;;;;;;;$|",Backbone
X1837,CC(=O)OCC=CCOC[C@@H](NH)C(H)=O;;;;;;;;;;;;;;;,"CC(=O)OCC=CCOC[C@@H](N[*])C([*])=O |w:6.6,$;;;;;;;;;;;;_R1;;_R2;$|",Backbone
X1664,NC1=NC[C@H](N1)[C@@H](O)[C@H](NH)C(H)=O,"NC1=NC[C@H](N1)[C@@H](O)[C@H](N[*])C([*])=O |$;;;;;;;;;;_R1;;_R2;$,t:1|",Backbone
X1736,BrCC=CCOC[C@@H](NH)C(H)=O;;;;;;;;;;;;,"BrCC=CCOC[C@@H](N[*])C([*])=O |w:3.3,$;;;;;;;;;_R1;;_R2;$|",Backbone
X1669,CC=CC[C@@H](C)[C@@H](O)[C@@H](N(C)H)C(H)=O;;;;;;;;;;;;;;,"CC=CC[C@@H](C)[C@@H](O)[C@@H](N(C)[*])C([*])=O |w:1.0,$;;;;;;;;;;;_R1;;_R2;$|",Backbone
X1781,C[C@H](CC1=NCc2ccccc2N1)[C@@H](O)[C@H](N(C)H)C(H)=O,"C[C@H](CC1=NCc2ccccc2N1)[C@@H](O)[C@H](N(C)[*])C([*])=O |$;;;;;;;;;;;;;;;;;;_R1;;_R2;$,t:3|",Backbone
X29,CC(C)N=C(NCCCC[C@H](NH)C(H)=O)NC#N;;;;;;;;;;;;;;;;;;,"CC(C)N=C(NCCCC[C@H](N[*])C([*])=O)NC#N |w:3.2,$;;;;;;;;;;;;_R1;;_R2;;;;$|",Backbone
X2451,CC1(C)C(=CC=CC=CC=CC2=[N+](CC(H)=O)c3ccc4ccccc4c3C2(C)C)N(CCC(O)=O)c2ccc3ccccc3c12;;;;;;;;;;;;;;;;;;;;;;;;;;;;;;;;;;;;;;;;;;;;;,"CC1(C)C(=CC=CC=CC=CC2=[N+](CC([*])=O)c3ccc4ccccc4c3C2(C)C)N(CCC(O)=O)c2ccc3ccccc3c12 |w:4.4,6.6,8.8,10.10,$;;;;;;;;;;;;;;;_R2;;;;;;;;;;;;;;;;;;;;;;;;;;;;;;$,c:11|",Backbone
X173,CCCNC(NCCCC[C@@H](NH)C(H)=O)=NCCC;;;;;;;;;;;;;;;;;;;,"CCCNC(NCCCC[C@@H](N[*])C([*])=O)=NCCC |w:16.16,3.2,$;;;;;;;;;;;;_R1;;_R2;;;;;$|",Backbone
X322,COC1=CC(=O)N([C@@H]1Cc1ccccc1)C(=O)[C@@H](OC(=O)[C@@H]1CCCN1H)C(C)C,"COC1=CC(=O)N([C@@H]1Cc1ccccc1)C(=O)[C@@H](OC(=O)[C@@H]1CCCN1[*])C(C)C |$;;;;;;;;;;;;;;;;;;;;;;;;;;_R1;;;$,t:2|",Backbone
X3005,C[Si](C)(C)C[C@H](NH)C(H)=O,C[Si](C)(C)C[C@H](N[*])C([*])=O |$;;;;;;;_R1;;_R2;$|,Backbone
X6,CN=C(NCCCC[C@H](NH)C(H)=O)NC#N;;;;;;;;;;;;;;;;,"CN=C(NCCCC[C@H](N[*])C([*])=O)NC#N |w:1.0,$;;;;;;;;;;_R1;;_R2;;;;$|",Backbone
X2024,HC(=O)C1=CSCC=N1,"[*]C(=O)C1=CSCC=N1 |$_R2;;;;;;;;$,c:7,t:3|",Backbone
X2064,COc1ccc(C=Cc2cc(OC)c(OC)c(OC)c2)cc1OC(=O)N(CCN)CC(H)=O;;;;;;;;;;;;;;;;;;;;;;;;;;;;;;;;,"COc1ccc(C=Cc2cc(OC)c(OC)c(OC)c2)cc1OC(=O)N(CCN)CC([*])=O |w:6.5,$;;;;;;;;;;;;;;;;;;;;;;;;;;;;;;;_R2;$|",Backbone
X1758,CC=CC[C@@H](C)C[C@H](N(C)H)C(H)=O;;;;;;;;;;;;;,"CC=CC[C@@H](C)C[C@H](N(C)[*])C([*])=O |w:1.0,$;;;;;;;;;;_R1;;_R2;$|",Backbone
X1875,CC=CCC[C@@H](O)[C@H](N(C)H)C(H)=O;;;;;;;;;;;;;,"CC=CCC[C@@H](O)[C@H](N(C)[*])C([*])=O |w:1.0,$;;;;;;;;;;_R1;;_R2;$|",Backbone
X1901,NC1=NC[C@H](N1)[C@H](O)[C@@H](NH)C(H)=O,"NC1=NC[C@H](N1)[C@H](O)[C@@H](N[*])C([*])=O |$;;;;;;;;;;_R1;;_R2;$,t:1|",Backbone
X54,CS(=O)(=O)CC=C[C@H](NH)C(O)=O;;;;;;;;;;;;,"CS(=O)(=O)CC=C[C@H](N[*])C(O)=O |w:5.4,$;;;;;;;;;_R1;;;$|",Backbone
X218,COC(=O)[C@H](CSCC=C(C)CCC=C(C)COCc1cccc(c1)C(=O)c1ccccc1)NH;;;;;;;;;;;;;;;;;;;;;;;;;;;;;;;;;;,"COC(=O)[C@H](CSCC=C(C)CCC=C(C)COCc1cccc(c1)C(=O)c1ccccc1)N[*] |w:8.7,13.12,$;;;;;;;;;;;;;;;;;;;;;;;;;;;;;;;;;;_R1$|",Backbone
X106,FC(F)(F)C1(N=N1)c1ccc(C[C@H](NH)C(H)=O)cc1,"FC(F)(F)C1(N=N1)c1ccc(C[C@H](N[*])C([*])=O)cc1 |$;;;;;;;;;;;;;;_R1;;_R2;;;$,c:5|",Backbone
X2795,CC(=O)N([C@@H](Cc1ccc(F)cc1)C(H)=O)C(=O)C=Cc1ccc(C)cc1;;;;;;;;;;;;;;;;;;;;;;;;;;,"CC(=O)N([C@@H](Cc1ccc(F)cc1)C([*])=O)C(=O)C=Cc1ccc(C)cc1 |w:18.18,$;;;;;;;;;;;;;;_R2;;;;;;;;;;;;$|",Backbone
X2088,CC(C)CCC[C@@H](C)[C@H]1CC[C@H]2[C@@H]3CC=C4C[C@H](CC[C@]4(C)[C@H]3CC[C@]12C)OC(=O)CSC[C@H](NH)C(H)=O,"CC(C)CCC[C@@H](C)[C@H]1CC[C@H]2[C@@H]3CC=C4C[C@H](CC[C@]4(C)[C@H]3CC[C@]12C)OC(=O)CSC[C@H](N[*])C([*])=O |$;;;;;;;;;;;;;;;;;;;;;;;;;;;;;;;;;;;_R1;;_R2;$,t:14|",Backbone
X2082,CCOC(=O)C=CCC[C@H](NC(=O)OCc1ccccc1)C(H)=O;;;;;;;;;;;;;;;;;;;;;;;,"CCOC(=O)C=CCC[C@H](NC(=O)OCc1ccccc1)C([*])=O |w:6.6,$;;;;;;;;;;;;;;;;;;;;;;_R2;$|",Backbone
X2191,CC(C)C[C@H](NC(=O)N[C@@H]([C@@H]1CCN=C(N)N1)C(H)=O)C=O,"CC(C)C[C@H](NC(=O)N[C@@H]([C@@H]1CCN=C(N)N1)C([*])=O)C=O |$;;;;;;;;;;;;;;;;;;_R2;;;$,t:13|",Backbone
X631,HN[C@H](CCCCN=C(NCc1ccccn1)NC#N)C(H)=O;;;;;;;;;;;;;;;;;;;;;;,"[*]N[C@H](CCCCN=C(NCc1ccccn1)NC#N)C([*])=O |w:7.6,$_R1;;;;;;;;;;;;;;;;;;;;;_R2;$|",Backbone
X1619,COC(=O)[C@H](CSCC=C(C)COCc1cccc(c1)C(=O)c1ccccc1)NH;;;;;;;;;;;;;;;;;;;;;;;;;;;;;,"COC(=O)[C@H](CSCC=C(C)COCc1cccc(c1)C(=O)c1ccccc1)N[*] |w:8.7,$;;;;;;;;;;;;;;;;;;;;;;;;;;;;;_R1$|",Backbone
X2506,Oc1ccc(CC=N[C@@H](Cc2ccc(OP(O)(O)=O)cc2)C(H)=O)cc1O;;;;;;;;;;;;;;;;;;;;;;;;;;,"Oc1ccc(CC=N[C@@H](Cc2ccc(OP(O)(O)=O)cc2)C([*])=O)cc1O |w:6.5,$;;;;;;;;;;;;;;;;;;;;;;_R2;;;;$|",Backbone
X892,NC1=N[C@@H](CS1)C(H)=O,"NC1=N[C@@H](CS1)C([*])=O |$;;;;;;;_R2;$,t:1|",Backbone
X727,ClC=CCNCCCC[C@H](NH)C(H)=O;;;;;;;;;;;;;;,"ClC=CCNCCCC[C@H](N[*])C([*])=O |w:1.0,$;;;;;;;;;;;_R1;;_R2;$|",Backbone
X1712,HN1N=CCC[C@@H]1C(H)=O,"[*]N1N=CCC[C@@H]1C([*])=O |$_R1;;;;;;;;_R2;$,c:2|",Backbone
X2794,CC(=O)N([C@@H](Cc1ccc(F)cc1)C(H)=O)C(=O)C=Cc1ccccc1;;;;;;;;;;;;;;;;;;;;;;;;;,"CC(=O)N([C@@H](Cc1ccc(F)cc1)C([*])=O)C(=O)C=Cc1ccccc1 |w:18.18,$;;;;;;;;;;;;;;_R2;;;;;;;;;;;$|",Backbone
X2797,CC(=O)N([C@H](Cc1cccnc1)C(H)=O)C(=O)C=Cc1ccccc1;;;;;;;;;;;;;;;;;;;;;;;;,"CC(=O)N([C@H](Cc1cccnc1)C([*])=O)C(=O)C=Cc1ccccc1 |w:17.17,$;;;;;;;;;;;;;_R2;;;;;;;;;;;$|",Backbone
X2847,CN(C)c1ccc2c(-c3ccc(NC(=S)N[C@@H](CC(O)=O)C(H)=O)cc3)c3ccc(cc3oc2c1)=[N+](C)C;;;;;;;;;;;;;;;;;;;;;;;;;;;;;;;;;;;;;,"CN(C)c1ccc2c(-c3ccc(NC(=S)N[C@@H](CC(O)=O)C([*])=O)cc3)c3ccc(cc3oc2c1)=[N+](C)C |w:35.39,$;;;;;;;;;;;;;;;;;;;;;;_R2;;;;;;;;;;;;;;;$|",Backbone
X1404,CC(C)=CCCC(C)=CCCC(C)=CC[C@]12C[C@H](N(H)[C@H]1Nc1ccccc21)C(H)=O;;;;;;;;;;;;;;;;;;;;;;;;;;;;;;,"CC(C)=CCCC(C)=CCCC(C)=CC[C@]12C[C@H](N([*])[C@H]1Nc1ccccc21)C([*])=O |w:8.8,13.13,$;;;;;;;;;;;;;;;;;;;_R1;;;;;;;;;;_R2;$|",Backbone
X261,HN1CC=C[C@@H]1C(H)=O,"[*]N1CC=C[C@@H]1C([*])=O |$_R1;;;;;;;_R2;$,c:3|",Backbone
X217,COC(=O)[C@H](CSCC=C(C)CCC=C(C)CCC=C(C)C)NH;;;;;;;;;;;;;;;;;;;;;;;,"COC(=O)[C@H](CSCC=C(C)CCC=C(C)CCC=C(C)C)N[*] |w:8.7,13.12,$;;;;;;;;;;;;;;;;;;;;;;;_R1$|",Backbone
X1592,CCCCCCNC(NCCCC[C@@H](NH)C(H)=O)=NCCCCCC;;;;;;;;;;;;;;;;;;;;;;;;;,"CCCCCCNC(NCCCC[C@@H](N[*])C([*])=O)=NCCCCCC |w:19.19,6.5,$;;;;;;;;;;;;;;;_R1;;_R2;;;;;;;;$|",Backbone
X2306,F[Al]1OC(=O)CN2CCN(Cc3ccc(NC(=S)NCCCC[C@H](NH)C(H)=O)cc3)CCN(CC2)CC(=O)O1,F[Al]1OC(=O)CN2CCN(Cc3ccc(NC(=S)NCCCC[C@H](N[*])C([*])=O)cc3)CCN(CC2)CC(=O)O1 |$;;;;;;;;;;;;;;;;;;;;;;;;;_R1;;_R2;;;;;;;;;;;;$|,Backbone
X2423,CC(C)C[C@@H](NC(=O)Oc1ccccc1C=CC(=O)NC(=O)[C@H](Cc1ccc(O)cc1)NH)C(H)=O;;;;;;;;;;;;;;;;;;;;;;;;;;;;;;;;;;;,"CC(C)C[C@@H](NC(=O)Oc1ccccc1C=CC(=O)NC(=O)[C@H](Cc1ccc(O)cc1)N[*])C([*])=O |w:16.17,$;;;;;;;;;;;;;;;;;;;;;;;;;;;;;;;;_R1;;_R2;$|",Backbone
X781,CCCCNC(NCCCC[C@@H](NH)C(H)=O)=NCCCC;;;;;;;;;;;;;;;;;;;;;,"CCCCNC(NCCCC[C@@H](N[*])C([*])=O)=NCCCC |w:17.17,4.3,$;;;;;;;;;;;;;_R1;;_R2;;;;;;$|",Backbone
X2894,HN[C@@H](CCCNC(=N)NCc1ccccc1)C(H)=O;;;;;;;;;;;;;;;;;;;,"[*]N[C@@H](CCCNC(=N)NCc1ccccc1)C([*])=O |w:9.9,$_R1;;;;;;;;;;;;;;;;;;_R2;$|",Backbone
X1821,CCCC=C(C)[C@@H](O)[C@H](N(C)H)C(H)=O;;;;;;;;;;;;;;,"CCCC=C(C)[C@@H](O)[C@H](N(C)[*])C([*])=O |w:3.2,$;;;;;;;;;;;_R1;;_R2;$|",Backbone
X2812,CC(=O)N([C@H](Cc1cccs1)C(H)=O)C(=O)C=Cc1ccccc1;;;;;;;;;;;;;;;;;;;;;;;,"CC(=O)N([C@H](Cc1cccs1)C([*])=O)C(=O)C=Cc1ccccc1 |w:16.16,$;;;;;;;;;;;;_R2;;;;;;;;;;;$|",Backbone
X2905,CC(=O)N([C@H](CC1CCCCC1)C(H)=O)C(=O)C=Cc1ccccc1;;;;;;;;;;;;;;;;;;;;;;;;,"CC(=O)N([C@H](CC1CCCCC1)C([*])=O)C(=O)C=Cc1ccccc1 |w:17.17,$;;;;;;;;;;;;;_R2;;;;;;;;;;;$|",Backbone
X2102,CC=CC[C@@H](C)C(=O)[C@H](N(C)H)C(H)=O;;;;;;;;;;;;;;,"CC=CC[C@@H](C)C(=O)[C@H](N(C)[*])C([*])=O |w:1.0,$;;;;;;;;;;;_R1;;_R2;$|",Backbone
X1405,CN(C)C(=NCC(H)=O)N(C)C;;;;;;;;;;;,"CN(C)C(=NCC([*])=O)N(C)C |w:4.4,$;;;;;;;_R2;;;;$|",Backbone
X691,COC1=CC(=O)N([C@H]1Cc1ccccc1)C(=O)[C@@H](OC(=O)[C@@H]1CCCN1H)C(C)C,"COC1=CC(=O)N([C@H]1Cc1ccccc1)C(=O)[C@@H](OC(=O)[C@@H]1CCCN1[*])C(C)C |$;;;;;;;;;;;;;;;;;;;;;;;;;;_R1;;;$,t:2|",Backbone
X465,HN1CC=CC[C@H]1C(H)=O,"[*]N1CC=CC[C@H]1C([*])=O |$_R1;;;;;;;;_R2;$,c:3|",Backbone
X2861,CC(=O)N([C@@H](Cc1ccc(F)cc1)C(H)=O)C(=O)C=Cc1ccc(N)cc1;;;;;;;;;;;;;;;;;;;;;;;;;;,"CC(=O)N([C@@H](Cc1ccc(F)cc1)C([*])=O)C(=O)C=Cc1ccc(N)cc1 |w:18.18,$;;;;;;;;;;;;;;_R2;;;;;;;;;;;;$|",Backbone
X2868,CSCC[C@H](NH)C(=O)C=CS(=O)(=O)c1ccccc1;;;;;;;;;;;;;;;;;;;,"CSCC[C@H](N[*])C(=O)C=CS(=O)(=O)c1ccccc1 |w:9.8,$;;;;;;_R1;;;;;;;;;;;;;$|",Backbone
X1761,COCCCC=C(C)[C@@H](O)[C@H](N(C)H)C(H)=O;;;;;;;;;;;;;;;;,"COCCCC=C(C)[C@@H](O)[C@H](N(C)[*])C([*])=O |w:5.4,$;;;;;;;;;;;;;_R1;;_R2;$|",Backbone
X30,CC(C)N=C(NCCCC[C@@H](NH)C(H)=O)NC#N;;;;;;;;;;;;;;;;;;,"CC(C)N=C(NCCCC[C@@H](N[*])C([*])=O)NC#N |w:3.2,$;;;;;;;;;;;;_R1;;_R2;;;;$|",Backbone
X2849,HN[C@@H](CC1=CCC=CC1)C(H)=O,"[*]N[C@@H](CC1=CCC=CC1)C([*])=O |$_R1;;;;;;;;;;;_R2;$,c:7,t:4|",Backbone
X504,HN[C@@H](CCCCNC1=NCCCN1)C(H)=O,"[*]N[C@@H](CCCCNC1=NCCCN1)C([*])=O |$_R1;;;;;;;;;;;;;;;_R2;$,t:8|",Backbone
X2304,CC[C@H](C)[C@@H](N)C1=N[C@H](CS1)C(H)=O,"CC[C@H](C)[C@@H](N)C1=N[C@H](CS1)C([*])=O |$;;;;;;;;;;;;_R2;$,t:6|",Backbone
X2877,CC(=O)N(CC(H)=O)C(=O)C=Cc1ccccc1;;;;;;;;;;;;;;;;;,"CC(=O)N(CC([*])=O)C(=O)C=Cc1ccccc1 |w:10.9,$;;;;;;_R2;;;;;;;;;;;$|",Backbone
X3001,CN1[C@H](C=CC[C@H](NH)C1=O)C1CCCCC1,"CN1[C@H](C=CC[C@H](N[*])C1=O)C1CCCCC1 |$;;;;;;;;_R1;;;;;;;;$,c:3|",Backbone
X5,CN=C(NCCCC[C@@H](NH)C(H)=O)NC#N;;;;;;;;;;;;;;;;,"CN=C(NCCCC[C@@H](N[*])C([*])=O)NC#N |w:1.0,$;;;;;;;;;;_R1;;_R2;;;;$|",Backbone
X1687,OC(=O)CCC=CC[C@H](NH)C(H)=O;;;;;;;;;;;;;,"OC(=O)CCC=CC[C@H](N[*])C([*])=O |w:6.6,$;;;;;;;;;;_R1;;_R2;$|",Backbone
X1759,CCC=CC[C@@H](C)[C@@H](O)[C@H](N(C)H)C(H)=O;;;;;;;;;;;;;;;,"CCC=CC[C@@H](C)[C@@H](O)[C@H](N(C)[*])C([*])=O |w:3.3,$;;;;;;;;;;;;_R1;;_R2;$|",Backbone
X1679,COC(=O)C=CC[C@@H](C)[C@@H](O)[C@H](N(C)H)C(H)=O;;;;;;;;;;;;;;;;;,"COC(=O)C=CC[C@@H](C)[C@@H](O)[C@H](N(C)[*])C([*])=O |w:5.5,$;;;;;;;;;;;;;;_R1;;_R2;$|",Backbone
X20,HN[C@@H](CCCCNC(NC#N)=NC1CCCCC1)C(H)=O;;;;;;;;;;;;;;;;;;;;;,"[*]N[C@@H](CCCCNC(NC#N)=NC1CCCCC1)C([*])=O |w:12.12,$_R1;;;;;;;;;;;;;;;;;;;;_R2;$|",Backbone
X32,HN[C@@H](C=Cc1ccccc1)C(H)=O;;;;;;;;;;;;;,"[*]N[C@@H](C=Cc1ccccc1)C([*])=O |w:4.4,$_R1;;;;;;;;;;;;_R2;$|",Backbone
X2763,CC=C[C@H](NH)C(H)=O;;;;;;;;,"CC=C[C@H](N[*])C([*])=O |w:1.0,$;;;;;_R1;;_R2;$|",Backbone
X1372,Cc1c(Cl)cc2n(C)cc(C3=N[C@](C)(CO3)C(H)=O)c2c1O,"Cc1c(Cl)cc2n(C)cc(C3=N[C@](C)(CO3)C([*])=O)c2c1O |$;;;;;;;;;;;;;;;;;_R2;;;;$,t:10|",Backbone
X1349,CCCCN=C(NCCC[C@@H](NH)C(H)=O)NC#N;;;;;;;;;;;;;;;;;;,"CCCCN=C(NCCC[C@@H](N[*])C([*])=O)NC#N |w:4.3,$;;;;;;;;;;;;_R1;;_R2;;;;$|",Backbone
X233,CCC(=NH)C(H)=O;;;;;;;,"CCC(=N[*])C([*])=O |w:3.3,$;;;;_R1;;_R2;$|",Backbone
X1635,HN1C[C@@H](C[C@H]1C(H)=O)ON=Cc1ccc(OC(=O)c2ccc3OCOc3c2)cc1;;;;;;;;;;;;;;;;;;;;;;;;;;;;;,"[*]N1C[C@@H](C[C@H]1C([*])=O)ON=Cc1ccc(OC(=O)c2ccc3OCOc3c2)cc1 |w:10.10,$_R1;;;;;;;_R2;;;;;;;;;;;;;;;;;;;;;;$|",Backbone
X2677,COc1ccc(C=C2SC(=S)N([C@@H](Cc3ccccc3)C(H)=O)C2=O)cc1OC;;;;;;;;;;;;;;;;;;;;;;;;;;;;,"COc1ccc(C=C2SC(=S)N([C@@H](Cc3ccccc3)C([*])=O)C2=O)cc1OC |w:6.5,$;;;;;;;;;;;;;;;;;;;;;_R2;;;;;;;$|",Backbone
X1760,CC=CC[C@@H](C)[C@H](O)[C@H](N(C)H)C(H)=O;;;;;;;;;;;;;;,"CC=CC[C@@H](C)[C@H](O)[C@H](N(C)[*])C([*])=O |w:1.0,$;;;;;;;;;;;_R1;;_R2;$|",Backbone
X1670,CC=CC[C@@H](C)[C@@H](O)[C@H](N(C)H)C(H)=O;;;;;;;;;;;;;;,"CC=CC[C@@H](C)[C@@H](O)[C@H](N(C)[*])C([*])=O |w:1.0,$;;;;;;;;;;;_R1;;_R2;$|",Backbone
X354,Cn1cc(C2=N[C@](C)(CO2)C(H)=O)c2c(O)cc(Cl)cc12,"Cn1cc(C2=N[C@](C)(CO2)C([*])=O)c2c(O)cc(Cl)cc12 |$;;;;;;;;;;;_R2;;;;;;;;;$,t:4|",Backbone
X2091,CC[C@H](C)[C@H](N)C1=N[C@@H](CS1)C(H)=O,"CC[C@H](C)[C@H](N)C1=N[C@@H](CS1)C([*])=O |$;;;;;;;;;;;;_R2;$,t:6|",Backbone
X2229,OC(=O)C[C@H](NH)C(=O)COC1=C(Cc2ccccc2)C(=O)OC1,"OC(=O)C[C@H](N[*])C(=O)COC1=C(Cc2ccccc2)C(=O)OC1 |$;;;;;;_R1;;;;;;;;;;;;;;;;;$,c:11|",Backbone
X1348,CN1CN=C(C[C@H](N)C(H)=O)C1,"CN1CN=C(C[C@H](N)C([*])=O)C1 |$;;;;;;;;;_R2;;$,t:3|",Backbone
X190,CC1(C)C(=CC=CC=CC=CC2=[N+](CCC(=O)NC(=O)CNH)c3ccc4ccccc4c3C2(C)C)N(CCC(O)=O)c2ccc3ccccc3c12;;;;;;;;;;;;;;;;;;;;;;;;;;;;;;;;;;;;;;;;;;;;;;;;;;;,"CC1(C)C(=CC=CC=CC=CC2=[N+](CCC(=O)NC(=O)CN[*])c3ccc4ccccc4c3C2(C)C)N(CCC(O)=O)c2ccc3ccccc3c12 |w:4.4,6.6,8.8,10.10,$;;;;;;;;;;;;;;;;;;;;;;_R1;;;;;;;;;;;;;;;;;;;;;;;;;;;;;$,c:11|",Backbone
X2600,COc1ccc(C=C2SC(=S)N(CC(H)=O)C2=O)cc1OC;;;;;;;;;;;;;;;;;;;;;,"COc1ccc(C=C2SC(=S)N(CC([*])=O)C2=O)cc1OC |w:6.5,$;;;;;;;;;;;;;;_R2;;;;;;;$|",Backbone
X2639,NC1=NCC[C@@H](N1)[C@H](NC(=O)N[C@@H](Cc1ccccc1)C(O)=O)C(H)=O,"NC1=NCC[C@@H](N1)[C@H](NC(=O)N[C@@H](Cc1ccccc1)C(O)=O)C([*])=O |$;;;;;;;;;;;;;;;;;;;;;;;;_R2;$,t:1|",Backbone
