helm,vina_score,status,detail,docking_mode

"PEPTIDE1{dV.T.dP.G.F.P.V}$PEPTIDE1,PEPTIDE1,1:R1-7:R2$$$",-6.79700000,ok,,flexible
"PEPTIDE1{dF.Me_Phe(3-Cl).L.Mono86.Ser(tBu).G.Mono84}$PEPTIDE1,PEPTIDE1,1:R1-7:R2$$$",-6.46200000,ok,,flexible
"PEPTIDE1{Me_Bal.Ser(tBu).G.P.P.Me_Phe(3-Cl).I}$PEPTIDE1,PEPTIDE1,1:R1-7:R2$$$",-5.98500000,ok,,flexible
"PEPTIDE1{dP.meA.T.P.meY.T.Me_Phe(3-Cl)}$PEPTIDE1,PEPTIDE1,1:R1-7:R2$$$",-6.72000000,ok,,flexible
"PEPTIDE1{F.Mono38.Mono84.T.Ser(tBu).I.3Pal}$PEPTIDE1,PEPTIDE1,1:R1-7:R2$$$",-5.66600000,ok,,flexible
"PEPTIDE1{dA.dP.P.F.I.T.T}$PEPTIDE1,PEPTIDE1,1:R1-7:R2$$$",-6.22300000,ok,,flexible
"PEPTIDE1{F.Mono84.T.dP.L.Me_Phe(3-Cl).Mono7}$PEPTIDE1,PEPTIDE1,1:R1-7:R2$$$",-7.69100000,ok,,flexible
"PEPTIDE1{A.Pr_Gly.G.T.dP.Me_Phe(3-Cl).P}$PEPTIDE1,PEPTIDE1,1:R1-7:R2$$$",-6.49400000,ok,,flexible
"PEPTIDE1{Me_Bal.I.T.F.dP.G.Phe(4-CF3)}$PEPTIDE1,PEPTIDE1,1:R1-7:R2$$$",-6.22800000,ok,,flexible
"PEPTIDE1{F.meY.dP.dP.Y.Asp_piperidide.Mono6}$PEPTIDE1,PEPTIDE1,1:R1-7:R2$$$",-7.74200000,ok,,flexible
"PEPTIDE1{P.F.Me_dA.Me_Phe(3-Cl).Mono6.meL.T}$PEPTIDE1,PEPTIDE1,1:R1-7:R2$$$",-7.53200000,ok,,flexible
"PEPTIDE1{meA.Me_dL.Y.Me_dA.Mono6.P.dP}$PEPTIDE1,PEPTIDE1,1:R1-7:R2$$$",-7.48800000,ok,,flexible
"PEPTIDE1{Me_Bal.P.Me_dL.T.P.V.G}$PEPTIDE1,PEPTIDE1,1:R1-7:R2$$$",-6.37300000,ok,,flexible
"PEPTIDE1{dV.P.Mono7.T.dP.P.G}$PEPTIDE1,PEPTIDE1,1:R1-7:R2$$$",-6.31900000,ok,,flexible
"PEPTIDE1{Me_dA.G.L.G.F.Mono84.Et_Gly}$PEPTIDE1,PEPTIDE1,1:R1-7:R2$$$",-6.65400000,ok,,flexible
"PEPTIDE1{Me_Bal.D.dP.T.I.P.Me_Phe(3-Cl)}$PEPTIDE1,PEPTIDE1,1:R1-7:R2$$$",-6.08800000,ok,,flexible
"PEPTIDE1{meA.V.Y.G.F.D.dP}$PEPTIDE1,PEPTIDE1,1:R1-7:R2$$$",-6.76900000,ok,,flexible
"PEPTIDE1{meA.F.meL.L.P.dP.Asp_piperidide}$PEPTIDE1,PEPTIDE1,1:R1-7:R2$$$",-6.27100000,ok,,flexible
"PEPTIDE1{Me_Bal.dP.F.P.meL.Phe(4-CF3).dP}$PEPTIDE1,PEPTIDE1,1:R1-7:R2$$$",-6.76600000,ok,,flexible
"PEPTIDE1{dF.D.P.Me_Phe(3-Cl).dP.P.I}$PEPTIDE1,PEPTIDE1,1:R1-7:R2$$$",-5.84700000,ok,,flexible
"PEPTIDE1{dF.Me_Nle.T.Ser(tBu).dP.Me_Phe(3-Cl).Y}$PEPTIDE1,PEPTIDE1,1:R1-7:R2$$$",-5.21600000,ok,,flexible
"PEPTIDE1{meA.F.Y.dP.P.G.P}$PEPTIDE1,PEPTIDE1,1:R1-7:R2$$$",-7.70400000,ok,,flexible
"PEPTIDE1{Mono6.Ser(tBu).P.dP.meL.G.F}$PEPTIDE1,PEPTIDE1,1:R1-7:R2$$$",-6.58900000,ok,,flexible
"PEPTIDE1{Me_Bal.meL.T.P.T.Y.Asp_piperidide}$PEPTIDE1,PEPTIDE1,1:R1-7:R2$$$",-6.86000000,ok,,flexible
"PEPTIDE1{Mono6.G.D.T.Me_Phe(3-Cl).T.Y}$PEPTIDE1,PEPTIDE1,1:R1-7:R2$$$",-6.43100000,ok,,flexible
"PEPTIDE1{Mono6.G.L.I.T.Mono84.F}$PEPTIDE1,PEPTIDE1,1:R1-7:R2$$$",-5.43900000,ok,,flexible
"PEPTIDE1{dA.T.Et_Gly.3Pal.Mono84.P.F}$PEPTIDE1,PEPTIDE1,1:R1-7:R2$$$",-6.26200000,ok,,flexible
"PEPTIDE1{meA.meY.P.F.T.Y.Asp_piperidide}$PEPTIDE1,PEPTIDE1,1:R1-7:R2$$$",-7.10200000,ok,,flexible
"PEPTIDE1{meA.P.meY.Me_dL.Me_Phe(3-Cl).P.dP}$PEPTIDE1,PEPTIDE1,1:R1-7:R2$$$",-6.88600000,ok,,flexible
"PEPTIDE1{dV.D.P.P.Phe(4-CF3).Me_Phe(3-Cl).dP}$PEPTIDE1,PEPTIDE1,1:R1-7:R2$$$",-6.79400000,ok,,flexible
"PEPTIDE1{meL.P.T.Me_Phe(3-Cl).F.Phe(4-CF3).I}$PEPTIDE1,PEPTIDE1,1:R1-7:R2$$$",-6.38600000,ok,,flexible
"PEPTIDE1{meA.P.F.Me_Phe(3-Cl).G.meL.Y}$PEPTIDE1,PEPTIDE1,1:R1-7:R2$$$",-6.59600000,ok,,flexible
"PEPTIDE1{Me_dA.F.I.P.Me_Phe(3-Cl).Phe(4-CF3).P}$PEPTIDE1,PEPTIDE1,1:R1-7:R2$$$",-6.33500000,ok,,flexible
"PEPTIDE1{A.T.G.meY.dP.P.dP}$PEPTIDE1,PEPTIDE1,1:R1-7:R2$$$",-7.61000000,ok,,flexible
"PEPTIDE1{Me_Bal.F.dP.T.meL.Me_dL.Ser(tBu)}$PEPTIDE1,PEPTIDE1,1:R1-7:R2$$$",-5.82000000,ok,,flexible
"PEPTIDE1{dP.T.Me_dAbu.P.meL.A.meY}$PEPTIDE1,PEPTIDE1,1:R1-7:R2$$$",-6.24000000,ok,,flexible
"PEPTIDE1{dP.T.Me_dL.F.T.meL.Me_Phe(3-Cl)}$PEPTIDE1,PEPTIDE1,1:R1-7:R2$$$",-5.59000000,ok,,flexible
"PEPTIDE1{Me_dA.P.meL.T.Me_Phe(3-Cl).Mono6.Asp_piperidide}$PEPTIDE1,PEPTIDE1,1:R1-7:R2$$$",-6.16600000,ok,,flexible
"PEPTIDE1{Mono6.T.P.D.P.Me_Phe(3-Cl).Phe(4-CF3)}$PEPTIDE1,PEPTIDE1,1:R1-7:R2$$$",-7.43400000,ok,,flexible
"PEPTIDE1{Me_dA.T.G.Me_Phe(3-Cl).Y.G.F}$PEPTIDE1,PEPTIDE1,1:R1-7:R2$$$",-6.99000000,ok,,flexible
"PEPTIDE1{meA.P.T.Me_Phe(3-Cl).P.dP.meL}$PEPTIDE1,PEPTIDE1,1:R1-7:R2$$$",-7.14600000,ok,,flexible
"PEPTIDE1{Me_dA.dP.P.Y.P.dP.Me_Phe(3-Cl)}$PEPTIDE1,PEPTIDE1,1:R1-7:R2$$$",-7.61600000,ok,,flexible
"PEPTIDE1{dA.G.Mono84.F.G.P.L}$PEPTIDE1,PEPTIDE1,1:R1-7:R2$$$",-7.04700000,ok,,flexible
"PEPTIDE1{Mono6.meL.P.P.G.Asp_piperidide.I}$PEPTIDE1,PEPTIDE1,1:R1-7:R2$$$",-6.38900000,ok,,flexible
"PEPTIDE1{dF.Me_dAbu.meY.dP.T.dP.Me_Phe(3-Cl)}$PEPTIDE1,PEPTIDE1,1:R1-7:R2$$$",-6.63900000,ok,,flexible
"PEPTIDE1{F.G.Me_Phe(3-Cl).Me_dL.Mono84.T.meY}$PEPTIDE1,PEPTIDE1,1:R1-7:R2$$$",-6.62000000,ok,,flexible
"PEPTIDE1{A.T.G.Phe(4-CF3).G.F.Y}$PEPTIDE1,PEPTIDE1,1:R1-7:R2$$$",-7.32500000,ok,,flexible
"PEPTIDE1{meA.Pr_Gly.meL.dF.Asp_piperidide.P.Me_Phe(3-Cl)}$PEPTIDE1,PEPTIDE1,1:R1-7:R2$$$",-6.05500000,ok,,flexible
"PEPTIDE1{Me_Bal.dP.G.Me_Phe(3-Cl).dP.G.T}$PEPTIDE1,PEPTIDE1,1:R1-7:R2$$$",-7.10300000,ok,,flexible
"PEPTIDE1{Mono6.T.P.T.dP.P.meL}$PEPTIDE1,PEPTIDE1,1:R1-7:R2$$$",-6.68300000,ok,,flexible
"PEPTIDE1{meA.meY.Asp_piperidide.Me_Phe(3-Cl).dP.dP.P}$PEPTIDE1,PEPTIDE1,1:R1-7:R2$$$",-7.48300000,ok,,flexible
"PEPTIDE1{Me_Bal.F.P.dP.Me_dL.P.Y}$PEPTIDE1,PEPTIDE1,1:R1-7:R2$$$",-7.24700000,ok,,flexible
"PEPTIDE1{dF.meY.G.Asp_piperidide.Me_Phe(3-Cl).meL.D}$PEPTIDE1,PEPTIDE1,1:R1-7:R2$$$",-5.71200000,ok,,flexible
"PEPTIDE1{A.Me_dA.F.Ser(tBu).meL.Mono84.dP}$PEPTIDE1,PEPTIDE1,1:R1-7:R2$$$",-5.93900000,ok,,flexible
"PEPTIDE1{Me_dA.T.P.F.dP.Me_Phe(3-Cl).dP}$PEPTIDE1,PEPTIDE1,1:R1-7:R2$$$",-7.83700000,ok,,flexible
"PEPTIDE1{Me_Bal.T.P.P.Mono78.dP.dP}$PEPTIDE1,PEPTIDE1,1:R1-7:R2$$$",-6.81400000,ok,,flexible
"PEPTIDE1{dP.Pr_Gly.F.Mono6.Ser(tBu).Me_Phe(3-Cl).V}$PEPTIDE1,PEPTIDE1,1:R1-7:R2$$$",-5.55100000,ok,,flexible
"PEPTIDE1{F.T.D.meL.dP.Mono84.G}$PEPTIDE1,PEPTIDE1,1:R1-7:R2$$$",-6.21500000,ok,,flexible
"PEPTIDE1{dA.T.Mono38.T.Me_Phe(3-Cl).A.dP}$PEPTIDE1,PEPTIDE1,1:R1-7:R2$$$",-6.62500000,ok,,flexible
"PEPTIDE1{Me_Bal.L.meA.F.meL.pentyl_Gly.G}$PEPTIDE1,PEPTIDE1,1:R1-7:R2$$$",-5.60200000,ok,,flexible
"PEPTIDE1{Pr_Gly.Mono84.T.P.Me_Nle.meA.Mono86}$PEPTIDE1,PEPTIDE1,1:R1-7:R2$$$",-6.17000000,ok,,flexible
"PEPTIDE1{dP.G.A.Me_dA.P.L.Mono78}$PEPTIDE1,PEPTIDE1,1:R1-7:R2$$$",-7.09100000,ok,,flexible
"PEPTIDE1{Me_dA.dP.P.Y.F.I.Me_Phe(3-Cl)}$PEPTIDE1,PEPTIDE1,1:R1-7:R2$$$",-7.37700000,ok,,flexible
"PEPTIDE1{Me_Bal.T.P.T.P.F.meL}$PEPTIDE1,PEPTIDE1,1:R1-7:R2$$$",-6.66300000,ok,,flexible
"PEPTIDE1{Me_dA.meA.Me_Phe(3-Cl).Mono6.D.dP.F}$PEPTIDE1,PEPTIDE1,1:R1-7:R2$$$",-6.98100000,ok,,flexible
"PEPTIDE1{A.Me_dL.dP.Y.dP.F.G}$PEPTIDE1,PEPTIDE1,1:R1-7:R2$$$",-7.15500000,ok,,flexible
"PEPTIDE1{Mono6.dP.meL.D.F.Phe(4-CF3).dP}$PEPTIDE1,PEPTIDE1,1:R1-7:R2$$$",-6.64100000,ok,,flexible
"PEPTIDE1{A.T.P.meY.G.P.dP}$PEPTIDE1,PEPTIDE1,1:R1-7:R2$$$",-7.38100000,ok,,flexible
"PEPTIDE1{Me_Bal.Me_Phe(3-Cl).Me_Phe(3-Cl).P.Mono84.P.Phe(4-CF3)}$PEPTIDE1,PEPTIDE1,1:R1-7:R2$$$",-6.80200000,ok,,flexible
"PEPTIDE1{A.Pr_Gly.Sar.Me_dL.Mono84.meL.T}$PEPTIDE1,PEPTIDE1,1:R1-7:R2$$$",-5.97400000,ok,,flexible
"PEPTIDE1{Me_Bal.Mono84.Me_Phe(3-Cl).I.T.dP.dP}$PEPTIDE1,PEPTIDE1,1:R1-7:R2$$$",-6.83100000,ok,,flexible
"PEPTIDE1{Me_dA.dY.T.Y.P.F.dP}$PEPTIDE1,PEPTIDE1,1:R1-7:R2$$$",-7.65200000,ok,,flexible
"PEPTIDE1{Me_dA.Me_dAbu.meL.F.dP.D.G}$PEPTIDE1,PEPTIDE1,1:R1-7:R2$$$",-6.68300000,ok,,flexible
"PEPTIDE1{dA.meL.Phe(4-CF3).dP.meF.L.P}$PEPTIDE1,PEPTIDE1,1:R1-7:R2$$$",-6.72600000,ok,,flexible
"PEPTIDE1{Me_dA.dP.F.dP.P.P.Me_Phe(3-Cl)}$PEPTIDE1,PEPTIDE1,1:R1-7:R2$$$",-7.32700000,ok,,flexible
"PEPTIDE1{F.Et_Gly.I.G.P.3Pal.P}$PEPTIDE1,PEPTIDE1,1:R1-7:R2$$$",-5.89700000,ok,,flexible
"PEPTIDE1{P.cHexCH2_Gly.meA.Mono100.P.dP.Me_Nle}$PEPTIDE1,PEPTIDE1,1:R1-7:R2$$$",-6.87400000,ok,,flexible
"PEPTIDE1{dP.T.F.Phe(4-CF3).dP.G.P}$PEPTIDE1,PEPTIDE1,1:R1-7:R2$$$",-7.55100000,ok,,flexible
"PEPTIDE1{Mono6.Me_Phe(3-Cl).Y.D.G.I.T}$PEPTIDE1,PEPTIDE1,1:R1-7:R2$$$",-6.21100000,ok,,flexible
"PEPTIDE1{Mono6.dP.Me_dL.meA.cHexCH2_Gly.T.D}$PEPTIDE1,PEPTIDE1,1:R1-7:R2$$$",-6.27500000,ok,,flexible
"PEPTIDE1{Mono6.F.I.meY.P.T.Me_Phe(3-Cl)}$PEPTIDE1,PEPTIDE1,1:R1-7:R2$$$",-6.80200000,ok,,flexible
"PEPTIDE1{meA.dP.P.Me_dL.dP.meY.F}$PEPTIDE1,PEPTIDE1,1:R1-7:R2$$$",-6.34600000,ok,,flexible
"PEPTIDE1{Me_dA.F.T.Me_Nle.P.G.Mono86}$PEPTIDE1,PEPTIDE1,1:R1-7:R2$$$",-6.28200000,ok,,flexible
"PEPTIDE1{meA.T.dP.I.meL.P.T}$PEPTIDE1,PEPTIDE1,1:R1-7:R2$$$",-6.02800000,ok,,flexible
"PEPTIDE1{P.T.Me_Phe(3-Cl).dP.P.I.T}$PEPTIDE1,PEPTIDE1,1:R1-7:R2$$$",-6.49000000,ok,,flexible
"PEPTIDE1{Me_Bal.meS.Phe(4-CF3).T.dP.Me_Phe(3-Cl).P}$PEPTIDE1,PEPTIDE1,1:R1-7:R2$$$",-6.94800000,ok,,flexible
"PEPTIDE1{dA.G.T.D.Y.meY.F}$PEPTIDE1,PEPTIDE1,1:R1-7:R2$$$",-5.99100000,ok,,flexible
"PEPTIDE1{Me_dA.meF.P.meL.Hyp(Et).Me_Phe(3-Cl).Y}$PEPTIDE1,PEPTIDE1,1:R1-7:R2$$$",-6.42300000,ok,,flexible
"PEPTIDE1{meA.T.D.P.T.F.meL}$PEPTIDE1,PEPTIDE1,1:R1-7:R2$$$",-6.20500000,ok,,flexible
"PEPTIDE1{P.F.Mono6.T.meL.Ala(5-Tet).Me_Phe(3-Cl)}$PEPTIDE1,PEPTIDE1,1:R1-7:R2$$$",-6.70100000,ok,,flexible
"PEPTIDE1{dV.P.P.Me_Phe(3-Cl).dP.G.F}$PEPTIDE1,PEPTIDE1,1:R1-7:R2$$$",-7.05000000,ok,,flexible
"PEPTIDE1{A.Pr_Gly.P.Y.G.Me_Phe(3-Cl).T}$PEPTIDE1,PEPTIDE1,1:R1-7:R2$$$",-6.33300000,ok,,flexible
"PEPTIDE1{dF.dP.3Pal.cHexCH2_Gly.I.P.L}$PEPTIDE1,PEPTIDE1,1:R1-7:R2$$$",-5.89500000,ok,,flexible
"PEPTIDE1{dF.T.P.L.F.Me_Phe(3-Cl).dP}$PEPTIDE1,PEPTIDE1,1:R1-7:R2$$$",-6.98600000,ok,,flexible
"PEPTIDE1{Mono6.dP.meL.T.F.P.Me_Phe(3-Cl)}$PEPTIDE1,PEPTIDE1,1:R1-7:R2$$$",-5.66300000,ok,,flexible
"PEPTIDE1{meA.A.cHexCH2_Gly.Mono84.dP.P.3Pal}$PEPTIDE1,PEPTIDE1,1:R1-7:R2$$$",-8.62400000,ok,,flexible
"PEPTIDE1{Mono6.Pr_Gly.F.Mono84.P.Me_dL.dP}$PEPTIDE1,PEPTIDE1,1:R1-7:R2$$$",-6.20300000,ok,,flexible
"PEPTIDE1{dV.Me_Phe(3-Cl).Mono6.P.Mono84.F.dP}$PEPTIDE1,PEPTIDE1,1:R1-7:R2$$$",-7.09000000,ok,,flexible
"PEPTIDE1{Me_dA.dP.T.dP.F.P.Me_Phe(3-Cl)}$PEPTIDE1,PEPTIDE1,1:R1-7:R2$$$",-7.42000000,ok,,flexible
"PEPTIDE1{dV.meY.P.Me_Phe(3-Cl).P.D.F}$PEPTIDE1,PEPTIDE1,1:R1-7:R2$$$",-6.91300000,ok,,flexible
"PEPTIDE1{Me_Bal.T.Asp_piperidide.dP.meY.Y.dP}$PEPTIDE1,PEPTIDE1,1:R1-7:R2$$$",-7.38300000,ok,,flexible
"PEPTIDE1{Pr_Gly.A.P.L.Me_Phe(3-Cl).T.G}$PEPTIDE1,PEPTIDE1,1:R1-7:R2$$$",-6.18400000,ok,,flexible
"PEPTIDE1{F.G.P.A.Mono84.P.Me_Phe(3-Cl)}$PEPTIDE1,PEPTIDE1,1:R1-7:R2$$$",-7.48400000,ok,,flexible
"PEPTIDE1{meA.F.Me_dL.T.dP.P.Ser(tBu)}$PEPTIDE1,PEPTIDE1,1:R1-7:R2$$$",-6.16500000,ok,,flexible
"PEPTIDE1{A.Me_dAbu.dP.Me_dL.Me_Phe(3-Cl).T.meY}$PEPTIDE1,PEPTIDE1,1:R1-7:R2$$$",-6.26500000,ok,,flexible
"PEPTIDE1{dP.meL.T.dP.meY.Me_Phe(3-Cl).Asp_piperidide}$PEPTIDE1,PEPTIDE1,1:R1-7:R2$$$",-5.95100000,ok,,flexible
"PEPTIDE1{meA.dP.F.dF.Me_dAbu.Mono7.dP}$PEPTIDE1,PEPTIDE1,1:R1-7:R2$$$",-7.52400000,ok,,flexible
"PEPTIDE1{dA.Me_dAbu.cHexCH2_Gly.dP.T.meL.T}$PEPTIDE1,PEPTIDE1,1:R1-7:R2$$$",-5.93900000,ok,,flexible
"PEPTIDE1{Me_Bal.T.P.P.dP.P.T}$PEPTIDE1,PEPTIDE1,1:R1-7:R2$$$",-7.40200000,ok,,flexible
"PEPTIDE1{Mono6.Me_dA.Me_Nle.dP.Me_Phe(3-Cl).P.L}$PEPTIDE1,PEPTIDE1,1:R1-7:R2$$$",-6.85600000,ok,,flexible
"PEPTIDE1{Me_Bal.Me_dA.Me_Nle.P.Mono86.F.cHexCH2_Gly}$PEPTIDE1,PEPTIDE1,1:R1-7:R2$$$",-6.04700000,ok,,flexible
"PEPTIDE1{Me_Bal.D.Y.Phe(4-CF3).Me_Phe(3-Cl).dY.meL}$PEPTIDE1,PEPTIDE1,1:R1-7:R2$$$",-6.78100000,ok,,flexible
"PEPTIDE1{Mono6.P.pentyl_Gly.D.T.3Pal.P}$PEPTIDE1,PEPTIDE1,1:R1-7:R2$$$",-5.89600000,ok,,flexible
"PEPTIDE1{meA.Me_dA.meL.Y.T.dP.F}$PEPTIDE1,PEPTIDE1,1:R1-7:R2$$$",-6.99500000,ok,,flexible
"PEPTIDE1{meA.Sar.P.meL.D.F.dP}$PEPTIDE1,PEPTIDE1,1:R1-7:R2$$$",-7.17700000,ok,,flexible
"PEPTIDE1{Me_dA.meY.Me_Phe(3-Cl).P.G.Mono84.dP}$PEPTIDE1,PEPTIDE1,1:R1-7:R2$$$",-8.59900000,ok,,flexible
"PEPTIDE1{Me_dA.Mono6.Y.dP.meY.dP.P}$PEPTIDE1,PEPTIDE1,1:R1-7:R2$$$",-7.21800000,ok,,flexible
"PEPTIDE1{dV.F.dP.meL.dP.Phe(4-CF3).Y}$PEPTIDE1,PEPTIDE1,1:R1-7:R2$$$",-6.27900000,ok,,flexible
"PEPTIDE1{Mono6.F.meL.G.T.P.Me_Phe(3-Cl)}$PEPTIDE1,PEPTIDE1,1:R1-7:R2$$$",-6.16300000,ok,,flexible
"PEPTIDE1{Me_Bal.P.P.G.Me_Phe(3-Cl).F.Phe(4-CF3)}$PEPTIDE1,PEPTIDE1,1:R1-7:R2$$$",-6.92700000,ok,,flexible
"PEPTIDE1{dV.P.cHexCH2_Gly.T.F.dP.dP}$PEPTIDE1,PEPTIDE1,1:R1-7:R2$$$",-6.76700000,ok,,flexible
"PEPTIDE1{Mono6.T.Me_Phe(3-Cl).T.meA.3Pal.Mono84}$PEPTIDE1,PEPTIDE1,1:R1-7:R2$$$",-8.03800000,ok,,flexible
"PEPTIDE1{A.G.T.D.Me_Phe(3-Cl).Phe(4-CF3).dY}$PEPTIDE1,PEPTIDE1,1:R1-7:R2$$$",-6.31500000,ok,,flexible
"PEPTIDE1{F.meL.P.P.T.Me_Phe(3-Cl).dP}$PEPTIDE1,PEPTIDE1,1:R1-7:R2$$$",-6.33900000,ok,,flexible
"PEPTIDE1{Me_Bal.D.meL.G.P.dP.V}$PEPTIDE1,PEPTIDE1,1:R1-7:R2$$$",-6.28600000,ok,,flexible
"PEPTIDE1{dF.dP.dP.P.Et_Gly.Me_Nle.P}$PEPTIDE1,PEPTIDE1,1:R1-7:R2$$$",-6.28900000,ok,,flexible
"PEPTIDE1{Me_Bal.Me_Phe(3-Cl).dP.P.Mono90.Phe(4-CF3).dP}$PEPTIDE1,PEPTIDE1,1:R1-7:R2$$$",-7.17300000,ok,,flexible
"PEPTIDE1{P.A.Pr_Gly.Me_Phe(3-Cl).meL.P.Me_dA}$PEPTIDE1,PEPTIDE1,1:R1-7:R2$$$",-6.48200000,ok,,flexible
"PEPTIDE1{dV.P.Y.F.dY.T.dP}$PEPTIDE1,PEPTIDE1,1:R1-7:R2$$$",-6.48000000,ok,,flexible
"PEPTIDE1{dA.dP.T.P.G.Y.F}$PEPTIDE1,PEPTIDE1,1:R1-7:R2$$$",-6.97000000,ok,,flexible
"PEPTIDE1{Me_Bal.T.Me_Phe(3-Cl).G.Me_dA.Mono6.dP}$PEPTIDE1,PEPTIDE1,1:R1-7:R2$$$",-7.00300000,ok,,flexible
"PEPTIDE1{dA.dP.P.Me_Phe(3-Cl).G.I.T}$PEPTIDE1,PEPTIDE1,1:R1-7:R2$$$",-6.86400000,ok,,flexible
"PEPTIDE1{dA.P.F.Pr_Gly.P.Y.T}$PEPTIDE1,PEPTIDE1,1:R1-7:R2$$$",-6.22900000,ok,,flexible
"PEPTIDE1{Mono6.Mono100.Me_Phe(3-Cl).G.T.Mono2.dP}$PEPTIDE1,PEPTIDE1,1:R1-7:R2$$$",-6.43700000,ok,,flexible
"PEPTIDE1{Me_dA.meL.dP.dP.dP.Me_Phe(3-Cl).Y}$PEPTIDE1,PEPTIDE1,1:R1-7:R2$$$",-6.96700000,ok,,flexible
"PEPTIDE1{Pr_Gly.P.Sar.meL.T.Et_Gly.Mono84}$PEPTIDE1,PEPTIDE1,1:R1-7:R2$$$",-5.62800000,ok,,flexible
"PEPTIDE1{dF.Asp_piperidide.dP.G.F.T.Me_Phe(3-Cl)}$PEPTIDE1,PEPTIDE1,1:R1-7:R2$$$",-5.93200000,ok,,flexible
"PEPTIDE1{Mono6.Me_dA.dP.dP.Me_Phe(3-Cl).P.G}$PEPTIDE1,PEPTIDE1,1:R1-7:R2$$$",-7.16200000,ok,,flexible
"PEPTIDE1{Me_Bal.P.dP.P.T.meL.Phe(4-CF3)}$PEPTIDE1,PEPTIDE1,1:R1-7:R2$$$",-6.67200000,ok,,flexible
"PEPTIDE1{A.P.T.dP.P.G.Me_dL}$PEPTIDE1,PEPTIDE1,1:R1-7:R2$$$",-6.34400000,ok,,flexible
"PEPTIDE1{P.meF.Ser(tBu).I.Mono2.G.P}$PEPTIDE1,PEPTIDE1,1:R1-7:R2$$$",-6.53100000,ok,,flexible
"PEPTIDE1{dV.Phe(4-CF3).F.T.P.P.meL}$PEPTIDE1,PEPTIDE1,1:R1-7:R2$$$",-7.08400000,ok,,flexible
"PEPTIDE1{Mono6.P.F.dP.P.I.T}$PEPTIDE1,PEPTIDE1,1:R1-7:R2$$$",-6.33800000,ok,,flexible
"PEPTIDE1{dA.P.P.D.T.dP.G}$PEPTIDE1,PEPTIDE1,1:R1-7:R2$$$",-6.97000000,ok,,flexible
"PEPTIDE1{meA.P.P.Phe(4-CF3).T.dP.D}$PEPTIDE1,PEPTIDE1,1:R1-7:R2$$$",-7.55800000,ok,,flexible
"PEPTIDE1{dP.G.F.Me_Phe(3-Cl).Mono84.dP.Me_Phe(3-Cl)}$PEPTIDE1,PEPTIDE1,1:R1-7:R2$$$",-8.14900000,ok,,flexible
"PEPTIDE1{dA.pentyl_Gly.F.dP.P.I.Mono86}$PEPTIDE1,PEPTIDE1,1:R1-7:R2$$$",-5.82600000,ok,,flexible
"PEPTIDE1{Mono6.Me_Phe(3-Cl).D.F.P.P.dP}$PEPTIDE1,PEPTIDE1,1:R1-7:R2$$$",-6.80100000,ok,,flexible
"PEPTIDE1{Me_Bal.meL.dP.P.T.dP.meY}$PEPTIDE1,PEPTIDE1,1:R1-7:R2$$$",-6.82400000,ok,,flexible
"PEPTIDE1{Me_dA.Mono84.Me_Nle.P.3Pal.Me_Phe(3-Cl).Mono78}$PEPTIDE1,PEPTIDE1,1:R1-7:R2$$$",-6.15400000,ok,,flexible
"PEPTIDE1{dP.T.G.Sar.F.V.P}$PEPTIDE1,PEPTIDE1,1:R1-7:R2$$$",-7.44100000,ok,,flexible
"PEPTIDE1{F.Aib.dP.Me_Phe(3-Cl).I.Me_Phe(3-Cl).G}$PEPTIDE1,PEPTIDE1,1:R1-7:R2$$$",-6.51200000,ok,,flexible
"PEPTIDE1{Me_dA.Me_dL.Me_dAbu.F.Me_Phe(3-Cl).T.dP}$PEPTIDE1,PEPTIDE1,1:R1-7:R2$$$",-6.79400000,ok,,flexible
"PEPTIDE1{A.P.T.P.meL.F.Y}$PEPTIDE1,PEPTIDE1,1:R1-7:R2$$$",-6.30600000,ok,,flexible
"PEPTIDE1{Me_Bal.G.Mono84.Mono78.Ser(tBu).T.P}$PEPTIDE1,PEPTIDE1,1:R1-7:R2$$$",-7.33100000,ok,,flexible
"PEPTIDE1{Mono6.D.T.Ala(5-Tet).T.dP.3Pal}$PEPTIDE1,PEPTIDE1,1:R1-7:R2$$$",-6.02200000,ok,,flexible
"PEPTIDE1{F.dP.P.T.G.dP.Phe(4-CF3)}$PEPTIDE1,PEPTIDE1,1:R1-7:R2$$$",-7.53500000,ok,,flexible
"PEPTIDE1{dV.Me_dL.meY.dP.Asp_piperidide.Me_Phe(3-Cl).T}$PEPTIDE1,PEPTIDE1,1:R1-7:R2$$$",-5.66900000,ok,,flexible
"PEPTIDE1{P.dP.Phe(4-CF3).Mono84.G.P.Me_Phe(3-Cl)}$PEPTIDE1,PEPTIDE1,1:R1-7:R2$$$",-7.63300000,ok,,flexible
"PEPTIDE1{Mono6.T.meL.Me_Phe(3-Cl).dP.T.F}$PEPTIDE1,PEPTIDE1,1:R1-7:R2$$$",-6.03000000,ok,,flexible
"PEPTIDE1{Pr_Gly.Me_dA.dPye.Phe(4-CF3).dP.P.F}$PEPTIDE1,PEPTIDE1,1:R1-7:R2$$$",-6.90200000,ok,,flexible
"PEPTIDE1{Me_dA.P.meA.Me_dL.Me_Phe(3-Cl).F.Y}$PEPTIDE1,PEPTIDE1,1:R1-7:R2$$$",-6.88000000,ok,,flexible
"PEPTIDE1{A.G.P.meL.T.cHexCH2_Gly.V}$PEPTIDE1,PEPTIDE1,1:R1-7:R2$$$",-6.37900000,ok,,flexible
"PEPTIDE1{dF.F.pentyl_Gly.D.I.dP.Mono84}$PEPTIDE1,PEPTIDE1,1:R1-7:R2$$$",-5.39600000,ok,,flexible
"PEPTIDE1{dA.P.T.dP.meL.I.G}$PEPTIDE1,PEPTIDE1,1:R1-7:R2$$$",-6.30700000,ok,,flexible
"PEPTIDE1{Sar.P.Bn_Gly.dP.L.meL.meA}$PEPTIDE1,PEPTIDE1,1:R1-7:R2$$$",-6.47100000,ok,,flexible
"PEPTIDE1{Me_dA.P.T.Me_Phe(3-Cl).dP.Me_Phe(3-Cl).Mono84}$PEPTIDE1,PEPTIDE1,1:R1-7:R2$$$",-7.69800000,ok,,flexible
"PEPTIDE1{Me_Bal.P.dP.meA.cHexCH2_Gly.G.Me_dA}$PEPTIDE1,PEPTIDE1,1:R1-7:R2$$$",-6.68700000,ok,,flexible
"PEPTIDE1{dP.T.T.D.G.G.F}$PEPTIDE1,PEPTIDE1,1:R1-7:R2$$$",-6.30100000,ok,,flexible
"PEPTIDE1{Mono6.T.P.G.3Pal.P.Phe(4-CF3)}$PEPTIDE1,PEPTIDE1,1:R1-7:R2$$$",-6.82100000,ok,,flexible
"PEPTIDE1{dV.P.Mono84.Asp_piperidide.G.dP.Me_Phe(3-Cl)}$PEPTIDE1,PEPTIDE1,1:R1-7:R2$$$",-7.37200000,ok,,flexible
"PEPTIDE1{Me_dA.F.Me_Nle.P.Ser(tBu).I.dP}$PEPTIDE1,PEPTIDE1,1:R1-7:R2$$$",-5.90400000,ok,,flexible
"PEPTIDE1{dA.I.dP.P.P.G.dP}$PEPTIDE1,PEPTIDE1,1:R1-7:R2$$$",-7.12600000,ok,,flexible
"PEPTIDE1{dA.T.dP.Phe(4-CF3).T.F.dP}$PEPTIDE1,PEPTIDE1,1:R1-7:R2$$$",-6.85400000,ok,,flexible
"PEPTIDE1{A.Me_dA.Mono84.dP.F.Me_Phe(3-Cl).T}$PEPTIDE1,PEPTIDE1,1:R1-7:R2$$$",-6.48400000,ok,,flexible
"PEPTIDE1{A.P.P.T.D.meY.dP}$PEPTIDE1,PEPTIDE1,1:R1-7:R2$$$",-7.22800000,ok,,flexible
"PEPTIDE1{meA.T.L.Mono86.F.dP.G}$PEPTIDE1,PEPTIDE1,1:R1-7:R2$$$",-6.45900000,ok,,flexible
"PEPTIDE1{Mono6.P.T.T.I.dP.F}$PEPTIDE1,PEPTIDE1,1:R1-7:R2$$$",-6.59100000,ok,,flexible
"PEPTIDE1{meA.dP.D.T.P.F.dP}$PEPTIDE1,PEPTIDE1,1:R1-7:R2$$$",-7.43500000,ok,,flexible
"PEPTIDE1{A.Me_dL.Mono7.dP.T.Ser(tBu).T}$PEPTIDE1,PEPTIDE1,1:R1-7:R2$$$",-6.24700000,ok,,flexible
"PEPTIDE1{Me_dA.P.dP.meY.P.dP.Y}$PEPTIDE1,PEPTIDE1,1:R1-7:R2$$$",-7.39400000,ok,,flexible
"PEPTIDE1{F.pentyl_Gly.G.F.P.Ser(tBu).dP}$PEPTIDE1,PEPTIDE1,1:R1-7:R2$$$",-5.60400000,ok,,flexible
"PEPTIDE1{Me_Bal.F.Me_dL.dP.Mono7.T.Mono78}$PEPTIDE1,PEPTIDE1,1:R1-7:R2$$$",-6.36000000,ok,,flexible
"PEPTIDE1{F.Mono38.pentyl_Gly.Mono84.dP.D.Et_Gly}$PEPTIDE1,PEPTIDE1,1:R1-7:R2$$$",-5.93400000,ok,,flexible
"PEPTIDE1{Me_Bal.meA.T.dP.meY.P.P}$PEPTIDE1,PEPTIDE1,1:R1-7:R2$$$",-7.28000000,ok,,flexible
"PEPTIDE1{dF.F.meL.P.I.dP.P}$PEPTIDE1,PEPTIDE1,1:R1-7:R2$$$",-6.53200000,ok,,flexible
"PEPTIDE1{dP.A.meA.F.P.Sar.P}$PEPTIDE1,PEPTIDE1,1:R1-7:R2$$$",-7.82500000,ok,,flexible
"PEPTIDE1{dP.T.Y.P.Me_Phe(3-Cl).G.P}$PEPTIDE1,PEPTIDE1,1:R1-7:R2$$$",-6.97200000,ok,,flexible
"PEPTIDE1{Me_Bal.Me_Phe(3-Cl).F.T.dP.T.meL}$PEPTIDE1,PEPTIDE1,1:R1-7:R2$$$",-6.41300000,ok,,flexible
"PEPTIDE1{dA.meA.G.meY.F.Mono6.Y}$PEPTIDE1,PEPTIDE1,1:R1-7:R2$$$",-7.02600000,ok,,flexible
"PEPTIDE1{Me_Bal.meL.Me_dL.P.dP.P.Me_Phe(3-Cl)}$PEPTIDE1,PEPTIDE1,1:R1-7:R2$$$",-6.22300000,ok,,flexible
"PEPTIDE1{Me_Bal.F.T.dP.D.Me_Phe(3-Cl).I}$PEPTIDE1,PEPTIDE1,1:R1-7:R2$$$",-6.03100000,ok,,flexible
"PEPTIDE1{Me_Bal.A.P.Asp_piperidide.Mono6.dP.P}$PEPTIDE1,PEPTIDE1,1:R1-7:R2$$$",-7.80800000,ok,,flexible
"PEPTIDE1{Mono6.cHexCH2_Gly.Me_Phe(3-Cl).Mono84.I.G.dP}$PEPTIDE1,PEPTIDE1,1:R1-7:R2$$$",-7.10500000,ok,,flexible
"PEPTIDE1{A.dP.G.I.P.dP.T}$PEPTIDE1,PEPTIDE1,1:R1-7:R2$$$",-6.31100000,ok,,flexible
"PEPTIDE1{dV.dP.P.dP.Hyp(Et).dP.meY}$PEPTIDE1,PEPTIDE1,1:R1-7:R2$$$",-7.01400000,ok,,flexible
"PEPTIDE1{Pr_Gly.dP.P.P.P.T.Mono84}$PEPTIDE1,PEPTIDE1,1:R1-7:R2$$$",-7.28800000,ok,,flexible
"PEPTIDE1{dV.P.T.P.Me_Phe(3-Cl).dP.F}$PEPTIDE1,PEPTIDE1,1:R1-7:R2$$$",-7.24900000,ok,,flexible
"PEPTIDE1{dA.Ser(tBu).P.Me_Phe(3-Cl).P.T.I}$PEPTIDE1,PEPTIDE1,1:R1-7:R2$$$",-6.10200000,ok,,flexible
"PEPTIDE1{Mono6.P.T.dP.Phe(4-CF3).P.T}$PEPTIDE1,PEPTIDE1,1:R1-7:R2$$$",-6.81200000,ok,,flexible
"PEPTIDE1{A.G.dP.dP.Y.D.P}$PEPTIDE1,PEPTIDE1,1:R1-7:R2$$$",-7.36700000,ok,,flexible
"PEPTIDE1{dA.dP.meL.I.V.P.T}$PEPTIDE1,PEPTIDE1,1:R1-7:R2$$$",-6.20900000,ok,,flexible
"PEPTIDE1{dA.F.meY.Me_Phe(3-Cl).T.Y.G}$PEPTIDE1,PEPTIDE1,1:R1-7:R2$$$",-6.44700000,ok,,flexible
"PEPTIDE1{dV.pentyl_Gly.dP.T.meL.Mono84.F}$PEPTIDE1,PEPTIDE1,1:R1-7:R2$$$",-5.73500000,ok,,flexible
"PEPTIDE1{L.dP.P.Me_Phe(3-Cl).Y.D.dP}$PEPTIDE1,PEPTIDE1,1:R1-7:R2$$$",-6.92000000,ok,,flexible
"PEPTIDE1{meA.T.dP.P.Asp_piperidide.G.dP}$PEPTIDE1,PEPTIDE1,1:R1-7:R2$$$",-7.29100000,ok,,flexible
"PEPTIDE1{Me_dA.meY.dP.P.dP.G.Me_Phe(3-Cl)}$PEPTIDE1,PEPTIDE1,1:R1-7:R2$$$",-7.14500000,ok,,flexible
"PEPTIDE1{A.P.Mono78.Phe(4-CF3).P.dP.meL}$PEPTIDE1,PEPTIDE1,1:R1-7:R2$$$",-7.27900000,ok,,flexible
"PEPTIDE1{A.Y.D.G.I.G.dP}$PEPTIDE1,PEPTIDE1,1:R1-7:R2$$$",-7.00000000,ok,,flexible
"PEPTIDE1{A.dP.F.meL.meA.Me_dL.P}$PEPTIDE1,PEPTIDE1,1:R1-7:R2$$$",-6.49100000,ok,,flexible
"PEPTIDE1{meA.P.Mono86.dP.Y.Mono84.Ser(tBu)}$PEPTIDE1,PEPTIDE1,1:R1-7:R2$$$",-5.81900000,ok,,flexible
"PEPTIDE1{Mono6.meL.meY.dP.Asp_piperidide.P.Me_Phe(3-Cl)}$PEPTIDE1,PEPTIDE1,1:R1-7:R2$$$",-8.35700000,ok,,flexible
"PEPTIDE1{dA.T.F.Y.P.dP.G}$PEPTIDE1,PEPTIDE1,1:R1-7:R2$$$",-7.33200000,ok,,flexible
"PEPTIDE1{meA.A.G.F.dP.meL.dP}$PEPTIDE1,PEPTIDE1,1:R1-7:R2$$$",-7.08800000,ok,,flexible
"PEPTIDE1{Me_dA.T.P.P.L.Me_Phe(3-Cl).G}$PEPTIDE1,PEPTIDE1,1:R1-7:R2$$$",-7.03600000,ok,,flexible
"PEPTIDE1{dA.Ser(tBu).P.dP.Me_Phe(3-Cl).dP.P}$PEPTIDE1,PEPTIDE1,1:R1-7:R2$$$",-7.20600000,ok,,flexible
"PEPTIDE1{dA.Ser(tBu).P.Me_Phe(3-Cl).Y.D.dP}$PEPTIDE1,PEPTIDE1,1:R1-7:R2$$$",-6.18300000,ok,,flexible
"PEPTIDE1{meA.A.meL.Y.I.Me_Phe(3-Cl).dP}$PEPTIDE1,PEPTIDE1,1:R1-7:R2$$$",-6.65800000,ok,,flexible
"PEPTIDE1{Mono6.Pr_Gly.A.F.Me_Phe(3-Cl).P.dF}$PEPTIDE1,PEPTIDE1,1:R1-7:R2$$$",-6.61200000,ok,,flexible
"PEPTIDE1{Me_Bal.meF.meL.dP.Mono6.Mono84.dV}$PEPTIDE1,PEPTIDE1,1:R1-7:R2$$$",-6.86900000,ok,,flexible
"PEPTIDE1{A.P.F.T.dP.P.Me_Phe(3-Cl)}$PEPTIDE1,PEPTIDE1,1:R1-7:R2$$$",-8.02700000,ok,,flexible
"PEPTIDE1{A.dA.Me_dA.dP.Me_dL.T.dP}$PEPTIDE1,PEPTIDE1,1:R1-7:R2$$$",-6.59800000,ok,,flexible
"PEPTIDE1{P.dP.T.Me_Phe(3-Cl).Y.Asp_piperidide.Me_dL}$PEPTIDE1,PEPTIDE1,1:R1-7:R2$$$",-6.06000000,ok,,flexible
"PEPTIDE1{Me_dA.Mono6.Me_dL.Y.P.Asp_piperidide.P}$PEPTIDE1,PEPTIDE1,1:R1-7:R2$$$",-6.29400000,ok,,flexible
"PEPTIDE1{dA.dP.A.meL.Me_Phe(3-Cl).Me_dA.Mono84}$PEPTIDE1,PEPTIDE1,1:R1-7:R2$$$",-7.20100000,ok,,flexible
"PEPTIDE1{meA.Ala(5-Tet).Mono6.Asp_piperidide.Mono84.pentyl_Gly.P}$PEPTIDE1,PEPTIDE1,1:R1-7:R2$$$",-6.20300000,ok,,flexible
"PEPTIDE1{Mono6.T.dA.Asp_piperidide.dP.F.Y}$PEPTIDE1,PEPTIDE1,1:R1-7:R2$$$",-6.11900000,ok,,flexible
"PEPTIDE1{dA.T.Phe(4-CF3).meL.P.Y.dP}$PEPTIDE1,PEPTIDE1,1:R1-7:R2$$$",-6.63000000,ok,,flexible
"PEPTIDE1{Me_Bal.G.T.meL.Me_Phe(3-Cl).F.Mono78}$PEPTIDE1,PEPTIDE1,1:R1-7:R2$$$",-6.78500000,ok,,flexible
"PEPTIDE1{dV.P.P.I.meL.P.dP}$PEPTIDE1,PEPTIDE1,1:R1-7:R2$$$",-6.33300000,ok,,flexible
"PEPTIDE1{Me_Bal.Pr_Gly.Me_dL.dP.P.G.Y}$PEPTIDE1,PEPTIDE1,1:R1-7:R2$$$",-6.02800000,ok,,flexible
"PEPTIDE1{Me_Bal.dPye.Me_dA.T.Pr_Gly.Me_dL.meL}$PEPTIDE1,PEPTIDE1,1:R1-7:R2$$$",-5.36600000,ok,,flexible
"PEPTIDE1{Mono6.Asp_piperidide.dP.D.dP.I.Me_Phe(3-Cl)}$PEPTIDE1,PEPTIDE1,1:R1-7:R2$$$",-6.58900000,ok,,flexible
"PEPTIDE1{Me_Bal.G.Sar.T.P.P.Me_Phe(3-Cl)}$PEPTIDE1,PEPTIDE1,1:R1-7:R2$$$",-7.49800000,ok,,flexible
"PEPTIDE1{Me_dA.T.meA.Me_Phe(3-Cl).F.P.P}$PEPTIDE1,PEPTIDE1,1:R1-7:R2$$$",-7.26800000,ok,,flexible
"PEPTIDE1{F.Pr_Gly.dP.Me_Phe(3-Cl).dL.T.P}$PEPTIDE1,PEPTIDE1,1:R1-7:R2$$$",-6.34300000,ok,,flexible
"PEPTIDE1{P.Sar.dP.Me_Phe(3-Cl).Asp_piperidide.Mono6.dP}$PEPTIDE1,PEPTIDE1,1:R1-7:R2$$$",-6.70500000,ok,,flexible
"PEPTIDE1{Me_Bal.T.pentyl_Gly.dP.meA.Mono78.meL}$PEPTIDE1,PEPTIDE1,1:R1-7:R2$$$",-5.62300000,ok,,flexible
"PEPTIDE1{Me_dA.D.P.meL.dP.V.P}$PEPTIDE1,PEPTIDE1,1:R1-7:R2$$$",-6.19700000,ok,,flexible
"PEPTIDE1{meA.Me_Phe(3-Cl).dP.F.T.D.Y}$PEPTIDE1,PEPTIDE1,1:R1-7:R2$$$",-6.64200000,ok,,flexible
"PEPTIDE1{dA.pentyl_Gly.A.Me_Phe(3-Cl).P.dL.meL}$PEPTIDE1,PEPTIDE1,1:R1-7:R2$$$",-5.40900000,ok,,flexible
"PEPTIDE1{dP.Y.meY.Me_dA.Me_dL.meY.Mono6}$PEPTIDE1,PEPTIDE1,1:R1-7:R2$$$",-6.50100000,ok,,flexible
"PEPTIDE1{dF.Ser(tBu).P.F.T.dP.I}$PEPTIDE1,PEPTIDE1,1:R1-7:R2$$$",-6.21700000,ok,,flexible
"PEPTIDE1{Me_dA.dP.P.I.dP.Me_Phe(3-Cl).F}$PEPTIDE1,PEPTIDE1,1:R1-7:R2$$$",-6.95800000,ok,,flexible
"PEPTIDE1{F.cHexCH2_Gly.Me_Phe(3-Cl).P.P.P.T}$PEPTIDE1,PEPTIDE1,1:R1-7:R2$$$",-6.78700000,ok,,flexible
"PEPTIDE1{dF.P.P.dP.F.T.Me_Phe(3-Cl)}$PEPTIDE1,PEPTIDE1,1:R1-7:R2$$$",-6.74500000,ok,,flexible
"PEPTIDE1{Mono6.F.Asp_piperidide.Me_Phe(3-Cl).dP.G.P}$PEPTIDE1,PEPTIDE1,1:R1-7:R2$$$",-7.24900000,ok,,flexible
"PEPTIDE1{dA.Me_Phe(3-Cl).Mono6.dP.P.G.Me_Nle}$PEPTIDE1,PEPTIDE1,1:R1-7:R2$$$",-6.77600000,ok,,flexible
"PEPTIDE1{dF.P.T.dP.P.dP.P}$PEPTIDE1,PEPTIDE1,1:R1-7:R2$$$",-7.08500000,ok,,flexible
"PEPTIDE1{Pr_Gly.P.G.Nle.F.T.T}$PEPTIDE1,PEPTIDE1,1:R1-7:R2$$$",-5.59400000,ok,,flexible
"PEPTIDE1{Me_Bal.meL.T.meY.dP.Me_dL.G}$PEPTIDE1,PEPTIDE1,1:R1-7:R2$$$",-5.96000000,ok,,flexible
"PEPTIDE1{dP.P.meA.F.meL.Me_dL.Me_Phe(3-Cl)}$PEPTIDE1,PEPTIDE1,1:R1-7:R2$$$",-6.58800000,ok,,flexible
"PEPTIDE1{A.P.P.I.Me_Phe(3-Cl).T.meL}$PEPTIDE1,PEPTIDE1,1:R1-7:R2$$$",-6.33400000,ok,,flexible
"PEPTIDE1{dA.Pr_Gly.Me_dA.A.Ser(tBu).G.Y}$PEPTIDE1,PEPTIDE1,1:R1-7:R2$$$",-5.58500000,ok,,flexible
"PEPTIDE1{Me_dA.P.Me_Phe(3-Cl).Me_dL.meF.Y.T}$PEPTIDE1,PEPTIDE1,1:R1-7:R2$$$",-6.95300000,ok,,flexible
"PEPTIDE1{meA.Mono6.Mono84.meY.Hyp(Et).dP.Asp_piperidide}$PEPTIDE1,PEPTIDE1,1:R1-7:R2$$$",-6.41200000,ok,,flexible
"PEPTIDE1{Me_Bal.P.dP.P.F.meL.G}$PEPTIDE1,PEPTIDE1,1:R1-7:R2$$$",-7.13700000,ok,,flexible
"PEPTIDE1{F.T.A.P.dL.meL.G}$PEPTIDE1,PEPTIDE1,1:R1-7:R2$$$",-6.53800000,ok,,flexible
"PEPTIDE1{Me_dA.P.A.meL.F.T.dP}$PEPTIDE1,PEPTIDE1,1:R1-7:R2$$$",-7.54100000,ok,,flexible
"PEPTIDE1{Mono6.P.dP.D.dP.T.Y}$PEPTIDE1,PEPTIDE1,1:R1-7:R2$$$",-6.68800000,ok,,flexible
"PEPTIDE1{meA.Me_dA.Me_dL.dP.Hyp(Et).Asp_piperidide.Me_Phe(3-Cl)}$PEPTIDE1,PEPTIDE1,1:R1-7:R2$$$",-5.84100000,ok,,flexible
"PEPTIDE1{Me_Bal.T.dP.dP.Asp_piperidide.G.P}$PEPTIDE1,PEPTIDE1,1:R1-7:R2$$$",-6.82500000,ok,,flexible
"PEPTIDE1{Mono6.P.T.meY.Me_Phe(3-Cl).P.Me_dL}$PEPTIDE1,PEPTIDE1,1:R1-7:R2$$$",-6.77400000,ok,,flexible
"PEPTIDE1{dV.F.T.I.T.D.meL}$PEPTIDE1,PEPTIDE1,1:R1-7:R2$$$",-6.17900000,ok,,flexible
"PEPTIDE1{P.dPye.G.Mono6.Mono7.meY.Me_Phe(3-Cl)}$PEPTIDE1,PEPTIDE1,1:R1-7:R2$$$",-6.40900000,ok,,flexible
"PEPTIDE1{Mono6.I.P.P.F.T.Phe(4-CF3)}$PEPTIDE1,PEPTIDE1,1:R1-7:R2$$$",-8.38400000,ok,,flexible
"PEPTIDE1{dP.G.Mono78.meL.T.P.Mono84}$PEPTIDE1,PEPTIDE1,1:R1-7:R2$$$",-7.07100000,ok,,flexible
"PEPTIDE1{dA.D.P.I.T.F.P}$PEPTIDE1,PEPTIDE1,1:R1-7:R2$$$",-6.25600000,ok,,flexible
"PEPTIDE1{dP.T.Phe(4-CF3).F.Asp_piperidide.Me_Phe(3-Cl).P}$PEPTIDE1,PEPTIDE1,1:R1-7:R2$$$",-7.82100000,ok,,flexible
"PEPTIDE1{meA.dP.Pr_Gly.Me_dL.T.Mono6.dP}$PEPTIDE1,PEPTIDE1,1:R1-7:R2$$$",-6.46600000,ok,,flexible
"PEPTIDE1{Me_Bal.T.L.Mono86.dP.Mono78.G}$PEPTIDE1,PEPTIDE1,1:R1-7:R2$$$",-6.78500000,ok,,flexible
"PEPTIDE1{Mono6.G.Me_Phe(3-Cl).Me_Phe(3-Cl).dP.T.dP}$PEPTIDE1,PEPTIDE1,1:R1-7:R2$$$",-7.90900000,ok,,flexible
"PEPTIDE1{meA.Me_dA.Me_Phe(3-Cl).P.T.P.T}$PEPTIDE1,PEPTIDE1,1:R1-7:R2$$$",-7.09900000,ok,,flexible
"PEPTIDE1{meA.Me_dA.Aib.F.Me_dL.Y.dP}$PEPTIDE1,PEPTIDE1,1:R1-7:R2$$$",-7.34100000,ok,,flexible
"PEPTIDE1{dV.dP.P.F.I.V.dP}$PEPTIDE1,PEPTIDE1,1:R1-7:R2$$$",-7.12400000,ok,,flexible
"PEPTIDE1{Me_Bal.dA.Y.Mono6.G.F.T}$PEPTIDE1,PEPTIDE1,1:R1-7:R2$$$",-7.15900000,ok,,flexible
"PEPTIDE1{dF.G.dP.P.Me_Phe(3-Cl).T.I}$PEPTIDE1,PEPTIDE1,1:R1-7:R2$$$",-6.72100000,ok,,flexible
"PEPTIDE1{Me_Bal.T.G.P.I.Mono86.Mono84}$PEPTIDE1,PEPTIDE1,1:R1-7:R2$$$",-6.13000000,ok,,flexible
"PEPTIDE1{A.cHexCH2_Gly.G.Me_dA.T.dP.meL}$PEPTIDE1,PEPTIDE1,1:R1-7:R2$$$",-6.74100000,ok,,flexible
"PEPTIDE1{Mono6.P.dP.meL.dP.P.T}$PEPTIDE1,PEPTIDE1,1:R1-7:R2$$$",-6.75700000,ok,,flexible
"PEPTIDE1{Me_Bal.Mono6.P.dP.I.F.P}$PEPTIDE1,PEPTIDE1,1:R1-7:R2$$$",-7.23200000,ok,,flexible
"PEPTIDE1{Me_dA.Y.G.Phe(4-CF3).Me_Phe(3-Cl).dP.T}$PEPTIDE1,PEPTIDE1,1:R1-7:R2$$$",-7.48700000,ok,,flexible
"PEPTIDE1{A.T.meY.dP.P.P.G}$PEPTIDE1,PEPTIDE1,1:R1-7:R2$$$",-6.99000000,ok,,flexible
"PEPTIDE1{dA.Pr_Gly.G.meY.P.T.F}$PEPTIDE1,PEPTIDE1,1:R1-7:R2$$$",-5.81200000,ok,,flexible
"PEPTIDE1{dV.D.meL.dP.V.P.dP}$PEPTIDE1,PEPTIDE1,1:R1-7:R2$$$",-5.85700000,ok,,flexible
"PEPTIDE1{dA.T.F.dP.Me_Phe(3-Cl).meL.G}$PEPTIDE1,PEPTIDE1,1:R1-7:R2$$$",-7.28600000,ok,,flexible
"PEPTIDE1{Me_dA.T.G.Me_Phe(3-Cl).I.P.Y}$PEPTIDE1,PEPTIDE1,1:R1-7:R2$$$",-6.61200000,ok,,flexible
"PEPTIDE1{meA.F.Mono6.P.P.dF.meL}$PEPTIDE1,PEPTIDE1,1:R1-7:R2$$$",-6.26000000,ok,,flexible
"PEPTIDE1{A.Me_dA.dP.G.T.P.F}$PEPTIDE1,PEPTIDE1,1:R1-7:R2$$$",-6.99400000,ok,,flexible
"PEPTIDE1{meA.P.Me_Phe(3-Cl).dP.Ser(tBu).Mono84.F}$PEPTIDE1,PEPTIDE1,1:R1-7:R2$$$",-6.95400000,ok,,flexible
"PEPTIDE1{Me_Bal.T.meL.dP.Me_Phe(3-Cl).Phe(4-CF3).P}$PEPTIDE1,PEPTIDE1,1:R1-7:R2$$$",-6.23700000,ok,,flexible
"PEPTIDE1{A.meF.Mono6.meL.G.P.F}$PEPTIDE1,PEPTIDE1,1:R1-7:R2$$$",-6.77400000,ok,,flexible
"PEPTIDE1{dP.dP.G.P.meY.T.F}$PEPTIDE1,PEPTIDE1,1:R1-7:R2$$$",-7.91300000,ok,,flexible
"PEPTIDE1{dP.dP.cHexCH2_Gly.meA.P.T.Me_Phe(3-Cl)}$PEPTIDE1,PEPTIDE1,1:R1-7:R2$$$",-7.44300000,ok,,flexible
"PEPTIDE1{dA.meF.G.meA.P.Me_dA.P}$PEPTIDE1,PEPTIDE1,1:R1-7:R2$$$",-7.43700000,ok,,flexible
"PEPTIDE1{meA.Mono7.P.dP.meY.Asp_piperidide.Y}$PEPTIDE1,PEPTIDE1,1:R1-7:R2$$$",-7.39900000,ok,,flexible
"PEPTIDE1{Me_Bal.A.Me_dL.F.dP.Y.Asp_piperidide}$PEPTIDE1,PEPTIDE1,1:R1-7:R2$$$",-6.33200000,ok,,flexible
"PEPTIDE1{Me_dA.meA.P.Me_Phe(3-Cl).T.F.T}$PEPTIDE1,PEPTIDE1,1:R1-7:R2$$$",-7.15500000,ok,,flexible
"PEPTIDE1{meA.T.dP.P.Me_dL.Me_Phe(3-Cl).dP}$PEPTIDE1,PEPTIDE1,1:R1-7:R2$$$",-6.93300000,ok,,flexible
"PEPTIDE1{dP.T.P.Me_dL.meL.meY.dP}$PEPTIDE1,PEPTIDE1,1:R1-7:R2$$$",-6.29000000,ok,,flexible
"PEPTIDE1{F.T.P.Mono84.P.G.P}$PEPTIDE1,PEPTIDE1,1:R1-7:R2$$$",-7.95300000,ok,,flexible
"PEPTIDE1{Mono6.dP.D.G.T.G.dY}$PEPTIDE1,PEPTIDE1,1:R1-7:R2$$$",-6.75700000,ok,,flexible
"PEPTIDE1{Pr_Gly.Pr_Gly.meY.Y.T.dP.Me_dL}$PEPTIDE1,PEPTIDE1,1:R1-7:R2$$$",-5.82000000,ok,,flexible
"PEPTIDE1{P.Me_dL.Pr_Gly.Me_Phe(3-Cl).Mono84.P.F}$PEPTIDE1,PEPTIDE1,1:R1-7:R2$$$",-6.59500000,ok,,flexible
"PEPTIDE1{Mono6.meA.dP.Y.T.Me_dL.dP}$PEPTIDE1,PEPTIDE1,1:R1-7:R2$$$",-6.73600000,ok,,flexible
"PEPTIDE1{dA.dP.dP.P.P.Asp_piperidide.T}$PEPTIDE1,PEPTIDE1,1:R1-7:R2$$$",-7.13700000,ok,,flexible
"PEPTIDE1{Me_Bal.G.Me_Phe(3-Cl).T.I.P.dP}$PEPTIDE1,PEPTIDE1,1:R1-7:R2$$$",-6.60800000,ok,,flexible
"PEPTIDE1{F.G.T.Mono78.Mono86.P.P}$PEPTIDE1,PEPTIDE1,1:R1-7:R2$$$",-5.66100000,ok,,flexible
"PEPTIDE1{Me_dA.cHexCH2_Gly.P.Me_Phe(3-Cl).Phe(4-CF3).F.G}$PEPTIDE1,PEPTIDE1,1:R1-7:R2$$$",-6.73900000,ok,,flexible
"PEPTIDE1{Me_dA.P.Me_Phe(3-Cl).F.dF.Ser(tBu).Mono84}$PEPTIDE1,PEPTIDE1,1:R1-7:R2$$$",-6.14300000,ok,,flexible
"PEPTIDE1{dV.P.Me_Phe(3-Cl).P.dY.Y.G}$PEPTIDE1,PEPTIDE1,1:R1-7:R2$$$",-7.87200000,ok,,flexible
"PEPTIDE1{Me_Bal.dP.Et_Gly.P.Mono84.Me_Phe(3-Cl).F}$PEPTIDE1,PEPTIDE1,1:R1-7:R2$$$",-7.20900000,ok,,flexible
"PEPTIDE1{F.Me_Phe(3-Cl).T.P.Mono2.Phe(4-CF3).G}$PEPTIDE1,PEPTIDE1,1:R1-7:R2$$$",-7.02400000,ok,,flexible
"PEPTIDE1{meA.Y.G.Me_Phe(3-Cl).dP.F.T}$PEPTIDE1,PEPTIDE1,1:R1-7:R2$$$",-7.13700000,ok,,flexible
"PEPTIDE1{Me_dA.T.Me_Phe(3-Cl).P.F.dP.V}$PEPTIDE1,PEPTIDE1,1:R1-7:R2$$$",-6.30200000,ok,,flexible
"PEPTIDE1{dA.dP.T.G.P.Asp_piperidide.Y}$PEPTIDE1,PEPTIDE1,1:R1-7:R2$$$",-7.02300000,ok,,flexible
"PEPTIDE1{meA.dP.T.meL.P.F.Y}$PEPTIDE1,PEPTIDE1,1:R1-7:R2$$$",-6.27600000,ok,,flexible
"PEPTIDE1{F.cHexCH2_Gly.G.P.dP.Ser(tBu).Me_Phe(3-Cl)}$PEPTIDE1,PEPTIDE1,1:R1-7:R2$$$",-6.04700000,ok,,flexible
"PEPTIDE1{dF.meF.Mono84.G.P.T.Mono7}$PEPTIDE1,PEPTIDE1,1:R1-7:R2$$$",-7.17800000,ok,,flexible
"PEPTIDE1{dP.G.Mono78.meA.Me_Phe(3-Cl).P.T}$PEPTIDE1,PEPTIDE1,1:R1-7:R2$$$",-6.77600000,ok,,flexible
"PEPTIDE1{Me_Bal.P.T.V.F.dP.Me_Phe(3-Cl)}$PEPTIDE1,PEPTIDE1,1:R1-7:R2$$$",-6.49100000,ok,,flexible
"PEPTIDE1{Mono6.P.Me_Phe(3-Cl).meL.dP.L.dP}$PEPTIDE1,PEPTIDE1,1:R1-7:R2$$$",-7.23500000,ok,,flexible
"PEPTIDE1{dA.Pr_Gly.G.T.P.T.D}$PEPTIDE1,PEPTIDE1,1:R1-7:R2$$$",-5.69900000,ok,,flexible
"PEPTIDE1{P.Mono6.dF.F.Me_dL.T.P}$PEPTIDE1,PEPTIDE1,1:R1-7:R2$$$",-6.47100000,ok,,flexible
"PEPTIDE1{A.meA.dP.Me_dAbu.meV.Y.Me_dL}$PEPTIDE1,PEPTIDE1,1:R1-7:R2$$$",-6.29700000,ok,,flexible
"PEPTIDE1{Me_Bal.T.P.D.G.F.dP}$PEPTIDE1,PEPTIDE1,1:R1-7:R2$$$",-6.69700000,ok,,flexible
"PEPTIDE1{F.A.T.P.dP.T.Me_Phe(3-Cl)}$PEPTIDE1,PEPTIDE1,1:R1-7:R2$$$",-6.81300000,ok,,flexible
"PEPTIDE1{Mono6.Me_dA.F.meY.Ser(tBu).T.G}$PEPTIDE1,PEPTIDE1,1:R1-7:R2$$$",-5.61800000,ok,,flexible
"PEPTIDE1{dA.G.Phe(4-CF3).T.dP.dP.Me_Phe(3-Cl)}$PEPTIDE1,PEPTIDE1,1:R1-7:R2$$$",-7.18500000,ok,,flexible
"PEPTIDE1{P.F.T.Me_Phe(3-Cl).A.3Pal.L}$PEPTIDE1,PEPTIDE1,1:R1-7:R2$$$",-5.99400000,ok,,flexible
"PEPTIDE1{Me_Bal.dP.dP.F.T.Me_Phe(3-Cl).T}$PEPTIDE1,PEPTIDE1,1:R1-7:R2$$$",-7.94000000,ok,,flexible
"PEPTIDE1{Me_dA.dP.I.F.dP.G.meL}$PEPTIDE1,PEPTIDE1,1:R1-7:R2$$$",-6.10100000,ok,,flexible
"PEPTIDE1{Me_dA.Me_Phe(3-Cl).P.G.T.dP.dY}$PEPTIDE1,PEPTIDE1,1:R1-7:R2$$$",-7.73300000,ok,,flexible
"PEPTIDE1{dP.Me_dAbu.P.Mono84.dP.F.Y}$PEPTIDE1,PEPTIDE1,1:R1-7:R2$$$",-7.77600000,ok,,flexible
"PEPTIDE1{Mono6.Me_dA.P.dP.F.Y.dP}$PEPTIDE1,PEPTIDE1,1:R1-7:R2$$$",-7.08300000,ok,,flexible
"PEPTIDE1{Me_Bal.P.F.G.dP.Me_Phe(3-Cl).I}$PEPTIDE1,PEPTIDE1,1:R1-7:R2$$$",-7.18700000,ok,,flexible
"PEPTIDE1{Me_Bal.P.dP.F.dP.F.Phe(4-CF3)}$PEPTIDE1,PEPTIDE1,1:R1-7:R2$$$",-7.65700000,ok,,flexible
"PEPTIDE1{Me_Bal.meL.Asp_piperidide.Mono6.Y.T.P}$PEPTIDE1,PEPTIDE1,1:R1-7:R2$$$",-7.88100000,ok,,flexible
"PEPTIDE1{Mono6.T.G.Me_dA.P.dP.A}$PEPTIDE1,PEPTIDE1,1:R1-7:R2$$$",-6.39600000,ok,,flexible
"PEPTIDE1{Me_dA.dA.G.A.F.Me_dL.P}$PEPTIDE1,PEPTIDE1,1:R1-7:R2$$$",-6.50300000,ok,,flexible
"PEPTIDE1{A.I.F.dY.G.D.P}$PEPTIDE1,PEPTIDE1,1:R1-7:R2$$$",-6.52800000,ok,,flexible
"PEPTIDE1{A.T.T.P.dP.F.Me_Phe(3-Cl)}$PEPTIDE1,PEPTIDE1,1:R1-7:R2$$$",-6.92100000,ok,,flexible
"PEPTIDE1{Me_Bal.P.dP.T.dP.Mono84.P}$PEPTIDE1,PEPTIDE1,1:R1-7:R2$$$",-7.76800000,ok,,flexible
"PEPTIDE1{dA.dP.T.T.P.Me_Phe(3-Cl).I}$PEPTIDE1,PEPTIDE1,1:R1-7:R2$$$",-7.44300000,ok,,flexible
"PEPTIDE1{A.G.Y.P.dP.G.dP}$PEPTIDE1,PEPTIDE1,1:R1-7:R2$$$",-7.80000000,ok,,flexible
"PEPTIDE1{dA.G.F.P.meL.Me_dL.Me_Phe(3-Cl)}$PEPTIDE1,PEPTIDE1,1:R1-7:R2$$$",-6.16600000,ok,,flexible
"PEPTIDE1{A.dP.Me_dL.Me_dA.T.P.T}$PEPTIDE1,PEPTIDE1,1:R1-7:R2$$$",-7.27900000,ok,,flexible
"PEPTIDE1{Mono6.dP.T.G.F.D.dP}$PEPTIDE1,PEPTIDE1,1:R1-7:R2$$$",-7.23300000,ok,,flexible
"PEPTIDE1{dF.P.Y.P.G.D.dY}$PEPTIDE1,PEPTIDE1,1:R1-7:R2$$$",-6.84900000,ok,,flexible
"PEPTIDE1{dF.dP.T.F.Me_dL.Me_Phe(3-Cl).Mono84}$PEPTIDE1,PEPTIDE1,1:R1-7:R2$$$",-6.25400000,ok,,flexible
"PEPTIDE1{Mono6.P.V.F.P.Me_Phe(3-Cl).I}$PEPTIDE1,PEPTIDE1,1:R1-7:R2$$$",-6.61200000,ok,,flexible
"PEPTIDE1{dF.P.I.P.T.dP.dP}$PEPTIDE1,PEPTIDE1,1:R1-7:R2$$$",-6.90800000,ok,,flexible
"PEPTIDE1{Me_dA.P.pentyl_Gly.T.Mono78.Me_Phe(3-Cl).G}$PEPTIDE1,PEPTIDE1,1:R1-7:R2$$$",-5.72200000,ok,,flexible
"PEPTIDE1{dA.dP.P.F.T.G.Me_Phe(3-Cl)}$PEPTIDE1,PEPTIDE1,1:R1-7:R2$$$",-7.54700000,ok,,flexible
"PEPTIDE1{A.I.P.P.dP.G.Y}$PEPTIDE1,PEPTIDE1,1:R1-7:R2$$$",-6.81000000,ok,,flexible
"PEPTIDE1{Me_Bal.P.dP.dP.F.Mono78.Me_Phe(3-Cl)}$PEPTIDE1,PEPTIDE1,1:R1-7:R2$$$",-7.16500000,ok,,flexible
"PEPTIDE1{Me_Bal.I.P.G.Me_Phe(3-Cl).D.P}$PEPTIDE1,PEPTIDE1,1:R1-7:R2$$$",-6.93300000,ok,,flexible
"PEPTIDE1{dF.T.dP.Me_Phe(3-Cl).Asp_piperidide.F.D}$PEPTIDE1,PEPTIDE1,1:R1-7:R2$$$",-6.60700000,ok,,flexible
"PEPTIDE1{A.F.dP.T.Mono86.Me_Phe(3-Cl).Mono84}$PEPTIDE1,PEPTIDE1,1:R1-7:R2$$$",-6.80300000,ok,,flexible
"PEPTIDE1{F.P.dP.G.T.dL.I}$PEPTIDE1,PEPTIDE1,1:R1-7:R2$$$",-5.87500000,ok,,flexible
"PEPTIDE1{Me_dA.G.F.dP.P.T.D}$PEPTIDE1,PEPTIDE1,1:R1-7:R2$$$",-6.49800000,ok,,flexible
"PEPTIDE1{F.dP.P.Me_Phe(3-Cl).T.Mono84.dP}$PEPTIDE1,PEPTIDE1,1:R1-7:R2$$$",-6.88800000,ok,,flexible
"PEPTIDE1{Me_dA.Y.dP.P.F.P.D}$PEPTIDE1,PEPTIDE1,1:R1-7:R2$$$",-6.43100000,ok,,flexible
"PEPTIDE1{dF.T.Mono2.G.Me_Phe(3-Cl).Mono84.P}$PEPTIDE1,PEPTIDE1,1:R1-7:R2$$$",-7.63600000,ok,,flexible
"PEPTIDE1{A.P.F.G.meY.dP.I}$PEPTIDE1,PEPTIDE1,1:R1-7:R2$$$",-7.22500000,ok,,flexible
"PEPTIDE1{Me_Bal.F.P.I.dP.G.Me_Phe(3-Cl)}$PEPTIDE1,PEPTIDE1,1:R1-7:R2$$$",-6.72000000,ok,,flexible
"PEPTIDE1{Me_Bal.F.T.Mono84.Me_Phe(3-Cl).dL.Me_dL}$PEPTIDE1,PEPTIDE1,1:R1-7:R2$$$",-6.95600000,ok,,flexible
"PEPTIDE1{Me_Bal.meL.dP.P.Sar.T.G}$PEPTIDE1,PEPTIDE1,1:R1-7:R2$$$",-6.17500000,ok,,flexible
"PEPTIDE1{Me_Bal.dP.P.Mono78.F.G.Me_Phe(3-Cl)}$PEPTIDE1,PEPTIDE1,1:R1-7:R2$$$",-7.44600000,ok,,flexible
"PEPTIDE1{dF.Me_Phe(3-Cl).Hyp(Et).P.Asp_piperidide.Et_Gly.Mono84}$PEPTIDE1,PEPTIDE1,1:R1-7:R2$$$",-5.46200000,ok,,flexible
"PEPTIDE1{A.F.Me_dL.dP.P.Mono84.T}$PEPTIDE1,PEPTIDE1,1:R1-7:R2$$$",-6.97900000,ok,,flexible
"PEPTIDE1{A.Pr_Gly.L.Mono84.dP.D.meF}$PEPTIDE1,PEPTIDE1,1:R1-7:R2$$$",-6.42300000,ok,,flexible
"PEPTIDE1{Me_Bal.meL.P.T.P.Phe(4-CF3).G}$PEPTIDE1,PEPTIDE1,1:R1-7:R2$$$",-7.51000000,ok,,flexible
"PEPTIDE1{Me_Bal.P.meL.Me_Phe(3-Cl).dP.F.G}$PEPTIDE1,PEPTIDE1,1:R1-7:R2$$$",-7.22400000,ok,,flexible
"PEPTIDE1{Me_Bal.Mono7.dP.Phe(4-CF3).T.dP.Asp_piperidide}$PEPTIDE1,PEPTIDE1,1:R1-7:R2$$$",-7.28000000,ok,,flexible
"PEPTIDE1{Me_Bal.Me_dAbu.meL.P.P.dP.Phe(4-CF3)}$PEPTIDE1,PEPTIDE1,1:R1-7:R2$$$",-6.94200000,ok,,flexible
"PEPTIDE1{Me_dA.cHexCH2_Gly.G.P.P.L.T}$PEPTIDE1,PEPTIDE1,1:R1-7:R2$$$",-6.48200000,ok,,flexible
"PEPTIDE1{dA.dP.Y.F.T.dP.P}$PEPTIDE1,PEPTIDE1,1:R1-7:R2$$$",-7.15400000,ok,,flexible
"PEPTIDE1{Me_Bal.Me_dA.P.Me_dAbu.Me_Phe(3-Cl).meY.P}$PEPTIDE1,PEPTIDE1,1:R1-7:R2$$$",-7.18800000,ok,,flexible
"PEPTIDE1{Mono6.Me_Phe(3-Cl).Y.I.Phe(4-CF3).P.dP}$PEPTIDE1,PEPTIDE1,1:R1-7:R2$$$",-7.14500000,ok,,flexible
"PEPTIDE1{dA.P.P.D.T.I.Me_Phe(3-Cl)}$PEPTIDE1,PEPTIDE1,1:R1-7:R2$$$",-7.10900000,ok,,flexible
"PEPTIDE1{dF.P.F.P.G.Asp_piperidide.P}$PEPTIDE1,PEPTIDE1,1:R1-7:R2$$$",-6.72200000,ok,,flexible
"PEPTIDE1{P.Aib.Pr_Gly.F.Me_dL.Asp_piperidide.Phe(4-CF3)}$PEPTIDE1,PEPTIDE1,1:R1-7:R2$$$",-5.87900000,ok,,flexible
"PEPTIDE1{Pr_Gly.P.dP.Me_Phe(3-Cl).Mono86.P.Ser(tBu)}$PEPTIDE1,PEPTIDE1,1:R1-7:R2$$$",-5.58500000,ok,,flexible
"PEPTIDE1{meA.Mono6.V.T.G.I.P}$PEPTIDE1,PEPTIDE1,1:R1-7:R2$$$",-5.98700000,ok,,flexible
"PEPTIDE1{A.T.G.dP.dP.Me_Phe(3-Cl).T}$PEPTIDE1,PEPTIDE1,1:R1-7:R2$$$",-7.25600000,ok,,flexible
"PEPTIDE1{P.G.meL.F.P.cHexCH2_Gly.Me_Phe(3-Cl)}$PEPTIDE1,PEPTIDE1,1:R1-7:R2$$$",-6.61200000,ok,,flexible
"PEPTIDE1{dA.P.cHexCH2_Gly.Ser(tBu).T.Mono84.Mono84}$PEPTIDE1,PEPTIDE1,1:R1-7:R2$$$",-6.58700000,ok,,flexible
"PEPTIDE1{dP.dA.T.T.dP.G.Phe(4-CF3)}$PEPTIDE1,PEPTIDE1,1:R1-7:R2$$$",-7.38500000,ok,,flexible
"PEPTIDE1{dA.P.G.Me_dL.dP.dP.T}$PEPTIDE1,PEPTIDE1,1:R1-7:R2$$$",-7.18000000,ok,,flexible
"PEPTIDE1{meA.D.P.T.F.P.dP}$PEPTIDE1,PEPTIDE1,1:R1-7:R2$$$",-6.39500000,ok,,flexible
"PEPTIDE1{Mono6.Sar.F.meF.meL.dP.Mono7}$PEPTIDE1,PEPTIDE1,1:R1-7:R2$$$",-6.75500000,ok,,flexible
"PEPTIDE1{dF.G.I.F.Mono84.Me_dL.meA}$PEPTIDE1,PEPTIDE1,1:R1-7:R2$$$",-6.60400000,ok,,flexible
"PEPTIDE1{dA.Pr_Gly.G.dF.T.dP.Phe(4-CF3)}$PEPTIDE1,PEPTIDE1,1:R1-7:R2$$$",-6.67600000,ok,,flexible
"PEPTIDE1{meA.cHexCH2_Gly.A.Mono38.L.G.meL}$PEPTIDE1,PEPTIDE1,1:R1-7:R2$$$",-5.62800000,ok,,flexible
"PEPTIDE1{Pr_Gly.T.G.Me_Nle.P.dP.meL}$PEPTIDE1,PEPTIDE1,1:R1-7:R2$$$",-5.63700000,ok,,flexible
"PEPTIDE1{dF.T.Asp_piperidide.Y.P.P.dP}$PEPTIDE1,PEPTIDE1,1:R1-7:R2$$$",-6.70400000,ok,,flexible
"PEPTIDE1{dP.P.G.F.T.Phe(4-CF3).P}$PEPTIDE1,PEPTIDE1,1:R1-7:R2$$$",-8.09100000,ok,,flexible
"PEPTIDE1{Mono6.F.Pr_Gly.dP.Mono84.dP.Phe(4-CF3)}$PEPTIDE1,PEPTIDE1,1:R1-7:R2$$$",-7.14300000,ok,,flexible
"PEPTIDE1{dF.Me_Nle.T.P.Nle.Y.P}$PEPTIDE1,PEPTIDE1,1:R1-7:R2$$$",-6.19400000,ok,,flexible
"PEPTIDE1{Mono6.meL.Me_dL.P.Pr_Gly.meY.dP}$PEPTIDE1,PEPTIDE1,1:R1-7:R2$$$",-6.21800000,ok,,flexible
"PEPTIDE1{Me_Bal.dV.P.dP.G.F.meL}$PEPTIDE1,PEPTIDE1,1:R1-7:R2$$$",-6.90000000,ok,,flexible
"PEPTIDE1{Mono6.T.P.G.Me_Phe(3-Cl).P.D}$PEPTIDE1,PEPTIDE1,1:R1-7:R2$$$",-6.81000000,ok,,flexible
"PEPTIDE1{Mono6.Mono84.Ser(tBu).G.L.dP.Et_Gly}$PEPTIDE1,PEPTIDE1,1:R1-7:R2$$$",-6.33700000,ok,,flexible
"PEPTIDE1{A.T.F.meL.Mono86.dP.dP}$PEPTIDE1,PEPTIDE1,1:R1-7:R2$$$",-6.40500000,ok,,flexible
"PEPTIDE1{Mono6.Pr_Gly.dP.T.Me_Phe(3-Cl).P.Mono84}$PEPTIDE1,PEPTIDE1,1:R1-7:R2$$$",-6.78400000,ok,,flexible
"PEPTIDE1{Me_dA.Sar.F.G.Me_Phe(3-Cl).dP.Y}$PEPTIDE1,PEPTIDE1,1:R1-7:R2$$$",-6.57900000,ok,,flexible
"PEPTIDE1{Me_Bal.Ala(5-Tet).dP.dP.T.T.P}$PEPTIDE1,PEPTIDE1,1:R1-7:R2$$$",-7.87500000,ok,,flexible
"PEPTIDE1{dP.Me_dA.T.meA.P.F.P}$PEPTIDE1,PEPTIDE1,1:R1-7:R2$$$",-6.64300000,ok,,flexible
"PEPTIDE1{Pr_Gly.Me_dA.Me_Phe(3-Cl).dP.cHexCH2_Gly.F.P}$PEPTIDE1,PEPTIDE1,1:R1-7:R2$$$",-5.98500000,ok,,flexible
"PEPTIDE1{dA.P.P.meL.V.T.T}$PEPTIDE1,PEPTIDE1,1:R1-7:R2$$$",-6.46200000,ok,,flexible
"PEPTIDE1{meA.meY.Y.dP.T.F.G}$PEPTIDE1,PEPTIDE1,1:R1-7:R2$$$",-6.16600000,ok,,flexible
"PEPTIDE1{Mono6.dP.L.Y.G.pentyl_Gly.T}$PEPTIDE1,PEPTIDE1,1:R1-7:R2$$$",-5.82300000,ok,,flexible
"PEPTIDE1{P.Mono6.F.Phe(4-CF3).Asp_piperidide.G.I}$PEPTIDE1,PEPTIDE1,1:R1-7:R2$$$",-6.67900000,ok,,flexible
"PEPTIDE1{dA.A.T.dP.G.Me_dL.meL}$PEPTIDE1,PEPTIDE1,1:R1-7:R2$$$",-6.00100000,ok,,flexible
"PEPTIDE1{P.Me_dA.G.Mono84.F.Me_Phe(3-Cl).dP}$PEPTIDE1,PEPTIDE1,1:R1-7:R2$$$",-7.15400000,ok,,flexible
"PEPTIDE1{Me_dA.A.T.P.Mono84.F.meL}$PEPTIDE1,PEPTIDE1,1:R1-7:R2$$$",-6.13300000,ok,,flexible
"PEPTIDE1{A.Mono6.meL.F.dP.P.Me_Phe(3-Cl)}$PEPTIDE1,PEPTIDE1,1:R1-7:R2$$$",-7.52400000,ok,,flexible
"PEPTIDE1{dP.Me_Phe(3-Cl).P.meY.Y.meL.meA}$PEPTIDE1,PEPTIDE1,1:R1-7:R2$$$",-6.33200000,ok,,flexible
"PEPTIDE1{meA.meL.F.P.dP.dA.I}$PEPTIDE1,PEPTIDE1,1:R1-7:R2$$$",-5.87900000,ok,,flexible
"PEPTIDE1{dF.meL.Asp_piperidide.Me_Phe(3-Cl).P.G.P}$PEPTIDE1,PEPTIDE1,1:R1-7:R2$$$",-6.94800000,ok,,flexible
"PEPTIDE1{Mono6.P.dP.T.dP.G.I}$PEPTIDE1,PEPTIDE1,1:R1-7:R2$$$",-6.61800000,ok,,flexible
"PEPTIDE1{Me_Bal.Mono84.3Pal.T.P.P.G}$PEPTIDE1,PEPTIDE1,1:R1-7:R2$$$",-6.73000000,ok,,flexible
"PEPTIDE1{Me_dA.L.P.meA.T.dP.F}$PEPTIDE1,PEPTIDE1,1:R1-7:R2$$$",-6.91300000,ok,,flexible
"PEPTIDE1{dA.dP.P.T.Phe(4-CF3).Me_Phe(3-Cl).G}$PEPTIDE1,PEPTIDE1,1:R1-7:R2$$$",-6.97300000,ok,,flexible
"PEPTIDE1{Me_dA.Me_Phe(3-Cl).dP.dP.P.P.Mono84}$PEPTIDE1,PEPTIDE1,1:R1-7:R2$$$",-7.99700000,ok,,flexible
"PEPTIDE1{dV.P.F.T.dP.dP.Me_Phe(3-Cl)}$PEPTIDE1,PEPTIDE1,1:R1-7:R2$$$",-7.16500000,ok,,flexible
"PEPTIDE1{dA.F.Mono6.meY.G.Y.P}$PEPTIDE1,PEPTIDE1,1:R1-7:R2$$$",-7.28000000,ok,,flexible
"PEPTIDE1{A.Me_dL.dF.F.Me_dA.meA.meY}$PEPTIDE1,PEPTIDE1,1:R1-7:R2$$$",-6.46200000,ok,,flexible
"PEPTIDE1{P.bHph.Mono84.Pr_Gly.T.L.Ser(tBu)}$PEPTIDE1,PEPTIDE1,1:R1-7:R2$$$",-5.60000000,ok,,flexible
"PEPTIDE1{Mono6.G.meL.T.P.Me_Phe(3-Cl).F}$PEPTIDE1,PEPTIDE1,1:R1-7:R2$$$",-5.82100000,ok,,flexible
"PEPTIDE1{meA.dP.dP.Phe(4-CF3).P.P.G}$PEPTIDE1,PEPTIDE1,1:R1-7:R2$$$",-7.56000000,ok,,flexible
"PEPTIDE1{meA.G.meL.P.Me_Phe(3-Cl).Me_dL.T}$PEPTIDE1,PEPTIDE1,1:R1-7:R2$$$",-5.91700000,ok,,flexible
"PEPTIDE1{Me_dA.meF.meA.dP.P.Mono6.dP}$PEPTIDE1,PEPTIDE1,1:R1-7:R2$$$",-7.56400000,ok,,flexible
"PEPTIDE1{dP.F.meY.Me_dA.Mono6.T.Asp_piperidide}$PEPTIDE1,PEPTIDE1,1:R1-7:R2$$$",-6.36400000,ok,,flexible
"PEPTIDE1{Pr_Gly.Me_dAbu.dP.A.Mono84.meL.Mono78}$PEPTIDE1,PEPTIDE1,1:R1-7:R2$$$",-6.31400000,ok,,flexible
"PEPTIDE1{Me_dA.dP.F.P.G.Phe(4-CF3).P}$PEPTIDE1,PEPTIDE1,1:R1-7:R2$$$",-8.36300000,ok,,flexible
"PEPTIDE1{dA.meL.T.G.F.T.P}$PEPTIDE1,PEPTIDE1,1:R1-7:R2$$$",-5.97600000,ok,,flexible
"PEPTIDE1{Pr_Gly.Mono84.L.Mono78.I.dP.G}$PEPTIDE1,PEPTIDE1,1:R1-7:R2$$$",-6.34500000,ok,,flexible
"PEPTIDE1{Me_Bal.P.meL.dP.dP.F.G}$PEPTIDE1,PEPTIDE1,1:R1-7:R2$$$",-6.62600000,ok,,flexible
"PEPTIDE1{Me_Bal.dP.T.I.dP.Phe(4-CF3).Y}$PEPTIDE1,PEPTIDE1,1:R1-7:R2$$$",-6.12400000,ok,,flexible
"PEPTIDE1{Me_Bal.cHexCH2_Gly.Ser(tBu).T.P.P.F}$PEPTIDE1,PEPTIDE1,1:R1-7:R2$$$",-6.02800000,ok,,flexible
"PEPTIDE1{meA.meL.dP.P.Y.Me_dAbu.P}$PEPTIDE1,PEPTIDE1,1:R1-7:R2$$$",-6.70700000,ok,,flexible
"PEPTIDE1{Me_dA.Me_dL.dP.T.meA.L.Mono84}$PEPTIDE1,PEPTIDE1,1:R1-7:R2$$$",-6.62600000,ok,,flexible
"PEPTIDE1{Pr_Gly.Me_dL.Y.Me_Phe(3-Cl).dP.T.G}$PEPTIDE1,PEPTIDE1,1:R1-7:R2$$$",-5.53700000,ok,,flexible
"PEPTIDE1{Mono6.P.Y.Me_Phe(3-Cl).F.dP.G}$PEPTIDE1,PEPTIDE1,1:R1-7:R2$$$",-7.52500000,ok,,flexible
"PEPTIDE1{Me_Bal.meA.T.F.Me_Phe(3-Cl).P.dP}$PEPTIDE1,PEPTIDE1,1:R1-7:R2$$$",-7.15000000,ok,,flexible
"PEPTIDE1{Mono6.cHexCH2_Gly.dP.I.Y.F.dP}$PEPTIDE1,PEPTIDE1,1:R1-7:R2$$$",-6.68100000,ok,,flexible
"PEPTIDE1{meA.meY.F.Me_dL.Y.Asp_piperidide.Me_Phe(3-Cl)}$PEPTIDE1,PEPTIDE1,1:R1-7:R2$$$",-6.57300000,ok,,flexible
"PEPTIDE1{dV.Pr_Gly.Pr_Gly.A.F.T.G}$PEPTIDE1,PEPTIDE1,1:R1-7:R2$$$",-6.01300000,ok,,flexible
"PEPTIDE1{meA.P.G.T.Y.P.meY}$PEPTIDE1,PEPTIDE1,1:R1-7:R2$$$",-7.46600000,ok,,flexible
"PEPTIDE1{dF.T.dP.Mono78.G.Me_Phe(3-Cl).I}$PEPTIDE1,PEPTIDE1,1:R1-7:R2$$$",-6.82400000,ok,,flexible
"PEPTIDE1{Me_Bal.F.T.meL.P.dP.G}$PEPTIDE1,PEPTIDE1,1:R1-7:R2$$$",-6.51000000,ok,,flexible
"PEPTIDE1{dA.A.P.Sar.F.L.G}$PEPTIDE1,PEPTIDE1,1:R1-7:R2$$$",-6.51600000,ok,,flexible
"PEPTIDE1{meA.F.dP.Me_dA.Mono6.P.T}$PEPTIDE1,PEPTIDE1,1:R1-7:R2$$$",-7.07300000,ok,,flexible
"PEPTIDE1{A.T.Asp_piperidide.P.G.meL.P}$PEPTIDE1,PEPTIDE1,1:R1-7:R2$$$",-6.23300000,ok,,flexible
"PEPTIDE1{P.T.meL.Me_dL.F.dP.G}$PEPTIDE1,PEPTIDE1,1:R1-7:R2$$$",-6.09900000,ok,,flexible
"PEPTIDE1{Me_dA.A.Me_Phe(3-Cl).F.dF.Mono7.Y}$PEPTIDE1,PEPTIDE1,1:R1-7:R2$$$",-6.46700000,ok,,flexible
"PEPTIDE1{meA.D.Mono6.dP.Asp_piperidide.G.meY}$PEPTIDE1,PEPTIDE1,1:R1-7:R2$$$",-6.93700000,ok,,flexible
"PEPTIDE1{P.Me_dA.meL.meA.T.F.Mono84}$PEPTIDE1,PEPTIDE1,1:R1-7:R2$$$",-6.60600000,ok,,flexible
"PEPTIDE1{F.P.L.Me_Phe(3-Cl).Mono84.G.I}$PEPTIDE1,PEPTIDE1,1:R1-7:R2$$$",-6.78200000,ok,,flexible
"PEPTIDE1{Mono6.Me_dL.Me_dA.Me_dAbu.meL.T.meY}$PEPTIDE1,PEPTIDE1,1:R1-7:R2$$$",-5.69400000,ok,,flexible
"PEPTIDE1{Me_Bal.T.meF.Me_Phe(3-Cl).Pr_Gly.L.P}$PEPTIDE1,PEPTIDE1,1:R1-7:R2$$$",-5.80200000,ok,,flexible
"PEPTIDE1{Me_dA.P.P.F.T.V.I}$PEPTIDE1,PEPTIDE1,1:R1-7:R2$$$",-6.34500000,ok,,flexible
"PEPTIDE1{meA.L.P.dP.I.T.G}$PEPTIDE1,PEPTIDE1,1:R1-7:R2$$$",-6.18100000,ok,,flexible
"PEPTIDE1{meA.T.meY.G.P.Y.F}$PEPTIDE1,PEPTIDE1,1:R1-7:R2$$$",-6.37300000,ok,,flexible
"PEPTIDE1{Me_Bal.G.meA.Me_dL.meL.dP.Et_Gly}$PEPTIDE1,PEPTIDE1,1:R1-7:R2$$$",-5.95600000,ok,,flexible
"PEPTIDE1{dP.T.Asp_piperidide.Et_Gly.Me_Phe(3-Cl).F.3Pal}$PEPTIDE1,PEPTIDE1,1:R1-7:R2$$$",-6.17000000,ok,,flexible
"PEPTIDE1{dV.P.T.P.G.F.I}$PEPTIDE1,PEPTIDE1,1:R1-7:R2$$$",-6.55800000,ok,,flexible
"PEPTIDE1{Me_dA.cHexCH2_Gly.A.dP.Mono84.Me_Phe(3-Cl).I}$PEPTIDE1,PEPTIDE1,1:R1-7:R2$$$",-6.31800000,ok,,flexible
"PEPTIDE1{Pr_Gly.dP.dP.P.T.G.D}$PEPTIDE1,PEPTIDE1,1:R1-7:R2$$$",-6.09000000,ok,,flexible
"PEPTIDE1{Me_dA.Y.T.meY.dP.dP.Me_Nle}$PEPTIDE1,PEPTIDE1,1:R1-7:R2$$$",-6.41600000,ok,,flexible
"PEPTIDE1{Mono6.Me_Phe(3-Cl).F.Y.T.Phe(4-CF3).dP}$PEPTIDE1,PEPTIDE1,1:R1-7:R2$$$",-7.01900000,ok,,flexible
"PEPTIDE1{dF.T.G.Phe(4-CF3).dP.D.Me_Phe(3-Cl)}$PEPTIDE1,PEPTIDE1,1:R1-7:R2$$$",-7.06100000,ok,,flexible
"PEPTIDE1{dP.F.Mono84.Mono78.I.dP.P}$PEPTIDE1,PEPTIDE1,1:R1-7:R2$$$",-6.92300000,ok,,flexible
"PEPTIDE1{P.dP.dF.Me_Phe(3-Cl).Mono84.Me_Phe(3-Cl).P}$PEPTIDE1,PEPTIDE1,1:R1-7:R2$$$",-6.19900000,ok,,flexible
"PEPTIDE1{dA.Me_dL.Me_dAbu.dP.Y.Mono6.P}$PEPTIDE1,PEPTIDE1,1:R1-7:R2$$$",-6.37300000,ok,,flexible
"PEPTIDE1{Me_dA.P.I.P.G.P.Me_Phe(3-Cl)}$PEPTIDE1,PEPTIDE1,1:R1-7:R2$$$",-6.21400000,ok,,flexible
"PEPTIDE1{dA.P.Sar.P.D.T.F}$PEPTIDE1,PEPTIDE1,1:R1-7:R2$$$",-7.00100000,ok,,flexible
"PEPTIDE1{dP.meL.P.T.T.P.Y}$PEPTIDE1,PEPTIDE1,1:R1-7:R2$$$",-6.13200000,ok,,flexible
"PEPTIDE1{Me_dA.D.dP.P.T.Asp_piperidide.F}$PEPTIDE1,PEPTIDE1,1:R1-7:R2$$$",-6.99500000,ok,,flexible
"PEPTIDE1{A.F.P.Et_Gly.Mono84.dP.I}$PEPTIDE1,PEPTIDE1,1:R1-7:R2$$$",-6.07200000,ok,,flexible
"PEPTIDE1{Me_dA.pentyl_Gly.meL.P.I.T.dP}$PEPTIDE1,PEPTIDE1,1:R1-7:R2$$$",-5.98800000,ok,,flexible
"PEPTIDE1{dA.F.dP.G.Mono86.T.meL}$PEPTIDE1,PEPTIDE1,1:R1-7:R2$$$",-6.85700000,ok,,flexible
"PEPTIDE1{A.F.dP.T.Mono86.P.dP}$PEPTIDE1,PEPTIDE1,1:R1-7:R2$$$",-6.47200000,ok,,flexible
"PEPTIDE1{meA.dP.dP.T.meY.Y.dY}$PEPTIDE1,PEPTIDE1,1:R1-7:R2$$$",-6.96900000,ok,,flexible
"PEPTIDE1{Me_Bal.T.P.G.dP.dP.G}$PEPTIDE1,PEPTIDE1,1:R1-7:R2$$$",-6.81900000,ok,,flexible
"PEPTIDE1{dP.Pr_Gly.Me_Phe(3-Cl).Mono6.Me_dL.P.dP}$PEPTIDE1,PEPTIDE1,1:R1-7:R2$$$",-6.84500000,ok,,flexible
"PEPTIDE1{Mono6.Hyp(Et).P.dP.T.P.Y}$PEPTIDE1,PEPTIDE1,1:R1-7:R2$$$",-6.42300000,ok,,flexible
"PEPTIDE1{Me_dA.P.G.dP.F.dP.P}$PEPTIDE1,PEPTIDE1,1:R1-7:R2$$$",-7.52300000,ok,,flexible
"PEPTIDE1{Mono6.dP.F.T.I.P.meL}$PEPTIDE1,PEPTIDE1,1:R1-7:R2$$$",-6.56800000,ok,,flexible
"PEPTIDE1{Mono6.meY.P.Y.dP.P.meY}$PEPTIDE1,PEPTIDE1,1:R1-7:R2$$$",-7.76400000,ok,,flexible
"PEPTIDE1{dP.Me_dA.Mono6.Mono84.P.D.Me_Phe(3-Cl)}$PEPTIDE1,PEPTIDE1,1:R1-7:R2$$$",-6.77200000,ok,,flexible
"PEPTIDE1{meA.dP.meY.Mono6.Me_dAbu.P.Y}$PEPTIDE1,PEPTIDE1,1:R1-7:R2$$$",-6.81300000,ok,,flexible
"PEPTIDE1{A.P.meL.Pr_Gly.G.G.P}$PEPTIDE1,PEPTIDE1,1:R1-7:R2$$$",-6.47900000,ok,,flexible
"PEPTIDE1{F.G.T.Mono2.Phe(4-CF3).Y.dP}$PEPTIDE1,PEPTIDE1,1:R1-7:R2$$$",-6.63400000,ok,,flexible
"PEPTIDE1{Me_Bal.P.T.L.Mono84.F.G}$PEPTIDE1,PEPTIDE1,1:R1-7:R2$$$",-7.00400000,ok,,flexible
"PEPTIDE1{Me_dA.dP.Me_Phe(3-Cl).G.Mono84.F.T}$PEPTIDE1,PEPTIDE1,1:R1-7:R2$$$",-6.78700000,ok,,flexible
"PEPTIDE1{A.dP.G.dL.Mono84.L.T}$PEPTIDE1,PEPTIDE1,1:R1-7:R2$$$",-6.81800000,ok,,flexible
"PEPTIDE1{dV.P.Phe(4-CF3).G.F.P.dP}$PEPTIDE1,PEPTIDE1,1:R1-7:R2$$$",-7.18600000,ok,,flexible
"PEPTIDE1{meA.T.dP.T.P.I.G}$PEPTIDE1,PEPTIDE1,1:R1-7:R2$$$",-6.65500000,ok,,flexible
"PEPTIDE1{F.T.P.dP.I.dP.Me_Phe(3-Cl)}$PEPTIDE1,PEPTIDE1,1:R1-7:R2$$$",-6.39300000,ok,,flexible
"PEPTIDE1{meA.meL.F.Mono84.T.V.Me_dA}$PEPTIDE1,PEPTIDE1,1:R1-7:R2$$$",-6.65900000,ok,,flexible
"PEPTIDE1{A.F.D.T.Me_Phe(3-Cl).dP.meL}$PEPTIDE1,PEPTIDE1,1:R1-7:R2$$$",-6.57600000,ok,,flexible
"PEPTIDE1{dP.Me_dA.G.meY.P.dP.Me_Phe(3-Cl)}$PEPTIDE1,PEPTIDE1,1:R1-7:R2$$$",-7.52400000,ok,,flexible
"PEPTIDE1{Mono6.G.dP.T.Phe(4-CF3).dP.P}$PEPTIDE1,PEPTIDE1,1:R1-7:R2$$$",-7.74800000,ok,,flexible
"PEPTIDE1{Me_dA.T.Y.meL.dP.D.Asp_piperidide}$PEPTIDE1,PEPTIDE1,1:R1-7:R2$$$",-6.61100000,ok,,flexible
"PEPTIDE1{Me_dA.pentyl_Gly.T.L.P.dP.Mono84}$PEPTIDE1,PEPTIDE1,1:R1-7:R2$$$",-5.74200000,ok,,flexible
"PEPTIDE1{Me_dA.T.P.Me_dL.F.Me_Phe(3-Cl).meL}$PEPTIDE1,PEPTIDE1,1:R1-7:R2$$$",-6.52000000,ok,,flexible
"PEPTIDE1{meA.dP.P.Phe(4-CF3).Mono84.P.dP}$PEPTIDE1,PEPTIDE1,1:R1-7:R2$$$",-7.34800000,ok,,flexible
"PEPTIDE1{P.Me_Phe(3-Cl).dP.F.Y.dP.D}$PEPTIDE1,PEPTIDE1,1:R1-7:R2$$$",-6.74300000,ok,,flexible
"PEPTIDE1{dP.Ala(5-Tet).dP.P.Asp_piperidide.meL.D}$PEPTIDE1,PEPTIDE1,1:R1-7:R2$$$",-6.69900000,ok,,flexible
"PEPTIDE1{dP.F.dP.T.P.dY.Y}$PEPTIDE1,PEPTIDE1,1:R1-7:R2$$$",-6.89100000,ok,,flexible
"PEPTIDE1{Me_dA.Pr_Gly.A.Me_Phe(3-Cl).dP.dP.F}$PEPTIDE1,PEPTIDE1,1:R1-7:R2$$$",-6.79800000,ok,,flexible
"PEPTIDE1{F.3Pal.Mono84.Et_Gly.Mono84.Mono100.Mono6}$PEPTIDE1,PEPTIDE1,1:R1-7:R2$$$",-7.97200000,ok,,flexible
"PEPTIDE1{Me_Bal.dP.L.Me_Phe(3-Cl).D.F.Asp_piperidide}$PEPTIDE1,PEPTIDE1,1:R1-7:R2$$$",-6.45000000,ok,,flexible
"PEPTIDE1{F.dP.P.Me_Phe(3-Cl).Mono78.P.Me_Phe(3-Cl)}$PEPTIDE1,PEPTIDE1,1:R1-7:R2$$$",-7.48100000,ok,,flexible
"PEPTIDE1{Me_Bal.Aib.G.Mono6.P.meY.F}$PEPTIDE1,PEPTIDE1,1:R1-7:R2$$$",-6.95500000,ok,,flexible
"PEPTIDE1{Mono6.dP.P.P.dP.Mono84.Y}$PEPTIDE1,PEPTIDE1,1:R1-7:R2$$$",-7.59300000,ok,,flexible
"PEPTIDE1{dA.T.Me_Phe(3-Cl).G.Aib.P.dP}$PEPTIDE1,PEPTIDE1,1:R1-7:R2$$$",-7.37000000,ok,,flexible
"PEPTIDE1{Me_Bal.T.Y.P.P.G.dP}$PEPTIDE1,PEPTIDE1,1:R1-7:R2$$$",-7.35000000,ok,,flexible
"PEPTIDE1{dA.T.meL.I.Me_Phe(3-Cl).T.V}$PEPTIDE1,PEPTIDE1,1:R1-7:R2$$$",-5.99000000,ok,,flexible
"PEPTIDE1{Me_Bal.P.Me_dL.F.T.P.meL}$PEPTIDE1,PEPTIDE1,1:R1-7:R2$$$",-6.93100000,ok,,flexible
"PEPTIDE1{dA.G.dP.T.F.P.dP}$PEPTIDE1,PEPTIDE1,1:R1-7:R2$$$",-7.55900000,ok,,flexible
"PEPTIDE1{L.dP.P.I.Me_Phe(3-Cl).P.Phe(4-CF3)}$PEPTIDE1,PEPTIDE1,1:R1-7:R2$$$",-6.48700000,ok,,flexible
"PEPTIDE1{dA.P.I.dP.P.F.Me_Phe(3-Cl)}$PEPTIDE1,PEPTIDE1,1:R1-7:R2$$$",-6.72500000,ok,,flexible
"PEPTIDE1{F.meL.P.P.cHexCH2_Gly.pentyl_Gly.Asp_piperidide}$PEPTIDE1,PEPTIDE1,1:R1-7:R2$$$",-6.06900000,ok,,flexible
"PEPTIDE1{Me_dA.P.T.dP.D.dP.G}$PEPTIDE1,PEPTIDE1,1:R1-7:R2$$$",-6.75200000,ok,,flexible
"PEPTIDE1{Mono6.F.V.P.P.Me_Phe(3-Cl).I}$PEPTIDE1,PEPTIDE1,1:R1-7:R2$$$",-6.70400000,ok,,flexible
"PEPTIDE1{F.pentyl_Gly.T.P.dP.meL.P}$PEPTIDE1,PEPTIDE1,1:R1-7:R2$$$",-6.27700000,ok,,flexible
"PEPTIDE1{P.dP.F.T.Y.dP.meL}$PEPTIDE1,PEPTIDE1,1:R1-7:R2$$$",-6.40400000,ok,,flexible
"PEPTIDE1{meA.Pr_Gly.dP.dF.P.Asp_piperidide.Me_dA}$PEPTIDE1,PEPTIDE1,1:R1-7:R2$$$",-6.78300000,ok,,flexible
"PEPTIDE1{meA.dP.Y.T.Me_Phe(3-Cl).dP.P}$PEPTIDE1,PEPTIDE1,1:R1-7:R2$$$",-7.59100000,ok,,flexible
"PEPTIDE1{Me_Bal.P.Me_Phe(3-Cl).G.Me_Phe(3-Cl).F.dP}$PEPTIDE1,PEPTIDE1,1:R1-7:R2$$$",-6.98000000,ok,,flexible
"PEPTIDE1{dA.G.dP.meL.I.T.Mono84}$PEPTIDE1,PEPTIDE1,1:R1-7:R2$$$",-6.54900000,ok,,flexible
"PEPTIDE1{Me_dA.Pr_Gly.P.dL.Me_dL.Phe(4-CF3).Y}$PEPTIDE1,PEPTIDE1,1:R1-7:R2$$$",-5.88700000,ok,,flexible
"PEPTIDE1{Me_dA.T.P.F.V.Me_Phe(3-Cl).I}$PEPTIDE1,PEPTIDE1,1:R1-7:R2$$$",-5.82400000,ok,,flexible
"PEPTIDE1{L.dP.P.Phe(4-CF3).G.F.Me_Phe(3-Cl)}$PEPTIDE1,PEPTIDE1,1:R1-7:R2$$$",-6.79400000,ok,,flexible
"PEPTIDE1{dP.meY.dP.P.dPye.Pr_Gly.T}$PEPTIDE1,PEPTIDE1,1:R1-7:R2$$$",-5.45800000,ok,,flexible
"PEPTIDE1{dF.pentyl_Gly.Mono84.3Pal.Mono86.Mono7.Mono2}$PEPTIDE1,PEPTIDE1,1:R1-7:R2$$$",-6.36300000,ok,,flexible
"PEPTIDE1{dP.Aib.Me_dA.T.G.Asp_piperidide.P}$PEPTIDE1,PEPTIDE1,1:R1-7:R2$$$",-6.80600000,ok,,flexible
"PEPTIDE1{dA.dP.T.dP.F.P.L}$PEPTIDE1,PEPTIDE1,1:R1-7:R2$$$",-6.56000000,ok,,flexible
"PEPTIDE1{A.T.F.dP.dP.Y.Phe(4-CF3)}$PEPTIDE1,PEPTIDE1,1:R1-7:R2$$$",-7.71300000,ok,,flexible
"PEPTIDE1{dF.Y.dP.P.meY.T.Mono6}$PEPTIDE1,PEPTIDE1,1:R1-7:R2$$$",-7.61200000,ok,,flexible
"PEPTIDE1{Me_Bal.F.Me_Phe(3-Cl).G.T.I.dP}$PEPTIDE1,PEPTIDE1,1:R1-7:R2$$$",-6.73600000,ok,,flexible
"PEPTIDE1{Me_dA.dP.P.Sar.T.Me_Phe(3-Cl).G}$PEPTIDE1,PEPTIDE1,1:R1-7:R2$$$",-7.38600000,ok,,flexible
"PEPTIDE1{F.Mono38.P.Me_Phe(3-Cl).T.Et_Gly.Nle}$PEPTIDE1,PEPTIDE1,1:R1-7:R2$$$",-5.69000000,ok,,flexible
"PEPTIDE1{Pr_Gly.meY.dP.dP.Me_dA.Mono6.Y}$PEPTIDE1,PEPTIDE1,1:R1-7:R2$$$",-7.03600000,ok,,flexible
"PEPTIDE1{P.A.meA.G.Pr_Gly.Me_Phe(3-Cl).Me_dA}$PEPTIDE1,PEPTIDE1,1:R1-7:R2$$$",-6.71400000,ok,,flexible
"PEPTIDE1{dF.meA.Me_dL.Asp_piperidide.dP.dP.Mono6}$PEPTIDE1,PEPTIDE1,1:R1-7:R2$$$",-6.39200000,ok,,flexible
"PEPTIDE1{dV.Me_Phe(3-Cl).Phe(4-CF3).P.P.3Pal.G}$PEPTIDE1,PEPTIDE1,1:R1-7:R2$$$",-6.87800000,ok,,flexible
"PEPTIDE1{dF.P.dP.dP.T.V.P}$PEPTIDE1,PEPTIDE1,1:R1-7:R2$$$",-7.47200000,ok,,flexible
"PEPTIDE1{Pr_Gly.A.dP.meL.Me_Phe(3-Cl).dP.T}$PEPTIDE1,PEPTIDE1,1:R1-7:R2$$$",-6.23800000,ok,,flexible
"PEPTIDE1{Mono6.Me_dA.Pr_Gly.F.Me_dL.Me_Phe(3-Cl).meY}$PEPTIDE1,PEPTIDE1,1:R1-7:R2$$$",-5.64000000,ok,,flexible
"PEPTIDE1{Mono6.G.Ser(tBu).Mono84.Mono86.dP.dP}$PEPTIDE1,PEPTIDE1,1:R1-7:R2$$$",-6.04000000,ok,,flexible
"PEPTIDE1{P.Me_dA.G.Mono78.F.Me_Phe(3-Cl).T}$PEPTIDE1,PEPTIDE1,1:R1-7:R2$$$",-7.84900000,ok,,flexible
"PEPTIDE1{dF.T.T.Nle.L.Me_Phe(3-Cl).dP}$PEPTIDE1,PEPTIDE1,1:R1-7:R2$$$",-5.92400000,ok,,flexible
"PEPTIDE1{Me_Bal.meL.Mono84.Mono84.Et_Gly.Me_Phe(3-Cl).Me_Phe(3-Cl)}$PEPTIDE1,PEPTIDE1,1:R1-7:R2$$$",-6.53500000,ok,,flexible
"PEPTIDE1{P.Me_dA.F.meA.T.Me_Phe(3-Cl).Me_dL}$PEPTIDE1,PEPTIDE1,1:R1-7:R2$$$",-6.36900000,ok,,flexible
"PEPTIDE1{F.dP.T.Mono84.P.Et_Gly.Me_Phe(3-Cl)}$PEPTIDE1,PEPTIDE1,1:R1-7:R2$$$",-6.58100000,ok,,flexible
"PEPTIDE1{Mono6.P.Y.Hyp(Et).meY.D.Asp_piperidide}$PEPTIDE1,PEPTIDE1,1:R1-7:R2$$$",-6.02500000,ok,,flexible
"PEPTIDE1{dV.P.Me_Phe(3-Cl).T.meL.P.F}$PEPTIDE1,PEPTIDE1,1:R1-7:R2$$$",-6.84100000,ok,,flexible
"PEPTIDE1{dF.meL.P.F.P.I.T}$PEPTIDE1,PEPTIDE1,1:R1-7:R2$$$",-6.24500000,ok,,flexible
"PEPTIDE1{dV.T.Mono6.F.D.meL.P}$PEPTIDE1,PEPTIDE1,1:R1-7:R2$$$",-6.29900000,ok,,flexible
"PEPTIDE1{dF.Mono7.Asp_piperidide.Mono84.P.dP.Me_Phe(3-Cl)}$PEPTIDE1,PEPTIDE1,1:R1-7:R2$$$",-7.79900000,ok,,flexible
"PEPTIDE1{P.dP.meL.Y.G.meY.Me_dL}$PEPTIDE1,PEPTIDE1,1:R1-7:R2$$$",-7.26400000,ok,,flexible
"PEPTIDE1{A.D.I.P.Y.G.dP}$PEPTIDE1,PEPTIDE1,1:R1-7:R2$$$",-6.20700000,ok,,flexible
"PEPTIDE1{P.Mono84.L.Phe(4-CF3).dP.dP.T}$PEPTIDE1,PEPTIDE1,1:R1-7:R2$$$",-7.12400000,ok,,flexible
"PEPTIDE1{Me_dA.T.Me_Phe(3-Cl).meL.F.P.G}$PEPTIDE1,PEPTIDE1,1:R1-7:R2$$$",-6.25900000,ok,,flexible
"PEPTIDE1{dF.Mono6.Y.dP.P.meY.Asp_piperidide}$PEPTIDE1,PEPTIDE1,1:R1-7:R2$$$",-7.26200000,ok,,flexible
"PEPTIDE1{Mono6.Mono38.3Pal.Mono84.Me_Nle.dP.G}$PEPTIDE1,PEPTIDE1,1:R1-7:R2$$$",-6.55200000,ok,,flexible
"PEPTIDE1{Me_dA.T.T.meY.Me_dL.Me_dAbu.P}$PEPTIDE1,PEPTIDE1,1:R1-7:R2$$$",-6.65900000,ok,,flexible
"PEPTIDE1{dF.T.Me_Phe(3-Cl).Asp_piperidide.Mono84.T.Et_Gly}$PEPTIDE1,PEPTIDE1,1:R1-7:R2$$$",-6.78300000,ok,,flexible
"PEPTIDE1{F.A.T.L.T.Me_Phe(3-Cl).P}$PEPTIDE1,PEPTIDE1,1:R1-7:R2$$$",-6.85900000,ok,,flexible
"PEPTIDE1{meA.Mono6.dP.T.Y.meY.G}$PEPTIDE1,PEPTIDE1,1:R1-7:R2$$$",-7.94400000,ok,,flexible
"PEPTIDE1{Me_dA.P.dP.P.Me_Phe(3-Cl).T.I}$PEPTIDE1,PEPTIDE1,1:R1-7:R2$$$",-6.82300000,ok,,flexible
"PEPTIDE1{dA.G.Me_Phe(3-Cl).Mono84.dP.Y.T}$PEPTIDE1,PEPTIDE1,1:R1-7:R2$$$",-6.73900000,ok,,flexible
"PEPTIDE1{Me_Bal.G.Me_Phe(3-Cl).T.T.Phe(4-CF3).Et_Gly}$PEPTIDE1,PEPTIDE1,1:R1-7:R2$$$",-6.73000000,ok,,flexible
"PEPTIDE1{P.F.dP.Me_Nle.T.Mono84.Mono84}$PEPTIDE1,PEPTIDE1,1:R1-7:R2$$$",-7.72500000,ok,,flexible
"PEPTIDE1{A.Me_dA.T.Me_Phe(3-Cl).Pr_Gly.meY.dP}$PEPTIDE1,PEPTIDE1,1:R1-7:R2$$$",-6.49600000,ok,,flexible
"PEPTIDE1{Me_dA.dP.Asp_piperidide.Y.T.meL.dP}$PEPTIDE1,PEPTIDE1,1:R1-7:R2$$$",-6.46400000,ok,,flexible
"PEPTIDE1{dF.dP.P.T.T.dP.D}$PEPTIDE1,PEPTIDE1,1:R1-7:R2$$$",-6.62000000,ok,,flexible
"PEPTIDE1{Me_dA.A.G.dF.T.Mono84.F}$PEPTIDE1,PEPTIDE1,1:R1-7:R2$$$",-6.87900000,ok,,flexible
"PEPTIDE1{Mono6.meY.P.G.meL.Phe(4-CF3).P}$PEPTIDE1,PEPTIDE1,1:R1-7:R2$$$",-6.44300000,ok,,flexible
"PEPTIDE1{Me_Bal.Mono6.T.dP.P.P.meY}$PEPTIDE1,PEPTIDE1,1:R1-7:R2$$$",-7.12800000,ok,,flexible
"PEPTIDE1{P.G.F.meL.Asp_piperidide.Me_Phe(3-Cl).Me_dL}$PEPTIDE1,PEPTIDE1,1:R1-7:R2$$$",-6.28200000,ok,,flexible
"PEPTIDE1{Me_Bal.T.G.dP.Me_Phe(3-Cl).T.dP}$PEPTIDE1,PEPTIDE1,1:R1-7:R2$$$",-7.12700000,ok,,flexible
"PEPTIDE1{F.Mono6.Nle.I.G.P.T}$PEPTIDE1,PEPTIDE1,1:R1-7:R2$$$",-6.36500000,ok,,flexible
"PEPTIDE1{dV.P.P.T.dP.meL.I}$PEPTIDE1,PEPTIDE1,1:R1-7:R2$$$",-6.14200000,ok,,flexible
"PEPTIDE1{Me_dA.dP.Me_Phe(3-Cl).Et_Gly.dP.Mono34.Hyp(Et)}$PEPTIDE1,PEPTIDE1,1:R1-7:R2$$$",-5.24400000,ok,,flexible
"PEPTIDE1{P.meL.Pr_Gly.dP.Me_dA.Me_Phe(3-Cl).Mono7}$PEPTIDE1,PEPTIDE1,1:R1-7:R2$$$",-6.52800000,ok,,flexible
"PEPTIDE1{Me_dA.P.dP.L.Me_Phe(3-Cl).P.Me_Phe(3-Cl)}$PEPTIDE1,PEPTIDE1,1:R1-7:R2$$$",-7.12800000,ok,,flexible
"PEPTIDE1{Me_dA.P.T.I.G.dP.P}$PEPTIDE1,PEPTIDE1,1:R1-7:R2$$$",-7.06900000,ok,,flexible
"PEPTIDE1{Me_dA.P.V.A.T.F.dP}$PEPTIDE1,PEPTIDE1,1:R1-7:R2$$$",-6.88700000,ok,,flexible
"PEPTIDE1{A.T.dP.Phe(4-CF3).P.G.T}$PEPTIDE1,PEPTIDE1,1:R1-7:R2$$$",-7.10300000,ok,,flexible
"PEPTIDE1{Mono6.dPye.Pr_Gly.Phe(4-CF3).T.P.Y}$PEPTIDE1,PEPTIDE1,1:R1-7:R2$$$",-6.73900000,ok,,flexible
"PEPTIDE1{F.A.I.Me_Phe(3-Cl).P.Mono84.dP}$PEPTIDE1,PEPTIDE1,1:R1-7:R2$$$",-6.34500000,ok,,flexible
"PEPTIDE1{Me_dA.dP.meL.V.I.Me_Phe(3-Cl).F}$PEPTIDE1,PEPTIDE1,1:R1-7:R2$$$",-5.90200000,ok,,flexible
"PEPTIDE1{Me_Bal.T.G.P.G.dP.Y}$PEPTIDE1,PEPTIDE1,1:R1-7:R2$$$",-7.73900000,ok,,flexible
"PEPTIDE1{dV.P.D.F.Y.P.G}$PEPTIDE1,PEPTIDE1,1:R1-7:R2$$$",-6.83700000,ok,,flexible
"PEPTIDE1{dA.F.dP.Phe(4-CF3).Y.P.D}$PEPTIDE1,PEPTIDE1,1:R1-7:R2$$$",-7.14000000,ok,,flexible
"PEPTIDE1{dV.dP.dP.F.T.Phe(4-CF3).Y}$PEPTIDE1,PEPTIDE1,1:R1-7:R2$$$",-6.41200000,ok,,flexible
"PEPTIDE1{F.T.L.dP.I.P.P}$PEPTIDE1,PEPTIDE1,1:R1-7:R2$$$",-6.13000000,ok,,flexible
"PEPTIDE1{dV.Ala(5-Tet).Asp_piperidide.D.F.V.G}$PEPTIDE1,PEPTIDE1,1:R1-7:R2$$$",-5.51500000,ok,,flexible
"PEPTIDE1{P.A.P.F.Mono84.Et_Gly.Asp_piperidide}$PEPTIDE1,PEPTIDE1,1:R1-7:R2$$$",-7.35600000,ok,,flexible
"PEPTIDE1{dV.Mono6.Pr_Gly.Phe(4-CF3).G.T.dP}$PEPTIDE1,PEPTIDE1,1:R1-7:R2$$$",-7.26300000,ok,,flexible
"PEPTIDE1{Mono6.T.Asp_piperidide.P.P.Phe(4-CF3).dP}$PEPTIDE1,PEPTIDE1,1:R1-7:R2$$$",-7.61100000,ok,,flexible
"PEPTIDE1{P.F.G.dP.T.dP.P}$PEPTIDE1,PEPTIDE1,1:R1-7:R2$$$",-7.69900000,ok,,flexible
"PEPTIDE1{Me_dA.P.P.dP.G.F.T}$PEPTIDE1,PEPTIDE1,1:R1-7:R2$$$",-8.08300000,ok,,flexible
"PEPTIDE1{Mono6.T.P.Me_dA.Mono84.dL.G}$PEPTIDE1,PEPTIDE1,1:R1-7:R2$$$",-6.16300000,ok,,flexible
"PEPTIDE1{Me_dA.meA.F.Phe(4-CF3).G.P.P}$PEPTIDE1,PEPTIDE1,1:R1-7:R2$$$",-7.21100000,ok,,flexible
"PEPTIDE1{Mono6.Me_dA.F.meA.Ser(tBu).dP.V}$PEPTIDE1,PEPTIDE1,1:R1-7:R2$$$",-5.87500000,ok,,flexible
"PEPTIDE1{meA.Me_Nle.Mono84.I.G.Mono84.T}$PEPTIDE1,PEPTIDE1,1:R1-7:R2$$$",-6.47500000,ok,,flexible
"PEPTIDE1{Me_Bal.Mono6.Me_Phe(3-Cl).dP.Asp_piperidide.meL.Phe(4-CF3)}$PEPTIDE1,PEPTIDE1,1:R1-7:R2$$$",-6.74600000,ok,,flexible
"PEPTIDE1{Me_dA.F.P.dP.Phe(4-CF3).Mono84.Me_dL}$PEPTIDE1,PEPTIDE1,1:R1-7:R2$$$",-7.02900000,ok,,flexible
"PEPTIDE1{Me_Bal.meS.Sar.meL.T.Asp_piperidide.Me_Phe(3-Cl)}$PEPTIDE1,PEPTIDE1,1:R1-7:R2$$$",-6.03400000,ok,,flexible
"PEPTIDE1{Me_Bal.dP.G.T.P.P.G}$PEPTIDE1,PEPTIDE1,1:R1-7:R2$$$",-6.99600000,ok,,flexible
"PEPTIDE1{Pr_Gly.Me_Nle.dP.G.Me_Phe(3-Cl).L.dP}$PEPTIDE1,PEPTIDE1,1:R1-7:R2$$$",-5.82800000,ok,,flexible
"PEPTIDE1{dA.meF.dP.Y.P.Sar.P}$PEPTIDE1,PEPTIDE1,1:R1-7:R2$$$",-7.06300000,ok,,flexible
"PEPTIDE1{meA.dP.F.dP.Mono7.Me_Phe(3-Cl).meL}$PEPTIDE1,PEPTIDE1,1:R1-7:R2$$$",-6.87200000,ok,,flexible
"PEPTIDE1{Me_dA.meL.T.Me_Phe(3-Cl).P.G.Mono84}$PEPTIDE1,PEPTIDE1,1:R1-7:R2$$$",-7.43400000,ok,,flexible
"PEPTIDE1{dA.F.dP.P.Mono6.meA.Y}$PEPTIDE1,PEPTIDE1,1:R1-7:R2$$$",-7.22900000,ok,,flexible
"PEPTIDE1{Me_Bal.P.P.meL.F.F.Phe(4-CF3)}$PEPTIDE1,PEPTIDE1,1:R1-7:R2$$$",-7.78800000,ok,,flexible
"PEPTIDE1{Me_Bal.P.Mono84.P.G.Me_Phe(3-Cl).dP}$PEPTIDE1,PEPTIDE1,1:R1-7:R2$$$",-8.08100000,ok,,flexible
"PEPTIDE1{Mono6.Y.Asp_piperidide.T.P.dP.Me_Phe(3-Cl)}$PEPTIDE1,PEPTIDE1,1:R1-7:R2$$$",-7.20400000,ok,,flexible
"PEPTIDE1{Me_dA.Me_dL.T.Asp_piperidide.P.meL.meY}$PEPTIDE1,PEPTIDE1,1:R1-7:R2$$$",-6.74400000,ok,,flexible
"PEPTIDE1{Me_Bal.Me_dAbu.Mono84.Me_dL.Me_Phe(3-Cl).P.P}$PEPTIDE1,PEPTIDE1,1:R1-7:R2$$$",-6.49300000,ok,,flexible
"PEPTIDE1{dP.G.Me_Phe(3-Cl).T.F.Aib.P}$PEPTIDE1,PEPTIDE1,1:R1-7:R2$$$",-6.77600000,ok,,flexible
"PEPTIDE1{meA.F.dP.Mono84.T.Et_Gly.dP}$PEPTIDE1,PEPTIDE1,1:R1-7:R2$$$",-6.82800000,ok,,flexible
"PEPTIDE1{dA.meY.P.Y.G.F.D}$PEPTIDE1,PEPTIDE1,1:R1-7:R2$$$",-6.19400000,ok,,flexible
"PEPTIDE1{Me_dA.Me_dL.Y.meY.Me_Nle.P.meY}$PEPTIDE1,PEPTIDE1,1:R1-7:R2$$$",-5.99000000,ok,,flexible
"PEPTIDE1{meA.cHexCH2_Gly.F.Me_Phe(3-Cl).L.P.T}$PEPTIDE1,PEPTIDE1,1:R1-7:R2$$$",-6.45100000,ok,,flexible
"PEPTIDE1{dA.dP.meL.T.P.P.G}$PEPTIDE1,PEPTIDE1,1:R1-7:R2$$$",-7.02000000,ok,,flexible
"PEPTIDE1{Me_dA.Me_Phe(3-Cl).P.P.G.T.Phe(4-CF3)}$PEPTIDE1,PEPTIDE1,1:R1-7:R2$$$",-8.63000000,ok,,flexible
"PEPTIDE1{dP.meY.T.P.F.dP.G}$PEPTIDE1,PEPTIDE1,1:R1-7:R2$$$",-6.87500000,ok,,flexible
"PEPTIDE1{A.Y.P.dP.P.G.G}$PEPTIDE1,PEPTIDE1,1:R1-7:R2$$$",-7.51700000,ok,,flexible
"PEPTIDE1{dA.P.Me_dL.P.dP.T.G}$PEPTIDE1,PEPTIDE1,1:R1-7:R2$$$",-6.57000000,ok,,flexible
"PEPTIDE1{Mono6.T.meY.G.Me_dL.Y.I}$PEPTIDE1,PEPTIDE1,1:R1-7:R2$$$",-6.81600000,ok,,flexible
"PEPTIDE1{dA.G.T.dP.P.dP.meY}$PEPTIDE1,PEPTIDE1,1:R1-7:R2$$$",-7.07700000,ok,,flexible
"PEPTIDE1{Me_Bal.Me_dA.Asp_piperidide.Me_Phe(3-Cl).Hyp(Et).Et_Gly.Y}$PEPTIDE1,PEPTIDE1,1:R1-7:R2$$$",-7.09700000,ok,,flexible
"PEPTIDE1{dV.A.Me_Phe(3-Cl).T.Mono7.Ser(tBu).Asp_piperidide}$PEPTIDE1,PEPTIDE1,1:R1-7:R2$$$",-6.17200000,ok,,flexible
"PEPTIDE1{dV.dP.T.F.P.D.G}$PEPTIDE1,PEPTIDE1,1:R1-7:R2$$$",-6.65800000,ok,,flexible
"PEPTIDE1{dA.F.T.T.I.V.meL}$PEPTIDE1,PEPTIDE1,1:R1-7:R2$$$",-5.18300000,ok,,flexible
"PEPTIDE1{Mono6.Ala(5-Tet).Phe(4-CF3).P.T.dP.dP}$PEPTIDE1,PEPTIDE1,1:R1-7:R2$$$",-7.66200000,ok,,flexible
"PEPTIDE1{dA.T.P.dP.V.meL.P}$PEPTIDE1,PEPTIDE1,1:R1-7:R2$$$",-6.42100000,ok,,flexible
"PEPTIDE1{F.T.Mono84.cHexCH2_Gly.Mono86.I.meI}$PEPTIDE1,PEPTIDE1,1:R1-7:R2$$$",-6.15400000,ok,,flexible
"PEPTIDE1{meA.meL.Ser(tBu).F.dP.Mono7.Mono6}$PEPTIDE1,PEPTIDE1,1:R1-7:R2$$$",-6.21000000,ok,,flexible
"PEPTIDE1{Me_Bal.meF.dP.meL.Me_Phe(3-Cl).D.F}$PEPTIDE1,PEPTIDE1,1:R1-7:R2$$$",-6.71400000,ok,,flexible
"PEPTIDE1{dP.T.Sar.Phe(4-CF3).Me_dL.G.meL}$PEPTIDE1,PEPTIDE1,1:R1-7:R2$$$",-6.60800000,ok,,flexible
"PEPTIDE1{A.Me_dL.T.P.G.Sar.P}$PEPTIDE1,PEPTIDE1,1:R1-7:R2$$$",-6.91400000,ok,,flexible
"PEPTIDE1{Mono6.P.Me_Phe(3-Cl).T.P.P.F}$PEPTIDE1,PEPTIDE1,1:R1-7:R2$$$",-6.79500000,ok,,flexible
"PEPTIDE1{A.I.F.T.P.G.D}$PEPTIDE1,PEPTIDE1,1:R1-7:R2$$$",-5.70000000,ok,,flexible
"PEPTIDE1{F.D.P.T.I.G.dP}$PEPTIDE1,PEPTIDE1,1:R1-7:R2$$$",-6.30400000,ok,,flexible
"PEPTIDE1{dA.P.F.dP.meL.V.I}$PEPTIDE1,PEPTIDE1,1:R1-7:R2$$$",-6.66300000,ok,,flexible
"PEPTIDE1{Pr_Gly.T.Me_Phe(3-Cl).Mono84.P.dP.dP}$PEPTIDE1,PEPTIDE1,1:R1-7:R2$$$",-7.90500000,ok,,flexible
"PEPTIDE1{meA.P.T.F.Me_Phe(3-Cl).dY.Y}$PEPTIDE1,PEPTIDE1,1:R1-7:R2$$$",-6.23900000,ok,,flexible
"PEPTIDE1{Me_Bal.meA.G.P.A.meL.F}$PEPTIDE1,PEPTIDE1,1:R1-7:R2$$$",-6.84000000,ok,,flexible
"PEPTIDE1{A.Me_dL.T.Me_dA.Mono84.Y.F}$PEPTIDE1,PEPTIDE1,1:R1-7:R2$$$",-6.30100000,ok,,flexible
"PEPTIDE1{Mono6.dP.G.Asp_piperidide.P.dP.D}$PEPTIDE1,PEPTIDE1,1:R1-7:R2$$$",-6.93200000,ok,,flexible
"PEPTIDE1{dV.Pr_Gly.G.Mono7.meL.Me_Phe(3-Cl).dP}$PEPTIDE1,PEPTIDE1,1:R1-7:R2$$$",-6.79100000,ok,,flexible
"PEPTIDE1{Me_dA.P.dP.meL.I.G.Ser(tBu)}$PEPTIDE1,PEPTIDE1,1:R1-7:R2$$$",-5.95900000,ok,,flexible
"PEPTIDE1{L.dP.P.P.F.Y.D}$PEPTIDE1,PEPTIDE1,1:R1-7:R2$$$",-6.69400000,ok,,flexible
"PEPTIDE1{dA.F.L.dP.T.dP.P}$PEPTIDE1,PEPTIDE1,1:R1-7:R2$$$",-6.46500000,ok,,flexible
"PEPTIDE1{Me_Bal.G.Me_dA.Me_dL.F.dP.Sar}$PEPTIDE1,PEPTIDE1,1:R1-7:R2$$$",-7.00600000,ok,,flexible
"PEPTIDE1{Mono6.T.Mono84.I.Mono86.dP.T}$PEPTIDE1,PEPTIDE1,1:R1-7:R2$$$",-6.42000000,ok,,flexible
"PEPTIDE1{Me_Bal.Pr_Gly.T.P.A.dP.F}$PEPTIDE1,PEPTIDE1,1:R1-7:R2$$$",-6.67700000,ok,,flexible
"PEPTIDE1{A.dP.G.F.V.D.P}$PEPTIDE1,PEPTIDE1,1:R1-7:R2$$$",-6.68600000,ok,,flexible
"PEPTIDE1{meA.T.Me_Phe(3-Cl).G.meL.I.cHexCH2_Gly}$PEPTIDE1,PEPTIDE1,1:R1-7:R2$$$",-5.90700000,ok,,flexible
"PEPTIDE1{meA.Me_dA.dA.Me_Phe(3-Cl).dP.Me_dL.Y}$PEPTIDE1,PEPTIDE1,1:R1-7:R2$$$",-6.70600000,ok,,flexible
"PEPTIDE1{Me_dA.dP.T.P.V.T.F}$PEPTIDE1,PEPTIDE1,1:R1-7:R2$$$",-6.73600000,ok,,flexible
"PEPTIDE1{dP.meY.G.Me_Phe(3-Cl).T.T.P}$PEPTIDE1,PEPTIDE1,1:R1-7:R2$$$",-6.86000000,ok,,flexible
"PEPTIDE1{Me_Bal.G.Mono84.Mono84.P.F.P}$PEPTIDE1,PEPTIDE1,1:R1-7:R2$$$",-8.04100000,ok,,flexible
"PEPTIDE1{Sar.dP.P.I.T.V.dP}$PEPTIDE1,PEPTIDE1,1:R1-7:R2$$$",-6.35000000,ok,,flexible
"PEPTIDE1{Me_Bal.meL.dP.F.P.T.Me_dL}$PEPTIDE1,PEPTIDE1,1:R1-7:R2$$$",-6.26400000,ok,,flexible
"PEPTIDE1{Mono6.dP.P.I.P.T.V}$PEPTIDE1,PEPTIDE1,1:R1-7:R2$$$",-6.22000000,ok,,flexible
"PEPTIDE1{Mono6.dP.D.I.Me_Phe(3-Cl).F.P}$PEPTIDE1,PEPTIDE1,1:R1-7:R2$$$",-6.77200000,ok,,flexible
"PEPTIDE1{A.dP.I.Me_Phe(3-Cl).dP.F.Phe(4-CF3)}$PEPTIDE1,PEPTIDE1,1:R1-7:R2$$$",-6.66600000,ok,,flexible
"PEPTIDE1{dP.L.meF.G.cHexCH2_Gly.A.P}$PEPTIDE1,PEPTIDE1,1:R1-7:R2$$$",-6.43000000,ok,,flexible
"PEPTIDE1{P.T.Me_dA.Asp_piperidide.dP.Phe(4-CF3).P}$PEPTIDE1,PEPTIDE1,1:R1-7:R2$$$",-7.67700000,ok,,flexible
"PEPTIDE1{Me_dA.F.dP.P.meA.I.Ser(tBu)}$PEPTIDE1,PEPTIDE1,1:R1-7:R2$$$",-6.50800000,ok,,flexible
"PEPTIDE1{Me_Bal.dP.Me_dA.P.meY.F.T}$PEPTIDE1,PEPTIDE1,1:R1-7:R2$$$",-7.00900000,ok,,flexible
"PEPTIDE1{L.F.meL.P.G.P.dP}$PEPTIDE1,PEPTIDE1,1:R1-7:R2$$$",-6.15700000,ok,,flexible
"PEPTIDE1{P.Sar.dP.L.meY.Asp_piperidide.Y}$PEPTIDE1,PEPTIDE1,1:R1-7:R2$$$",-6.19400000,ok,,flexible
"PEPTIDE1{dV.dP.dP.Asp_piperidide.T.Phe(4-CF3).D}$PEPTIDE1,PEPTIDE1,1:R1-7:R2$$$",-6.45000000,ok,,flexible
"PEPTIDE1{dA.meA.T.P.F.P.Mono84}$PEPTIDE1,PEPTIDE1,1:R1-7:R2$$$",-6.83500000,ok,,flexible
"PEPTIDE1{Me_Bal.meA.G.meY.dP.P.P}$PEPTIDE1,PEPTIDE1,1:R1-7:R2$$$",-8.05200000,ok,,flexible
"PEPTIDE1{meA.F.I.G.Y.meL.P}$PEPTIDE1,PEPTIDE1,1:R1-7:R2$$$",-6.14900000,ok,,flexible
"PEPTIDE1{Me_dA.Me_dL.dP.F.Mono6.dP.T}$PEPTIDE1,PEPTIDE1,1:R1-7:R2$$$",-7.54700000,ok,,flexible
"PEPTIDE1{Mono6.F.T.dP.G.G.Me_Phe(3-Cl)}$PEPTIDE1,PEPTIDE1,1:R1-7:R2$$$",-6.67300000,ok,,flexible
"PEPTIDE1{F.T.dP.T.dP.P.I}$PEPTIDE1,PEPTIDE1,1:R1-7:R2$$$",-6.55100000,ok,,flexible
"PEPTIDE1{dA.Mono7.T.dP.P.F.G}$PEPTIDE1,PEPTIDE1,1:R1-7:R2$$$",-7.74700000,ok,,flexible
"PEPTIDE1{dF.3Pal.A.Me_Phe(3-Cl).Mono86.Mono84.dP}$PEPTIDE1,PEPTIDE1,1:R1-7:R2$$$",-7.30000000,ok,,flexible
"PEPTIDE1{meA.T.G.dP.Me_dA.P.F}$PEPTIDE1,PEPTIDE1,1:R1-7:R2$$$",-6.43100000,ok,,flexible
"PEPTIDE1{Mono6.A.dP.P.Me_Phe(3-Cl).Mono84.Mono84}$PEPTIDE1,PEPTIDE1,1:R1-7:R2$$$",-7.53400000,ok,,flexible
"PEPTIDE1{P.meF.G.3Pal.T.dP.Me_Phe(3-Cl)}$PEPTIDE1,PEPTIDE1,1:R1-7:R2$$$",-7.07500000,ok,,flexible
"PEPTIDE1{Me_dA.meF.dP.D.P.T.F}$PEPTIDE1,PEPTIDE1,1:R1-7:R2$$$",-6.53100000,ok,,flexible
"PEPTIDE1{P.dP.T.F.meF.3Pal.P}$PEPTIDE1,PEPTIDE1,1:R1-7:R2$$$",-6.91800000,ok,,flexible
"PEPTIDE1{dV.P.T.Y.meY.Me_Phe(3-Cl).dP}$PEPTIDE1,PEPTIDE1,1:R1-7:R2$$$",-7.55900000,ok,,flexible
"PEPTIDE1{dP.Me_dL.G.F.P.dP.Phe(4-CF3)}$PEPTIDE1,PEPTIDE1,1:R1-7:R2$$$",-7.33600000,ok,,flexible
"PEPTIDE1{Me_dA.D.F.meL.T.T.V}$PEPTIDE1,PEPTIDE1,1:R1-7:R2$$$",-5.78400000,ok,,flexible
"PEPTIDE1{Pr_Gly.P.Et_Gly.dP.Me_Phe(3-Cl).Mono2.Mono84}$PEPTIDE1,PEPTIDE1,1:R1-7:R2$$$",-6.47600000,ok,,flexible
"PEPTIDE1{Me_dA.meA.dP.dP.P.T.T}$PEPTIDE1,PEPTIDE1,1:R1-7:R2$$$",-6.98800000,ok,,flexible
"PEPTIDE1{Me_dA.P.dP.P.F.G.T}$PEPTIDE1,PEPTIDE1,1:R1-7:R2$$$",-6.40900000,ok,,flexible
"PEPTIDE1{meA.Mono38.Mono84.P.T.L.Me_Phe(3-Cl)}$PEPTIDE1,PEPTIDE1,1:R1-7:R2$$$",-6.15600000,ok,,flexible
"PEPTIDE1{Mono6.dP.P.T.V.meL.F}$PEPTIDE1,PEPTIDE1,1:R1-7:R2$$$",-6.34400000,ok,,flexible
"PEPTIDE1{A.cHexCH2_Gly.L.dP.meL.I.dP}$PEPTIDE1,PEPTIDE1,1:R1-7:R2$$$",-6.84700000,ok,,flexible
"PEPTIDE1{dP.dA.P.meL.dP.meY.P}$PEPTIDE1,PEPTIDE1,1:R1-7:R2$$$",-6.98000000,ok,,flexible
"PEPTIDE1{Me_Bal.G.P.Me_Phe(3-Cl).Mono84.Mono90.Mono78}$PEPTIDE1,PEPTIDE1,1:R1-7:R2$$$",-9.10700000,ok,,flexible
"PEPTIDE1{Me_Bal.F.Mono84.P.P.Et_Gly.Mono78}$PEPTIDE1,PEPTIDE1,1:R1-7:R2$$$",-6.32700000,ok,,flexible
"PEPTIDE1{Me_Bal.P.meL.T.dP.Phe(4-CF3).F}$PEPTIDE1,PEPTIDE1,1:R1-7:R2$$$",-7.13200000,ok,,flexible
"PEPTIDE1{Mono6.D.Me_dL.V.P.I.P}$PEPTIDE1,PEPTIDE1,1:R1-7:R2$$$",-6.18100000,ok,,flexible
"PEPTIDE1{Me_Bal.Me_dAbu.Phe(4-CF3).meL.Ala(5-Tet).F.P}$PEPTIDE1,PEPTIDE1,1:R1-7:R2$$$",-6.24900000,ok,,flexible
"PEPTIDE1{F.Mono7.Mono84.T.Me_dL.P.Phe(4-CF3)}$PEPTIDE1,PEPTIDE1,1:R1-7:R2$$$",-6.58100000,ok,,flexible
"PEPTIDE1{dP.Me_Phe(3-Cl).meY.A.dF.dA.Y}$PEPTIDE1,PEPTIDE1,1:R1-7:R2$$$",-7.59300000,ok,,flexible
"PEPTIDE1{dA.D.P.T.Y.P.P}$PEPTIDE1,PEPTIDE1,1:R1-7:R2$$$",-6.35400000,ok,,flexible
"PEPTIDE1{Me_dA.G.Me_Phe(3-Cl).P.dP.D.P}$PEPTIDE1,PEPTIDE1,1:R1-7:R2$$$",-6.75100000,ok,,flexible
"PEPTIDE1{Mono6.dP.pentyl_Gly.Mono38.meL.Mono86.P}$PEPTIDE1,PEPTIDE1,1:R1-7:R2$$$",-5.57500000,ok,,flexible
"PEPTIDE1{Me_Bal.meF.G.meL.F.Me_Phe(3-Cl).P}$PEPTIDE1,PEPTIDE1,1:R1-7:R2$$$",-6.27400000,ok,,flexible
"PEPTIDE1{dV.P.meY.dP.F.Y.dP}$PEPTIDE1,PEPTIDE1,1:R1-7:R2$$$",-7.23200000,ok,,flexible
"PEPTIDE1{dA.dP.D.T.dP.G.Me_Phe(3-Cl)}$PEPTIDE1,PEPTIDE1,1:R1-7:R2$$$",-6.51300000,ok,,flexible
"PEPTIDE1{meA.dA.F.T.D.dP.Me_dL}$PEPTIDE1,PEPTIDE1,1:R1-7:R2$$$",-6.24900000,ok,,flexible
"PEPTIDE1{Me_Bal.P.meL.F.V.dP.dP}$PEPTIDE1,PEPTIDE1,1:R1-7:R2$$$",-6.79700000,ok,,flexible
"PEPTIDE1{Me_Bal.F.G.P.T.D.P}$PEPTIDE1,PEPTIDE1,1:R1-7:R2$$$",-6.83100000,ok,,flexible
"PEPTIDE1{Me_Bal.meL.Me_Nle.Nle.I.P.dP}$PEPTIDE1,PEPTIDE1,1:R1-7:R2$$$",-5.69000000,ok,,flexible
"PEPTIDE1{A.P.P.Me_Phe(3-Cl).P.G.T}$PEPTIDE1,PEPTIDE1,1:R1-7:R2$$$",-7.52200000,ok,,flexible
"PEPTIDE1{Me_Bal.Phe(4-CF3).D.dP.P.meL.Me_Phe(3-Cl)}$PEPTIDE1,PEPTIDE1,1:R1-7:R2$$$",-6.78300000,ok,,flexible
"PEPTIDE1{P.Me_Phe(3-Cl).Y.Mono6.T.Hyp(Et).meY}$PEPTIDE1,PEPTIDE1,1:R1-7:R2$$$",-6.51100000,ok,,flexible
"PEPTIDE1{Mono6.dP.Me_dA.T.T.P.meY}$PEPTIDE1,PEPTIDE1,1:R1-7:R2$$$",-6.74700000,ok,,flexible
"PEPTIDE1{meA.P.Y.Me_Phe(3-Cl).dP.P.D}$PEPTIDE1,PEPTIDE1,1:R1-7:R2$$$",-6.88300000,ok,,flexible
"PEPTIDE1{Me_Bal.meA.Y.Me_dL.T.Mono84.Asp_piperidide}$PEPTIDE1,PEPTIDE1,1:R1-7:R2$$$",-7.01200000,ok,,flexible
"PEPTIDE1{Me_Bal.G.Sar.dP.T.Me_Phe(3-Cl).Me_Phe(3-Cl)}$PEPTIDE1,PEPTIDE1,1:R1-7:R2$$$",-6.73900000,ok,,flexible
"PEPTIDE1{Me_Bal.T.P.P.P.G.dP}$PEPTIDE1,PEPTIDE1,1:R1-7:R2$$$",-7.59800000,ok,,flexible
"PEPTIDE1{L.P.3Pal.Me_Phe(3-Cl).F.Y.D}$PEPTIDE1,PEPTIDE1,1:R1-7:R2$$$",-5.54700000,ok,,flexible
"PEPTIDE1{meA.A.Pr_Gly.F.P.T.dP}$PEPTIDE1,PEPTIDE1,1:R1-7:R2$$$",-6.85900000,ok,,flexible
"PEPTIDE1{dV.dA.T.F.meA.A.dP}$PEPTIDE1,PEPTIDE1,1:R1-7:R2$$$",-6.86300000,ok,,flexible
"PEPTIDE1{dP.meA.Y.P.P.T.Me_Phe(3-Cl)}$PEPTIDE1,PEPTIDE1,1:R1-7:R2$$$",-7.14500000,ok,,flexible
"PEPTIDE1{Me_Bal.D.meL.P.P.T.I}$PEPTIDE1,PEPTIDE1,1:R1-7:R2$$$",-6.61000000,ok,,flexible
"PEPTIDE1{dA.F.P.Me_Phe(3-Cl).Pr_Gly.A.T}$PEPTIDE1,PEPTIDE1,1:R1-7:R2$$$",-6.85100000,ok,,flexible
"PEPTIDE1{A.dP.P.G.Me_Phe(3-Cl).P.Me_Phe(3-Cl)}$PEPTIDE1,PEPTIDE1,1:R1-7:R2$$$",-7.27500000,ok,,flexible
"PEPTIDE1{Me_dA.P.Phe(4-CF3).Ala(5-Tet).F.meL.T}$PEPTIDE1,PEPTIDE1,1:R1-7:R2$$$",-6.23300000,ok,,flexible
"PEPTIDE1{Mono6.Ser(tBu).V.dP.T.I.Me_Phe(3-Cl)}$PEPTIDE1,PEPTIDE1,1:R1-7:R2$$$",-6.01100000,ok,,flexible
"PEPTIDE1{Me_Bal.F.Me_Phe(3-Cl).meA.D.P.Me_dA}$PEPTIDE1,PEPTIDE1,1:R1-7:R2$$$",-7.37100000,ok,,flexible
"PEPTIDE1{meA.Me_dA.T.V.dP.F.Phe(4-CF3)}$PEPTIDE1,PEPTIDE1,1:R1-7:R2$$$",-6.74800000,ok,,flexible
"PEPTIDE1{dA.T.Me_Phe(3-Cl).P.T.dP.F}$PEPTIDE1,PEPTIDE1,1:R1-7:R2$$$",-6.91100000,ok,,flexible
"PEPTIDE1{Me_dA.meA.Me_dAbu.Y.P.Mono84.G}$PEPTIDE1,PEPTIDE1,1:R1-7:R2$$$",-7.48500000,ok,,flexible
"PEPTIDE1{A.T.P.I.P.F.Phe(4-CF3)}$PEPTIDE1,PEPTIDE1,1:R1-7:R2$$$",-7.47500000,ok,,flexible
"PEPTIDE1{dA.Me_dL.T.P.dP.dP.I}$PEPTIDE1,PEPTIDE1,1:R1-7:R2$$$",-6.42500000,ok,,flexible
"PEPTIDE1{Me_dA.T.G.Y.F.P.Phe(4-CF3)}$PEPTIDE1,PEPTIDE1,1:R1-7:R2$$$",-7.58700000,ok,,flexible
"PEPTIDE1{Mono6.Mono38.A.Me_Phe(3-Cl).P.T.F}$PEPTIDE1,PEPTIDE1,1:R1-7:R2$$$",-6.40300000,ok,,flexible
"PEPTIDE1{Mono6.meA.Me_Phe(3-Cl).dP.P.G.T}$PEPTIDE1,PEPTIDE1,1:R1-7:R2$$$",-7.63700000,ok,,flexible
"PEPTIDE1{Me_dA.Me_dL.dP.Mono6.Phe(4-CF3).T.F}$PEPTIDE1,PEPTIDE1,1:R1-7:R2$$$",-6.85100000,ok,,flexible
"PEPTIDE1{F.Mono84.Asp_piperidide.P.I.P.P}$PEPTIDE1,PEPTIDE1,1:R1-7:R2$$$",-7.47100000,ok,,flexible
"PEPTIDE1{dA.T.Asp_piperidide.I.G.P.dP}$PEPTIDE1,PEPTIDE1,1:R1-7:R2$$$",-6.35600000,ok,,flexible
"PEPTIDE1{Me_dA.T.V.T.F.P.dP}$PEPTIDE1,PEPTIDE1,1:R1-7:R2$$$",-6.85600000,ok,,flexible
"PEPTIDE1{Me_dA.T.dP.G.P.Me_dL.F}$PEPTIDE1,PEPTIDE1,1:R1-7:R2$$$",-6.59800000,ok,,flexible
"PEPTIDE1{A.dP.P.T.F.T.G}$PEPTIDE1,PEPTIDE1,1:R1-7:R2$$$",-6.69300000,ok,,flexible
"PEPTIDE1{L.dP.F.P.T.Phe(4-CF3).dP}$PEPTIDE1,PEPTIDE1,1:R1-7:R2$$$",-6.35600000,ok,,flexible
"PEPTIDE1{P.Me_dA.P.Me_Phe(3-Cl).G.D.dP}$PEPTIDE1,PEPTIDE1,1:R1-7:R2$$$",-7.15200000,ok,,flexible
"PEPTIDE1{P.cHexCH2_Gly.Me_Phe(3-Cl).dP.P.Mono84.G}$PEPTIDE1,PEPTIDE1,1:R1-7:R2$$$",-7.48400000,ok,,flexible
"PEPTIDE1{Me_Bal.D.I.P.V.Me_Phe(3-Cl).P}$PEPTIDE1,PEPTIDE1,1:R1-7:R2$$$",-7.23400000,ok,,flexible
"PEPTIDE1{Me_Bal.Mono6.T.P.I.G.P}$PEPTIDE1,PEPTIDE1,1:R1-7:R2$$$",-6.11200000,ok,,flexible
"PEPTIDE1{dV.T.G.Y.dP.F.P}$PEPTIDE1,PEPTIDE1,1:R1-7:R2$$$",-6.45800000,ok,,flexible
"PEPTIDE1{meA.F.meL.P.D.P.T}$PEPTIDE1,PEPTIDE1,1:R1-7:R2$$$",-6.19300000,ok,,flexible
"PEPTIDE1{meA.dP.P.T.P.G.P}$PEPTIDE1,PEPTIDE1,1:R1-7:R2$$$",-7.44200000,ok,,flexible
"PEPTIDE1{dA.T.P.I.Me_dL.meL.dP}$PEPTIDE1,PEPTIDE1,1:R1-7:R2$$$",-5.45400000,ok,,flexible
"PEPTIDE1{Mono6.T.dP.Me_Phe(3-Cl).dP.Phe(4-CF3).F}$PEPTIDE1,PEPTIDE1,1:R1-7:R2$$$",-7.37800000,ok,,flexible
"PEPTIDE1{dF.Pr_Gly.Asp_piperidide.T.dP.Me_Phe(3-Cl).Y}$PEPTIDE1,PEPTIDE1,1:R1-7:R2$$$",-6.30700000,ok,,flexible
"PEPTIDE1{Sar.P.dP.P.dP.D.T}$PEPTIDE1,PEPTIDE1,1:R1-7:R2$$$",-7.36300000,ok,,flexible
"PEPTIDE1{dP.meA.G.P.Me_dA.P.dP}$PEPTIDE1,PEPTIDE1,1:R1-7:R2$$$",-7.51500000,ok,,flexible
"PEPTIDE1{Mono6.meL.G.Me_dL.Me_Phe(3-Cl).dP.F}$PEPTIDE1,PEPTIDE1,1:R1-7:R2$$$",-6.61400000,ok,,flexible
"PEPTIDE1{Pr_Gly.meL.dP.G.F.T.Phe(4-CF3)}$PEPTIDE1,PEPTIDE1,1:R1-7:R2$$$",-5.84000000,ok,,flexible
"PEPTIDE1{dV.A.dF.F.T.P.dP}$PEPTIDE1,PEPTIDE1,1:R1-7:R2$$$",-7.00900000,ok,,flexible
"PEPTIDE1{dP.P.meL.G.Me_Phe(3-Cl).T.P}$PEPTIDE1,PEPTIDE1,1:R1-7:R2$$$",-6.77800000,ok,,flexible
"PEPTIDE1{dP.P.T.V.Me_dL.Me_Phe(3-Cl).F}$PEPTIDE1,PEPTIDE1,1:R1-7:R2$$$",-5.97400000,ok,,flexible
"PEPTIDE1{dV.meA.meL.P.Me_Phe(3-Cl).P.D}$PEPTIDE1,PEPTIDE1,1:R1-7:R2$$$",-6.73800000,ok,,flexible
"PEPTIDE1{dP.Y.T.F.P.dP.Me_Phe(3-Cl)}$PEPTIDE1,PEPTIDE1,1:R1-7:R2$$$",-6.80000000,ok,,flexible
"PEPTIDE1{dA.G.meL.P.dP.Sar.T}$PEPTIDE1,PEPTIDE1,1:R1-7:R2$$$",-6.86900000,ok,,flexible
"PEPTIDE1{Mono6.Me_Phe(3-Cl).F.G.Asp_piperidide.meY.Y}$PEPTIDE1,PEPTIDE1,1:R1-7:R2$$$",-6.97300000,ok,,flexible
"PEPTIDE1{P.Me_Phe(3-Cl).Mono38.G.F.3Pal.dP}$PEPTIDE1,PEPTIDE1,1:R1-7:R2$$$",-6.44100000,ok,,flexible
"PEPTIDE1{dV.T.L.dP.Me_Phe(3-Cl).I.Mono84}$PEPTIDE1,PEPTIDE1,1:R1-7:R2$$$",-5.38700000,ok,,flexible
"PEPTIDE1{meA.dP.F.Mono86.dP.P.Me_dA}$PEPTIDE1,PEPTIDE1,1:R1-7:R2$$$",-7.25800000,ok,,flexible
"PEPTIDE1{Mono6.L.P.F.meL.P.Me_Phe(3-Cl)}$PEPTIDE1,PEPTIDE1,1:R1-7:R2$$$",-6.85300000,ok,,flexible
"PEPTIDE1{Mono6.Me_dAbu.Me_dA.L.Me_Phe(3-Cl).dP.dP}$PEPTIDE1,PEPTIDE1,1:R1-7:R2$$$",-6.38800000,ok,,flexible
"PEPTIDE1{Me_dA.F.P.P.T.dP.Y}$PEPTIDE1,PEPTIDE1,1:R1-7:R2$$$",-7.43700000,ok,,flexible
"PEPTIDE1{Me_dA.T.Me_Phe(3-Cl).P.F.G.Et_Gly}$PEPTIDE1,PEPTIDE1,1:R1-7:R2$$$",-7.57900000,ok,,flexible
"PEPTIDE1{meA.F.P.V.I.T.meL}$PEPTIDE1,PEPTIDE1,1:R1-7:R2$$$",-6.05300000,ok,,flexible
"PEPTIDE1{meA.F.L.Me_Phe(3-Cl).I.P.P}$PEPTIDE1,PEPTIDE1,1:R1-7:R2$$$",-6.79300000,ok,,flexible
"PEPTIDE1{Pr_Gly.T.P.F.Me_Phe(3-Cl).meL.Me_dL}$PEPTIDE1,PEPTIDE1,1:R1-7:R2$$$",-6.08600000,ok,,flexible
"PEPTIDE1{Mono6.meY.T.G.I.P.D}$PEPTIDE1,PEPTIDE1,1:R1-7:R2$$$",-7.06700000,ok,,flexible
"PEPTIDE1{dF.dP.F.T.I.P.P}$PEPTIDE1,PEPTIDE1,1:R1-7:R2$$$",-6.63400000,ok,,flexible
"PEPTIDE1{dF.D.P.G.P.Phe(4-CF3).dP}$PEPTIDE1,PEPTIDE1,1:R1-7:R2$$$",-7.16400000,ok,,flexible
"PEPTIDE1{dA.P.dP.T.dP.G.P}$PEPTIDE1,PEPTIDE1,1:R1-7:R2$$$",-7.32300000,ok,,flexible
"PEPTIDE1{dP.Pr_Gly.dPye.Ser(tBu).Me_Phe(3-Cl).Mono7.Mono84}$PEPTIDE1,PEPTIDE1,1:R1-7:R2$$$",-5.70300000,ok,,flexible
"PEPTIDE1{Me_dA.dP.P.T.Pr_Gly.Me_Phe(3-Cl).F}$PEPTIDE1,PEPTIDE1,1:R1-7:R2$$$",-6.57300000,ok,,flexible
"PEPTIDE1{Me_Bal.P.meL.T.Me_dL.Y.P}$PEPTIDE1,PEPTIDE1,1:R1-7:R2$$$",-5.94200000,ok,,flexible
"PEPTIDE1{Me_dA.Asp_piperidide.dP.dP.Mono6.P.T}$PEPTIDE1,PEPTIDE1,1:R1-7:R2$$$",-7.24400000,ok,,flexible
"PEPTIDE1{Mono6.F.Mono86.P.Ser(tBu).Me_Phe(3-Cl).Mono84}$PEPTIDE1,PEPTIDE1,1:R1-7:R2$$$",-7.57400000,ok,,flexible
"PEPTIDE1{F.T.Me_Phe(3-Cl).Asp_piperidide.G.dP.dP}$PEPTIDE1,PEPTIDE1,1:R1-7:R2$$$",-6.81400000,ok,,flexible
"PEPTIDE1{meA.Me_Nle.T.Y.meY.P.P}$PEPTIDE1,PEPTIDE1,1:R1-7:R2$$$",-6.21100000,ok,,flexible
"PEPTIDE1{Me_dA.Me_Phe(3-Cl).G.I.dP.Phe(4-CF3).P}$PEPTIDE1,PEPTIDE1,1:R1-7:R2$$$",-6.50900000,ok,,flexible
"PEPTIDE1{F.Mono84.Me_Phe(3-Cl).dP.Y.3Pal.Phe(4-CF3)}$PEPTIDE1,PEPTIDE1,1:R1-7:R2$$$",-5.90300000,ok,,flexible
"PEPTIDE1{Me_Bal.F.Me_Phe(3-Cl).dP.Me_Phe(3-Cl).P.Et_Gly}$PEPTIDE1,PEPTIDE1,1:R1-7:R2$$$",-6.88100000,ok,,flexible
"PEPTIDE1{dV.Mono6.Me_Phe(3-Cl).Asp_piperidide.F.P.dP}$PEPTIDE1,PEPTIDE1,1:R1-7:R2$$$",-6.61300000,ok,,flexible
"PEPTIDE1{dV.meA.T.Me_Phe(3-Cl).Asp_piperidide.dP.dP}$PEPTIDE1,PEPTIDE1,1:R1-7:R2$$$",-7.04400000,ok,,flexible
"PEPTIDE1{F.Mono38.P.T.dP.dP.I}$PEPTIDE1,PEPTIDE1,1:R1-7:R2$$$",-6.21600000,ok,,flexible
