helm,smiles,solubility,status
"PEPTIDE1{dV.L.meL.Me_dA.meL.Mono6.Mono9}$PEPTIDE1,PEPTIDE1,1:R1-7:R2$$$",C=C(CCC(=O)O)c1ccc(C[C@@H]2NC(=O)CCCN(C)C(=O)[C@H](CC(C)C)N(C)C(=O)[C@@H](C)N(C)C(=O)[C@H](CC(C)C)N(C)C(=O)[C@H](CC(C)C)NC(=O)[C@@H](C(C)C)NC2=O)cc1,0.69349647,ok
"PEPTIDE1{Mono6.dP.meF.meA.Ala(5-Tet).Me_dA.meL}$PEPTIDE1,PEPTIDE1,1:R1-7:R2$$$",CC(C)C[C@H]1C(=O)N(C)CCCC(=O)N2CCC[C@@H]2C(=O)N(C)[C@@H](Cc2ccccc2)C(=O)N(C)[C@@H](C)C(=O)N[C@@H](Cc2nnn[nH]2)C(=O)N(C)[C@H](C)C(=O)N1C,0.78219116,ok
"PEPTIDE1{F.Me_dA.Pr_Gly.Me_dL.Me_dAbu.meL.dP}$PEPTIDE1,PEPTIDE1,1:R1-7:R2$$$",CCCN1CC(=O)N(C)[C@H](CC(C)C)C(=O)N(C)[C@H](CC)C(=O)N(C)[C@@H](CC(C)C)C(=O)N2CCC[C@@H]2C(=O)N[C@@H](Cc2ccccc2)C(=O)N(C)[C@H](C)C1=O,0.81563234,ok
"PEPTIDE1{F.Me_dA.dP.meA.Mono1.dL.Mono90}$PEPTIDE1,PEPTIDE1,1:R1-7:R2$$$",CC(C)C[C@H]1NC(=O)CN(Cc2ccc3c(c2)OCO3)C(=O)[C@H](C)N(C)C(=O)[C@H]2CCCN2C(=O)[C@@H](C)N(C)C(=O)[C@H](Cc2ccccc2)NC(=O)[C@H](Cc2ccccc2)NCCCCCCN(C)C1=O,0.80538428,ok
"PEPTIDE1{Mono6.meA.Mono9.meL.meL.Mono7.meS}$PEPTIDE1,PEPTIDE1,1:R1-7:R2$$$",C=C(CCC(=O)O)c1ccc(C[C@@H]2NC(=O)[C@H](C)N(C)C(=O)CCCN(C)C(=O)[C@H](CO)N(C)C(=O)C[C@H](C)NC(=O)[C@H](CC(C)C)N(C)C(=O)[C@H](CC(C)C)N(C)C2=O)cc1,0.63462788,ok
"PEPTIDE1{meL.meS.meS.meF.L.meL.meA}$PEPTIDE1,PEPTIDE1,1:R1-7:R2$$$",CC(C)C[C@@H]1NC(=O)[C@H](Cc2ccccc2)N(C)C(=O)[C@H](CO)N(C)C(=O)[C@H](CO)N(C)C(=O)[C@H](CC(C)C)N(C)C(=O)[C@H](C)N(C)C(=O)[C@H](CC(C)C)N(C)C1=O,0.68849987,ok
"PEPTIDE1{F.dV.Me_dA.Nle.Mono2.dP.P}$PEPTIDE1,PEPTIDE1,1:R1-7:R2$$$",CCCC[C@@H]1NC(=O)[C@@H](C)N(C)C(=O)[C@@H](C(C)C)NC(=O)[C@H](Cc2ccccc2)NC(=O)[C@@H]2CCCN2C(=O)[C@H]2CCCN2C(=O)[C@@H]2[C@@H](C)CCN2C1=O,0.81637675,ok
"PEPTIDE1{dF.meL.meA.Mono1.dP.Pr_Gly.Mono34}$PEPTIDE1,PEPTIDE1,1:R1-7:R2$$$",CCCN1CC(=O)N(CCCOC(C)C)CC(=O)N[C@H](Cc2ccccc2)C(=O)N(C)[C@@H](CC(C)C)C(=O)N(C)[C@@H](C)C(=O)N(Cc2ccc3c(c2)OCO3)CC(=O)N2CCC[C@@H]2C1=O,0.96284312,ok
"PEPTIDE1{dF.pentyl_Gly.Mono38.cHexCH2_Gly.Mono34.Et_Gly.Sar}$PEPTIDE1,PEPTIDE1,1:R1-7:R2$$$",CCCCCN1CC(=O)N(CC2CCOCC2)CC(=O)N(CC2CCCCC2)CC(=O)N(CCCOC(C)C)CC(=O)N(CC)CC(=O)N(C)CC(=O)N[C@H](Cc2ccccc2)C1=O,0.95470661,ok
"PEPTIDE1{meA.meF.meL.Sar.Me_Nle.Me_dAbu.Mono34}$PEPTIDE1,PEPTIDE1,1:R1-7:R2$$$",CCCC[C@H]1C(=O)N(C)[C@H](CC)C(=O)N(CCCOC(C)C)CC(=O)N(C)[C@@H](C)C(=O)N(C)[C@@H](Cc2ccccc2)C(=O)N(C)[C@@H](CC(C)C)C(=O)N(C)CC(=O)N1C,0.72168148,ok
"PEPTIDE1{meA.meA.L.meL.Asp_piperidide.Pr_Gly.meS}$PEPTIDE1,PEPTIDE1,1:R1-7:R2$$$",CCCN1CC(=O)N(C)[C@@H](CO)C(=O)N(C)[C@@H](C)C(=O)N(C)[C@@H](C)C(=O)N[C@@H](CC(C)C)C(=O)N(C)[C@@H](CC(C)C)C(=O)N[C@H](C(=O)N2CCCCC2)CC1=O,0.67769110,ok
"PEPTIDE1{meA.meL.Me_dA.Asp_piperidide.Mono34.Mono1.Mono7}$PEPTIDE1,PEPTIDE1,1:R1-7:R2$$$",CC(C)C[C@H]1C(=O)N(C)[C@H](C)C(=O)N[C@H](C(=O)N2CCCCC2)CC(=O)N(CCCOC(C)C)CC(=O)N(Cc2ccc3c(c2)OCO3)CC(=O)N[C@@H](C)CC(=O)N(C)[C@@H](C)C(=O)N1C,0.63277125,ok
"PEPTIDE1{meL.A.meF.Ala(5-Tet).meL.Aoc(2).Mono7}$PEPTIDE1,PEPTIDE1,1:R1-7:R2$$$",CCCCCC[C@@H]1NC(=O)[C@H](CC(C)C)N(C)C(=O)[C@H](Cc2nnn[nH]2)NC(=O)[C@H](Cc2ccccc2)N(C)C(=O)[C@H](C)NC(=O)[C@H](CC(C)C)N(C)C(=O)C[C@H](C)NC1=O,0.87955582,ok
"PEPTIDE1{dV.Me_dA.meL.P.meA.dP.Et_Gly}$PEPTIDE1,PEPTIDE1,1:R1-7:R2$$$",CCN1CC(=O)N[C@H](C(C)C)C(=O)N(C)[C@H](C)C(=O)N(C)[C@@H](CC(C)C)C(=O)N2CCC[C@H]2C(=O)N(C)[C@@H](C)C(=O)N2CCC[C@@H]2C1=O,0.58928639,ok
"PEPTIDE1{Me_dA.dP.meA.Mono6.Me_Nle.Me_dAbu.meL}$PEPTIDE1,PEPTIDE1,1:R1-7:R2$$$",CCCC[C@H]1C(=O)N(C)[C@H](CC)C(=O)N(C)[C@@H](CC(C)C)C(=O)N(C)[C@H](C)C(=O)N2CCC[C@@H]2C(=O)N(C)[C@@H](C)C(=O)N(C)CCCC(=O)N1C,0.48304546,ok
"PEPTIDE1{Me_dA.meL.P.Mono90.Mono6.Mono76.Mono34}$PEPTIDE1,PEPTIDE1,1:R1-7:R2$$$",CC(C)C[C@H]1C(=O)N2CCC[C@H]2C(=O)N(C)CCCCCCN[C@@H](Cc2ccccc2)C(=O)N(C)CCCC(=O)NCCCCN[C@@H](Cc2ccccc2)C(=O)N(CCCOC(C)C)CC(=O)N(C)[C@H](C)C(=O)N1C,0.85897964,ok
"PEPTIDE1{meF.dP.Me_dL.dL.meL.Me_dL.Me_dA}$PEPTIDE1,PEPTIDE1,1:R1-7:R2$$$",CC(C)C[C@@H]1C(=O)N[C@H](CC(C)C)C(=O)N(C)[C@@H](CC(C)C)C(=O)N(C)[C@H](CC(C)C)C(=O)N(C)[C@H](C)C(=O)N(C)[C@@H](Cc2ccccc2)C(=O)N2CCC[C@@H]2C(=O)N1C,0.46335956,ok
"PEPTIDE1{meA.Mono6.dF.L.T.dP.dA}$PEPTIDE1,PEPTIDE1,1:R1-7:R2$$$",CC(C)C[C@@H]1NC(=O)[C@@H](Cc2ccccc2)NC(=O)CCCN(C)C(=O)[C@H](C)N(C)C(=O)[C@@H](C)NC(=O)[C@H]2CCCN2C(=O)[C@H]([C@@H](C)O)NC1=O,0.73279017,ok
"PEPTIDE1{Pr_Gly.Mono1.meL.Mono7.Mono1.Me_dA.Mono34}$PEPTIDE1,PEPTIDE1,1:R1-7:R2$$$",CCCN1CC(=O)N(Cc2ccc3c(c2)OCO3)CC(=O)N(C)[C@@H](CC(C)C)C(=O)N[C@@H](C)CC(=O)N(Cc2ccc3c(c2)OCO3)CC(=O)N(C)[C@H](C)C(=O)N(CCCOC(C)C)CC1=O,0.38885403,ok
"PEPTIDE1{Mono6.meL.L.meF.meL.Me_dA.Asp_piperidide}$PEPTIDE1,PEPTIDE1,1:R1-7:R2$$$",CC(C)C[C@@H]1NC(=O)[C@H](CC(C)C)N(C)C(=O)CCCN(C)C(=O)C[C@@H](C(=O)N2CCCCC2)NC(=O)[C@@H](C)N(C)C(=O)[C@H](CC(C)C)N(C)C(=O)[C@H](Cc2ccccc2)N(C)C1=O,0.48386919,ok
"PEPTIDE1{meA.T.D.Pr_Gly.Phe(4-CF3).Asp_piperidide.Ala(5-Tet)}$PEPTIDE1,PEPTIDE1,1:R1-7:R2$$$",CCCN1CC(=O)N[C@@H](Cc2ccc(C(F)(F)F)cc2)C(=O)N[C@H](C(=O)N2CCCCC2)CC(=O)N[C@@H](Cc2nnn[nH]2)C(=O)N(C)[C@@H](C)C(=O)N[C@@H]([C@@H](C)O)C(=O)N[C@@H](CC(=O)O)C1=O,0.94783533,ok
"PEPTIDE1{Mono6.Me_dL.meA.Me_dAbu.meS.meL.dP}$PEPTIDE1,PEPTIDE1,1:R1-7:R2$$$",CC[C@@H]1C(=O)N(C)[C@@H](CO)C(=O)N(C)[C@@H](CC(C)C)C(=O)N2CCC[C@@H]2C(=O)N(C)CCCC(=O)N(C)[C@H](CC(C)C)C(=O)N(C)[C@@H](C)C(=O)N1C,0.55192572,ok
"PEPTIDE1{Mono6.meF.meA.Me_dA.Mono7.V.dP}$PEPTIDE1,PEPTIDE1,1:R1-7:R2$$$",CC(C)[C@@H]1NC(=O)C[C@H](C)NC(=O)[C@@H](C)N(C)C(=O)[C@H](C)N(C)C(=O)[C@H](Cc2ccccc2)N(C)C(=O)CCCN(C)C(=O)[C@H]2CCCN2C1=O,0.64544493,ok
"PEPTIDE1{Mono6.Mono7.meA.meL.meS.meS.Mono7}$PEPTIDE1,PEPTIDE1,1:R1-7:R2$$$",CC(C)C[C@H]1C(=O)N(C)[C@@H](CO)C(=O)N(C)[C@@H](CO)C(=O)N[C@@H](C)CC(=O)N(C)CCCC(=O)N[C@@H](C)CC(=O)N(C)[C@@H](C)C(=O)N1C,0.68878025,ok
"PEPTIDE1{Pr_Gly.P.dP.Me_Nle.dP.3Pal.Sar}$PEPTIDE1,PEPTIDE1,1:R1-7:R2$$$",CCCC[C@H]1C(=O)N2CCC[C@@H]2C(=O)N[C@@H](Cc2cccnc2)C(=O)N(C)CC(=O)N(CCC)CC(=O)N2CCC[C@H]2C(=O)N2CCC[C@@H]2C(=O)N1C,0.94404733,ok
"PEPTIDE1{dV.meA.Me_Nle.Mono6.Me_dNva.Mono1.Mono7}$PEPTIDE1,PEPTIDE1,1:R1-7:R2$$$",CCCC[C@H]1C(=O)N(C)CCCC(=O)N(C)[C@H](CCC)C(=O)N(Cc2ccc3c(c2)OCO3)CC(=O)N[C@@H](C)CC(=O)N[C@H](C(C)C)C(=O)N(C)[C@@H](C)C(=O)N1C,0.84813738,ok
"PEPTIDE1{dF.meL.dP.meA.Me_dNva.Et_Gly.Mono34}$PEPTIDE1,PEPTIDE1,1:R1-7:R2$$$",CCC[C@@H]1C(=O)N(CC)CC(=O)N(CCCOC(C)C)CC(=O)N[C@H](Cc2ccccc2)C(=O)N(C)[C@@H](CC(C)C)C(=O)N2CCC[C@@H]2C(=O)N(C)[C@@H](C)C(=O)N1C,0.89260203,ok
"PEPTIDE1{Mono6.Me_dL.Me_dNva.meA.Me_Nle.Asp_piperidide.Mono1}$PEPTIDE1,PEPTIDE1,1:R1-7:R2$$$",CCCC[C@H]1C(=O)N[C@H](C(=O)N2CCCCC2)CC(=O)N(Cc2ccc3c(c2)OCO3)CC(=O)N(C)CCCC(=O)N(C)[C@H](CC(C)C)C(=O)N(C)[C@H](CCC)C(=O)N(C)[C@@H](C)C(=O)N1C,0.73929584,ok
"PEPTIDE1{dA.meL.F.T.V.dP.Me_dL}$PEPTIDE1,PEPTIDE1,1:R1-7:R2$$$",CC(C)C[C@@H]1C(=O)N[C@H](C)C(=O)N(C)[C@@H](CC(C)C)C(=O)N[C@@H](Cc2ccccc2)C(=O)N[C@@H]([C@@H](C)O)C(=O)N[C@@H](C(C)C)C(=O)N2CCC[C@@H]2C(=O)N1C,0.73686421,ok
"PEPTIDE1{Pr_Gly.L.meL.Me_dL.dV.Me_dAbu.Me_dNva}$PEPTIDE1,PEPTIDE1,1:R1-7:R2$$$",CCC[C@@H]1C(=O)N(CCC)CC(=O)N[C@@H](CC(C)C)C(=O)N(C)[C@@H](CC(C)C)C(=O)N(C)[C@H](CC(C)C)C(=O)N[C@H](C(C)C)C(=O)N(C)[C@H](CC)C(=O)N1C,0.93897510,ok
"PEPTIDE1{meA.L.meL.Asp_piperidide.Mono2.dP.T}$PEPTIDE1,PEPTIDE1,1:R1-7:R2$$$",CC(C)C[C@@H]1NC(=O)[C@H](C)N(C)C(=O)[C@H]([C@@H](C)O)NC(=O)[C@H]2CCCN2C(=O)[C@@H]2[C@@H](C)CCN2C(=O)C[C@@H](C(=O)N2CCCCC2)NC(=O)[C@H](CC(C)C)N(C)C1=O,0.74705839,ok
"PEPTIDE1{A.V.meL.dP.F.Sar.T}$PEPTIDE1,PEPTIDE1,1:R1-7:R2$$$",CC(C)C[C@H]1C(=O)N2CCC[C@@H]2C(=O)N[C@@H](Cc2ccccc2)C(=O)N(C)CC(=O)N[C@@H]([C@@H](C)O)C(=O)N[C@@H](C)C(=O)N[C@@H](C(C)C)C(=O)N1C,0.92969012,ok
"PEPTIDE1{Me_Bal.meL.meL.meA.Me_dAbu.Mono6.dP}$PEPTIDE1,PEPTIDE1,1:R1-7:R2$$$",CC[C@@H]1C(=O)N(C)CCCC(=O)N2CCC[C@@H]2C(=O)N(C)CCC(=O)N(C)[C@@H](CC(C)C)C(=O)N(C)[C@@H](CC(C)C)C(=O)N(C)[C@@H](C)C(=O)N1C,0.80715251,ok
"PEPTIDE1{Pr_Gly.Me_dL.Me_dA.meL.Mono6.dP.Me_Nle}$PEPTIDE1,PEPTIDE1,1:R1-7:R2$$$",CCCC[C@H]1C(=O)N(CCC)CC(=O)N(C)[C@H](CC(C)C)C(=O)N(C)[C@H](C)C(=O)N(C)[C@@H](CC(C)C)C(=O)N(C)CCCC(=O)N2CCC[C@@H]2C(=O)N1C,0.89958555,ok
"PEPTIDE1{Me_Bal.meL.Mono1.L.P.meL.Mono34}$PEPTIDE1,PEPTIDE1,1:R1-7:R2$$$",CC(C)C[C@@H]1NC(=O)CN(Cc2ccc3c(c2)OCO3)C(=O)[C@H](CC(C)C)N(C)C(=O)CCN(C)C(=O)CN(CCCOC(C)C)C(=O)[C@H](CC(C)C)N(C)C(=O)[C@@H]2CCCN2C1=O,0.56827480,ok
"PEPTIDE1{Pr_Gly.meA.Me_dA.meL.meL.dP.meL}$PEPTIDE1,PEPTIDE1,1:R1-7:R2$$$",CCCN1CC(=O)N(C)[C@@H](C)C(=O)N(C)[C@H](C)C(=O)N(C)[C@@H](CC(C)C)C(=O)N(C)[C@@H](CC(C)C)C(=O)N2CCC[C@@H]2C(=O)N(C)[C@@H](CC(C)C)C1=O,0.57223046,ok
"PEPTIDE1{Mono6.L.V.meL.T.meA.meL}$PEPTIDE1,PEPTIDE1,1:R1-7:R2$$$",CC(C)C[C@@H]1NC(=O)CCCN(C)C(=O)[C@H](CC(C)C)N(C)C(=O)[C@H](C)N(C)C(=O)[C@H]([C@@H](C)O)NC(=O)[C@H](CC(C)C)N(C)C(=O)[C@H](C(C)C)NC1=O,0.78838855,ok
"PEPTIDE1{dV.P.meS.meF.P.meL.meA}$PEPTIDE1,PEPTIDE1,1:R1-7:R2$$$",CC(C)C[C@H]1C(=O)N(C)[C@@H](C)C(=O)N[C@H](C(C)C)C(=O)N2CCC[C@H]2C(=O)N(C)[C@@H](CO)C(=O)N(C)[C@@H](Cc2ccccc2)C(=O)N2CCC[C@H]2C(=O)N1C,0.73954678,ok
"PEPTIDE1{dV.Pr_Gly.meA.Me_dA.dP.Mono7.Mono6}$PEPTIDE1,PEPTIDE1,1:R1-7:R2$$$",CCCN1CC(=O)N(C)[C@@H](C)C(=O)N(C)[C@H](C)C(=O)N2CCC[C@@H]2C(=O)N[C@@H](C)CC(=O)N(C)CCCC(=O)N[C@H](C(C)C)C1=O,0.75589621,ok
"PEPTIDE1{Mono6.meL.Me_dA.meV.Mono2.Mono1.T}$PEPTIDE1,PEPTIDE1,1:R1-7:R2$$$",CC(C)C[C@H]1C(=O)N(C)[C@H](C)C(=O)N(C)[C@@H](C(C)C)C(=O)N2CC[C@H](C)[C@H]2C(=O)N(Cc2ccc3c(c2)OCO3)CC(=O)N[C@@H]([C@@H](C)O)C(=O)N(C)CCCC(=O)N1C,0.56758153,ok
"PEPTIDE1{meA.meL.meS.Me_dA.L.meL.Mono1}$PEPTIDE1,PEPTIDE1,1:R1-7:R2$$$",CC(C)C[C@@H]1NC(=O)[C@@H](C)N(C)C(=O)[C@H](CO)N(C)C(=O)[C@H](CC(C)C)N(C)C(=O)[C@H](C)N(C)C(=O)CN(Cc2ccc3c(c2)OCO3)C(=O)[C@H](CC(C)C)N(C)C1=O,0.36422092,ok
"PEPTIDE1{meA.Me_dA.L.Sar.Asp_piperidide.Mono34.meL}$PEPTIDE1,PEPTIDE1,1:R1-7:R2$$$",CC(C)C[C@@H]1NC(=O)[C@@H](C)N(C)C(=O)[C@H](C)N(C)C(=O)[C@H](CC(C)C)N(C)C(=O)CN(CCCOC(C)C)C(=O)C[C@@H](C(=O)N2CCCCC2)NC(=O)CN(C)C1=O,0.58498794,ok
"PEPTIDE1{A.V.T.Me_dA.Pr_Gly.meI.L}$PEPTIDE1,PEPTIDE1,1:R1-7:R2$$$",CCCN1CC(=O)N(C)[C@@H]([C@@H](C)CC)C(=O)N[C@@H](CC(C)C)C(=O)N[C@@H](C)C(=O)N[C@@H](C(C)C)C(=O)N[C@@H]([C@@H](C)O)C(=O)N(C)[C@H](C)C1=O,0.92766005,ok
"PEPTIDE1{dF.meL.P.dP.L.meA.meI}$PEPTIDE1,PEPTIDE1,1:R1-7:R2$$$",CC[C@H](C)[C@H]1C(=O)N[C@H](Cc2ccccc2)C(=O)N(C)[C@@H](CC(C)C)C(=O)N2CCC[C@H]2C(=O)N2CCC[C@@H]2C(=O)N[C@@H](CC(C)C)C(=O)N(C)[C@@H](C)C(=O)N1C,0.79362893,ok
"PEPTIDE1{meF.meL.dP.meS.meS.Me_dA.meL}$PEPTIDE1,PEPTIDE1,1:R1-7:R2$$$",CC(C)C[C@H]1C(=O)N(C)[C@@H](Cc2ccccc2)C(=O)N(C)[C@@H](CC(C)C)C(=O)N2CCC[C@@H]2C(=O)N(C)[C@@H](CO)C(=O)N(C)[C@@H](CO)C(=O)N(C)[C@H](C)C(=O)N1C,0.83519757,ok
"PEPTIDE1{Me_Bal.meL.meA.dP.Me_dA.meA.Me_dA}$PEPTIDE1,PEPTIDE1,1:R1-7:R2$$$",CC(C)C[C@H]1C(=O)N(C)[C@@H](C)C(=O)N2CCC[C@@H]2C(=O)N(C)[C@H](C)C(=O)N(C)[C@@H](C)C(=O)N(C)[C@H](C)C(=O)N(C)CCC(=O)N1C,0.49091706,ok
"PEPTIDE1{Mono6.Me_dL.meS.Me_dA.meL.Me_Bal.meA}$PEPTIDE1,PEPTIDE1,1:R1-7:R2$$$",CC(C)C[C@@H]1C(=O)N(C)[C@@H](CO)C(=O)N(C)[C@H](C)C(=O)N(C)[C@@H](CC(C)C)C(=O)N(C)CCC(=O)N(C)[C@@H](C)C(=O)N(C)CCCC(=O)N1C,0.79098064,ok
"PEPTIDE1{Pr_Gly.meA.meF.meL.meF.meL.L}$PEPTIDE1,PEPTIDE1,1:R1-7:R2$$$",CCCN1CC(=O)N(C)[C@@H](C)C(=O)N(C)[C@@H](Cc2ccccc2)C(=O)N(C)[C@@H](CC(C)C)C(=O)N(C)[C@@H](Cc2ccccc2)C(=O)N(C)[C@@H](CC(C)C)C(=O)N[C@@H](CC(C)C)C1=O,0.61322123,ok
"PEPTIDE1{Me_Bal.Me_dA.Mono1.meL.Me_Abu.meA.Me_dNva}$PEPTIDE1,PEPTIDE1,1:R1-7:R2$$$",CCC[C@@H]1C(=O)N(C)CCC(=O)N(C)[C@H](C)C(=O)N(Cc2ccc3c(c2)OCO3)CC(=O)N(C)[C@@H](CC(C)C)C(=O)N(C)[C@@H](CC)C(=O)N(C)[C@@H](C)C(=O)N1C,0.68202591,ok
"PEPTIDE1{Me_dA.L.Phe(4-CF3).F.meL.Mono34.Mono1}$PEPTIDE1,PEPTIDE1,1:R1-7:R2$$$",CC(C)C[C@@H]1NC(=O)[C@@H](C)N(C)C(=O)CN(Cc2ccc3c(c2)OCO3)C(=O)CN(CCCOC(C)C)C(=O)[C@H](CC(C)C)N(C)C(=O)[C@H](Cc2ccccc2)NC(=O)[C@H](Cc2ccc(C(F)(F)F)cc2)NC1=O,0.69680011,ok
"PEPTIDE1{Mono6.L.Me_Abu.Me_dA.meS.Me_dNva.meA}$PEPTIDE1,PEPTIDE1,1:R1-7:R2$$$",CCC[C@@H]1C(=O)N(C)[C@@H](C)C(=O)N(C)CCCC(=O)N[C@@H](CC(C)C)C(=O)N(C)[C@@H](CC)C(=O)N(C)[C@H](C)C(=O)N(C)[C@@H](CO)C(=O)N1C,0.71189266,ok
"PEPTIDE1{A.meL.L.Me_dL.G.Me_dA.dP}$PEPTIDE1,PEPTIDE1,1:R1-7:R2$$$",CC(C)C[C@@H]1NC(=O)[C@H](CC(C)C)N(C)C(=O)[C@H](C)NC(=O)[C@H]2CCCN2C(=O)[C@@H](C)N(C)C(=O)CNC(=O)[C@@H](CC(C)C)N(C)C1=O,0.52586448,ok
"PEPTIDE1{meL.meL.Me_dA.dP.Me_dNva.Mono1.meS}$PEPTIDE1,PEPTIDE1,1:R1-7:R2$$$",CCC[C@@H]1C(=O)N(Cc2ccc3c(c2)OCO3)CC(=O)N(C)[C@@H](CO)C(=O)N(C)[C@@H](CC(C)C)C(=O)N(C)[C@@H](CC(C)C)C(=O)N(C)[C@H](C)C(=O)N2CCC[C@@H]2C(=O)N1C,0.73219603,ok
"PEPTIDE1{L.Me_dA.Mono7.meS.Me_Bal.Pr_Gly.Mono100}$PEPTIDE1,PEPTIDE1,1:R1-7:R2$$$",CCCN1CC(=O)N[C@H](C(=O)NC)CSCC(=O)N[C@@H](CC(C)C)C(=O)N(C)[C@H](C)C(=O)N[C@@H](C)CC(=O)N(C)[C@@H](CO)C(=O)N(C)CCC1=O,0.91113621,ok
"PEPTIDE1{Me_dA.F.T.Mono34.P.meL.meA}$PEPTIDE1,PEPTIDE1,1:R1-7:R2$$$",CC(C)C[C@H]1C(=O)N(C)[C@@H](C)C(=O)N(C)[C@H](C)C(=O)N[C@@H](Cc2ccccc2)C(=O)N[C@@H]([C@@H](C)O)C(=O)N(CCCOC(C)C)CC(=O)N2CCC[C@H]2C(=O)N1C,0.85882223,ok
"PEPTIDE1{Pr_Gly.meA.meS.meL.meL.Mono1.Me_dAbu}$PEPTIDE1,PEPTIDE1,1:R1-7:R2$$$",CCCN1CC(=O)N(C)[C@@H](C)C(=O)N(C)[C@@H](CO)C(=O)N(C)[C@@H](CC(C)C)C(=O)N(C)[C@@H](CC(C)C)C(=O)N(Cc2ccc3c(c2)OCO3)CC(=O)N(C)[C@H](CC)C1=O,0.56321263,ok
"PEPTIDE1{dV.Mono6.L.dP.Mono34.dP.Mono34}$PEPTIDE1,PEPTIDE1,1:R1-7:R2$$$",CC(C)C[C@@H]1NC(=O)CCCN(C)C(=O)[C@@H](C(C)C)NC(=O)CN(CCCOC(C)C)C(=O)[C@H]2CCCN2C(=O)CN(CCCOC(C)C)C(=O)[C@H]2CCCN2C1=O,0.85071188,ok
"PEPTIDE1{meL.Me_dL.dP.meL.dA.Mono34.meA}$PEPTIDE1,PEPTIDE1,1:R1-7:R2$$$",CC(C)C[C@@H]1C(=O)N2CCC[C@@H]2C(=O)N(C)[C@@H](CC(C)C)C(=O)N[C@H](C)C(=O)N(CCCOC(C)C)CC(=O)N(C)[C@@H](C)C(=O)N(C)[C@@H](CC(C)C)C(=O)N1C,0.71874458,ok
"PEPTIDE1{Me_dA.Pr_Gly.G.meI.L.meL.Mono12}$PEPTIDE1,PEPTIDE1,1:R1-7:R2$$$",CCCN1CC(=O)NCC(=O)N(C)[C@@H]([C@@H](C)CC)C(=O)N[C@@H](CC(C)C)C(=O)N(C)[C@@H](CC(C)C)C(=O)N[C@@H](Cc2cccc(CCCCC(=O)O)c2)C(=O)N(C)[C@H](C)C1=O,0.85973722,ok
"PEPTIDE1{L.P.D.Me_dAbu.Mono34.meA.meF}$PEPTIDE1,PEPTIDE1,1:R1-7:R2$$$",CC[C@@H]1C(=O)N(CCCOC(C)C)CC(=O)N(C)[C@@H](C)C(=O)N(C)[C@@H](Cc2ccccc2)C(=O)N[C@@H](CC(C)C)C(=O)N2CCC[C@H]2C(=O)N[C@@H](CC(=O)O)C(=O)N1C,0.88138717,ok
"PEPTIDE1{Pr_Gly.dP.meA.Me_dL.meL.Mono7.Me_dA}$PEPTIDE1,PEPTIDE1,1:R1-7:R2$$$",CCCN1CC(=O)N2CCC[C@@H]2C(=O)N(C)[C@@H](C)C(=O)N(C)[C@H](CC(C)C)C(=O)N(C)[C@@H](CC(C)C)C(=O)N[C@@H](C)CC(=O)N(C)[C@H](C)C1=O,0.55106139,ok
"PEPTIDE1{Pr_Gly.Me_dL.meS.Me_Nle.Asp_piperidide.meA.dP}$PEPTIDE1,PEPTIDE1,1:R1-7:R2$$$",CCCC[C@H]1C(=O)N[C@H](C(=O)N2CCCCC2)CC(=O)N(C)[C@@H](C)C(=O)N2CCC[C@@H]2C(=O)N(CCC)CC(=O)N(C)[C@H](CC(C)C)C(=O)N(C)[C@@H](CO)C(=O)N1C,0.91777915,ok
"PEPTIDE1{meL.pentyl_Gly.P.Asp_piperidide.Mono1.Me_Nle.Et_Gly}$PEPTIDE1,PEPTIDE1,1:R1-7:R2$$$",CCCCCN1CC(=O)N2CCC[C@H]2C(=O)N[C@H](C(=O)N2CCCCC2)CC(=O)N(Cc2ccc3c(c2)OCO3)CC(=O)N(C)[C@@H](CCCC)C(=O)N(CC)CC(=O)N(C)[C@@H](CC(C)C)C1=O,0.92317075,ok
"PEPTIDE1{meL.meS.Aoc(2).Ala(5-Tet).meA.dPye.T}$PEPTIDE1,PEPTIDE1,1:R1-7:R2$$$",CCCCCC[C@@H]1NC(=O)[C@H](CO)N(C)C(=O)[C@H](CC(C)C)N(C)C(=O)[C@H]([C@@H](C)O)NC(=O)[C@@H](CCC(=O)N2CCCC2)NC(=O)[C@H](C)N(C)C(=O)[C@H](Cc2nnn[nH]2)NC1=O,0.95290583,ok
"PEPTIDE1{Pr_Gly.meS.meL.Me_dA.Me_dL.P.dP}$PEPTIDE1,PEPTIDE1,1:R1-7:R2$$$",CCCN1CC(=O)N(C)[C@@H](CO)C(=O)N(C)[C@@H](CC(C)C)C(=O)N(C)[C@H](C)C(=O)N(C)[C@H](CC(C)C)C(=O)N2CCC[C@H]2C(=O)N2CCC[C@@H]2C1=O,0.90195811,ok
"PEPTIDE1{dV.Me_Phe(3-Cl).Pr_Gly.P.Me_dA.dP.F}$PEPTIDE1,PEPTIDE1,1:R1-7:R2$$$",CCCN1CC(=O)N2CCC[C@H]2C(=O)N(C)[C@H](C)C(=O)N2CCC[C@@H]2C(=O)N[C@@H](Cc2ccccc2)C(=O)N[C@H](C(C)C)C(=O)N(C)[C@@H](Cc2cccc(Cl)c2)C1=O,0.90673167,ok
"PEPTIDE1{F.Mono6.L.Me_dL.meL.T.Sar}$PEPTIDE1,PEPTIDE1,1:R1-7:R2$$$",CC(C)C[C@@H]1NC(=O)CCCN(C)C(=O)[C@H](Cc2ccccc2)NC(=O)CN(C)C(=O)[C@H]([C@@H](C)O)NC(=O)[C@H](CC(C)C)N(C)C(=O)[C@@H](CC(C)C)N(C)C1=O,0.87989378,ok
"PEPTIDE1{dV.meA.meF.Mono7.meL.Mono1.L}$PEPTIDE1,PEPTIDE1,1:R1-7:R2$$$",CC(C)C[C@@H]1NC(=O)CN(Cc2ccc3c(c2)OCO3)C(=O)[C@H](CC(C)C)N(C)C(=O)C[C@H](C)NC(=O)[C@H](Cc2ccccc2)N(C)C(=O)[C@H](C)N(C)C(=O)[C@@H](C(C)C)NC1=O,0.38299584,ok
"PEPTIDE1{meL.H.Me_Bal.Mono7.dP.Mono6.Me_dA}$PEPTIDE1,PEPTIDE1,1:R1-7:R2$$$",CC(C)C[C@H]1C(=O)N[C@@H](Cc2cnc[nH]2)C(=O)N(C)CCC(=O)N[C@@H](C)CC(=O)N2CCC[C@@H]2C(=O)N(C)CCCC(=O)N(C)[C@H](C)C(=O)N1C,0.87845534,ok
"PEPTIDE1{A.L.Mono82.Me_dAbu.meL.Mono78.meA}$PEPTIDE1,PEPTIDE1,1:R1-7:R2$$$",CC[C@@H]1C(=O)N(C)[C@@H](CC(C)C)C(=O)NCCCCCCN[C@@H](Cc2ccccc2)C(=O)N(C)[C@@H](C)C(=O)N[C@@H](C)C(=O)N[C@@H](CC(C)C)C(=O)NCCCCCCCCCCN[C@@H](Cc2ccccc2)C(=O)N1C,0.78390408,ok
"PEPTIDE1{meA.Me_dA.Ala(5-Tet).meL.Asp_piperidide.meL.meS}$PEPTIDE1,PEPTIDE1,1:R1-7:R2$$$",CC(C)C[C@H]1C(=O)N(C)[C@@H](CO)C(=O)N(C)[C@@H](C)C(=O)N(C)[C@H](C)C(=O)N[C@@H](Cc2nnn[nH]2)C(=O)N(C)[C@@H](CC(C)C)C(=O)N[C@H](C(=O)N2CCCCC2)CC(=O)N1C,0.56760907,ok
"PEPTIDE1{Mono6.P.Pr_Gly.Me_dL.meL.Me_dL.meL}$PEPTIDE1,PEPTIDE1,1:R1-7:R2$$$",CCCN1CC(=O)N(C)[C@H](CC(C)C)C(=O)N(C)[C@@H](CC(C)C)C(=O)N(C)[C@H](CC(C)C)C(=O)N(C)[C@@H](CC(C)C)C(=O)N(C)CCCC(=O)N2CCC[C@H]2C1=O,0.70411533,ok
"PEPTIDE1{Me_Bal.Me_dAbu.L.meA.Mono1.Me_dL.meL}$PEPTIDE1,PEPTIDE1,1:R1-7:R2$$$",CC[C@@H]1C(=O)N[C@@H](CC(C)C)C(=O)N(C)[C@@H](C)C(=O)N(Cc2ccc3c(c2)OCO3)CC(=O)N(C)[C@H](CC(C)C)C(=O)N(C)[C@@H](CC(C)C)C(=O)N(C)CCC(=O)N1C,0.57897055,ok
"PEPTIDE1{meL.dP.meL.meA.dPye.Me_dA.L}$PEPTIDE1,PEPTIDE1,1:R1-7:R2$$$",CC(C)C[C@@H]1NC(=O)[C@@H](C)N(C)C(=O)[C@@H](CCC(=O)N2CCCC2)NC(=O)[C@H](C)N(C)C(=O)[C@H](CC(C)C)N(C)C(=O)[C@H]2CCCN2C(=O)[C@H](CC(C)C)N(C)C1=O,0.54948187,ok
"PEPTIDE1{Pr_Gly.meL.Mono6.Me_Bal.T.meA.meY}$PEPTIDE1,PEPTIDE1,1:R1-7:R2$$$",CCCN1CC(=O)N(C)[C@@H](CC(C)C)C(=O)N(C)CCCC(=O)N(C)CCC(=O)N[C@@H]([C@@H](C)O)C(=O)N(C)[C@@H](C)C(=O)N(C)[C@@H](Cc2ccc(O)cc2)C1=O,0.79830664,ok
"PEPTIDE1{A.T.L.F.Aib.P.Me_dL}$PEPTIDE1,PEPTIDE1,1:R1-7:R2$$$",CC(C)C[C@@H]1NC(=O)[C@H]([C@@H](C)O)NC(=O)[C@H](C)NC(=O)[C@@H](CC(C)C)N(C)C(=O)[C@@H]2CCCN2C(=O)C(C)(C)NC(=O)[C@H](Cc2ccccc2)NC1=O,0.71440357,ok
"PEPTIDE1{F.L.dF.meL.meA.dV.P}$PEPTIDE1,PEPTIDE1,1:R1-7:R2$$$",CC(C)C[C@@H]1NC(=O)[C@H](Cc2ccccc2)NC(=O)[C@@H]2CCCN2C(=O)[C@@H](C(C)C)NC(=O)[C@H](C)N(C)C(=O)[C@H](CC(C)C)N(C)C(=O)[C@@H](Cc2ccccc2)NC1=O,0.86850071,ok
"PEPTIDE1{meL.meS.meS.Pr_Gly.Mono1.Me_dA.dA}$PEPTIDE1,PEPTIDE1,1:R1-7:R2$$$",CCCN1CC(=O)N(Cc2ccc3c(c2)OCO3)CC(=O)N(C)[C@H](C)C(=O)N[C@H](C)C(=O)N(C)[C@@H](CC(C)C)C(=O)N(C)[C@@H](CO)C(=O)N(C)[C@@H](CO)C1=O,0.84055716,ok
"PEPTIDE1{Mono6.P.meL.Me_dNva.Pr_Gly.Me_dA.L}$PEPTIDE1,PEPTIDE1,1:R1-7:R2$$$",CCC[C@@H]1C(=O)N(CCC)CC(=O)N(C)[C@H](C)C(=O)N[C@@H](CC(C)C)C(=O)N(C)CCCC(=O)N2CCC[C@H]2C(=O)N(C)[C@@H](CC(C)C)C(=O)N1C,0.77711481,ok
"PEPTIDE1{dV.P.T.dL.3Pal.meI.Mono90}$PEPTIDE1,PEPTIDE1,1:R1-7:R2$$$",CC[C@H](C)[C@H]1C(=O)N(C)CCCCCCN[C@@H](Cc2ccccc2)C(=O)N[C@H](C(C)C)C(=O)N2CCC[C@H]2C(=O)N[C@@H]([C@@H](C)O)C(=O)N[C@H](CC(C)C)C(=O)N[C@@H](Cc2cccnc2)C(=O)N1C,0.84066349,ok
"PEPTIDE1{meL.Me_dAbu.Me_dA.Me_dNva.dP.meA.P}$PEPTIDE1,PEPTIDE1,1:R1-7:R2$$$",CCC[C@@H]1C(=O)N2CCC[C@@H]2C(=O)N(C)[C@@H](C)C(=O)N2CCC[C@H]2C(=O)N(C)[C@@H](CC(C)C)C(=O)N(C)[C@H](CC)C(=O)N(C)[C@H](C)C(=O)N1C,0.73680520,ok
"PEPTIDE1{meA.Sar.meL.Mono12.P.P.Et_Gly}$PEPTIDE1,PEPTIDE1,1:R1-7:R2$$$",CCN1CC(=O)N(C)[C@@H](C)C(=O)N(C)CC(=O)N(C)[C@@H](CC(C)C)C(=O)N[C@@H](Cc2cccc(CCCCC(=O)O)c2)C(=O)N2CCC[C@H]2C(=O)N2CCC[C@H]2C1=O,0.93894112,ok
"PEPTIDE1{meA.Me_dL.Mono34.meL.Me_Nle.P.dP}$PEPTIDE1,PEPTIDE1,1:R1-7:R2$$$",CCCC[C@H]1C(=O)N2CCC[C@H]2C(=O)N2CCC[C@@H]2C(=O)N(C)[C@@H](C)C(=O)N(C)[C@H](CC(C)C)C(=O)N(CCCOC(C)C)CC(=O)N(C)[C@@H](CC(C)C)C(=O)N1C,0.81641567,ok
"PEPTIDE1{Pr_Gly.meS.meL.meL.Mono6.Me_dA.dP}$PEPTIDE1,PEPTIDE1,1:R1-7:R2$$$",CCCN1CC(=O)N(C)[C@@H](CO)C(=O)N(C)[C@@H](CC(C)C)C(=O)N(C)[C@@H](CC(C)C)C(=O)N(C)CCCC(=O)N(C)[C@H](C)C(=O)N2CCC[C@@H]2C1=O,0.72405225,ok
"PEPTIDE1{L.Mono12.P.meA.meL.Mono10.Asp_piperidide}$PEPTIDE1,PEPTIDE1,1:R1-7:R2$$$",C=C(CCC(=O)O)c1cccc(C[C@@H]2NC(=O)[C@H](CC(C)C)N(C)C(=O)[C@H](C)N(C)C(=O)[C@@H]3CCCN3C(=O)[C@H](Cc3cccc(CCCCC(=O)O)c3)NC(=O)[C@H](CC(C)C)NC(=O)C[C@@H](C(=O)N3CCCCC3)NC2=O)c1,0.77713686,ok
"PEPTIDE1{Me_dA.meA.meL.Mono78.meI.Sar.meL}$PEPTIDE1,PEPTIDE1,1:R1-7:R2$$$",CC[C@H](C)[C@H]1C(=O)N(C)CC(=O)N(C)[C@@H](CC(C)C)C(=O)N(C)[C@H](C)C(=O)N(C)[C@@H](C)C(=O)N(C)[C@@H](CC(C)C)C(=O)NCCCCCCN[C@@H](Cc2ccccc2)C(=O)N1C,0.77361006,ok
"PEPTIDE1{Me_Bal.meF.Pr_Gly.P.meL.meI.L}$PEPTIDE1,PEPTIDE1,1:R1-7:R2$$$",CCCN1CC(=O)N2CCC[C@H]2C(=O)N(C)[C@@H](CC(C)C)C(=O)N(C)[C@@H]([C@@H](C)CC)C(=O)N[C@@H](CC(C)C)C(=O)N(C)CCC(=O)N(C)[C@@H](Cc2ccccc2)C1=O,0.92352808,ok
"PEPTIDE1{Mono6.P.Me_dA.meA.Me_dAbu.dP.Mono1}$PEPTIDE1,PEPTIDE1,1:R1-7:R2$$$",CC[C@@H]1C(=O)N2CCC[C@@H]2C(=O)N(Cc2ccc3c(c2)OCO3)CC(=O)N(C)CCCC(=O)N2CCC[C@H]2C(=O)N(C)[C@H](C)C(=O)N(C)[C@@H](C)C(=O)N1C,0.89004308,ok
"PEPTIDE1{P.meL.Me_dL.dP.dF.Me_dAbu.meI}$PEPTIDE1,PEPTIDE1,1:R1-7:R2$$$",CC[C@@H]1C(=O)N(C)[C@@H]([C@@H](C)CC)C(=O)N2CCC[C@H]2C(=O)N(C)[C@@H](CC(C)C)C(=O)N(C)[C@H](CC(C)C)C(=O)N2CCC[C@@H]2C(=O)N[C@H](Cc2ccccc2)C(=O)N1C,0.91068548,ok
"PEPTIDE1{F.L.T.dL.meL.Mono1.Me_dL}$PEPTIDE1,PEPTIDE1,1:R1-7:R2$$$",CC(C)C[C@@H]1NC(=O)[C@H](Cc2ccccc2)NC(=O)[C@@H](CC(C)C)N(C)C(=O)CN(Cc2ccc3c(c2)OCO3)C(=O)[C@H](CC(C)C)N(C)C(=O)[C@@H](CC(C)C)NC(=O)[C@H]([C@@H](C)O)NC1=O,0.73441243,ok
"PEPTIDE1{meL.Me_Nle.Me_dAbu.dP.Me_dL.meL.Me_dA}$PEPTIDE1,PEPTIDE1,1:R1-7:R2$$$",CCCC[C@H]1C(=O)N(C)[C@H](CC)C(=O)N2CCC[C@@H]2C(=O)N(C)[C@H](CC(C)C)C(=O)N(C)[C@@H](CC(C)C)C(=O)N(C)[C@H](C)C(=O)N(C)[C@@H](CC(C)C)C(=O)N1C,0.58748031,ok
"PEPTIDE1{meL.meS.Me_dNva.Me_dA.meA.Mono6.P}$PEPTIDE1,PEPTIDE1,1:R1-7:R2$$$",CCC[C@@H]1C(=O)N(C)[C@H](C)C(=O)N(C)[C@@H](C)C(=O)N(C)CCCC(=O)N2CCC[C@H]2C(=O)N(C)[C@@H](CC(C)C)C(=O)N(C)[C@@H](CO)C(=O)N1C,0.77254778,ok
"PEPTIDE1{meL.L.meS.Me_dA.Ala(5-Tet).Mono1.Asp_piperidide}$PEPTIDE1,PEPTIDE1,1:R1-7:R2$$$",CC(C)C[C@@H]1NC(=O)[C@H](CC(C)C)N(C)C(=O)C[C@@H](C(=O)N2CCCCC2)NC(=O)CN(Cc2ccc3c(c2)OCO3)C(=O)[C@H](Cc2nnn[nH]2)NC(=O)[C@@H](C)N(C)C(=O)[C@H](CO)N(C)C1=O,0.66046268,ok
"PEPTIDE1{L.T.meF.meL.P.meS.Me_dA}$PEPTIDE1,PEPTIDE1,1:R1-7:R2$$$",CC(C)C[C@@H]1NC(=O)[C@@H](C)N(C)C(=O)[C@H](CO)N(C)C(=O)[C@@H]2CCCN2C(=O)[C@H](CC(C)C)N(C)C(=O)[C@H](Cc2ccccc2)N(C)C(=O)[C@H]([C@@H](C)O)NC1=O,0.76632649,ok
"PEPTIDE1{Pr_Gly.meL.Me_dA.Me_dL.meA.Asp_piperidide.L}$PEPTIDE1,PEPTIDE1,1:R1-7:R2$$$",CCCN1CC(=O)N(C)[C@@H](CC(C)C)C(=O)N(C)[C@H](C)C(=O)N(C)[C@H](CC(C)C)C(=O)N(C)[C@@H](C)C(=O)N[C@H](C(=O)N2CCCCC2)CC(=O)N[C@@H](CC(C)C)C1=O,0.61731941,ok
"PEPTIDE1{Pr_Gly.Me_Nle.Me_dNva.Mono7.dP.meA.Mono1}$PEPTIDE1,PEPTIDE1,1:R1-7:R2$$$",CCCC[C@H]1C(=O)N(C)[C@H](CCC)C(=O)N[C@@H](C)CC(=O)N2CCC[C@@H]2C(=O)N(C)[C@@H](C)C(=O)N(Cc2ccc3c(c2)OCO3)CC(=O)N(CCC)CC(=O)N1C,0.95903760,ok
"PEPTIDE1{Me_dA.F.meS.meF.Mono34.meL.meA}$PEPTIDE1,PEPTIDE1,1:R1-7:R2$$$",CC(C)C[C@H]1C(=O)N(C)[C@@H](C)C(=O)N(C)[C@H](C)C(=O)N[C@@H](Cc2ccccc2)C(=O)N(C)[C@@H](CO)C(=O)N(C)[C@@H](Cc2ccccc2)C(=O)N(CCCOC(C)C)CC(=O)N1C,0.85907960,ok
"PEPTIDE1{dF.meL.Mono78.L.meA.P.2-pyridylmethyl_Gly}$PEPTIDE1,PEPTIDE1,1:R1-7:R2$$$",CC(C)C[C@@H]1NC(=O)[C@H](Cc2ccccc2)NCCCCCCNC(=O)[C@H](CC(C)C)N(C)C(=O)[C@@H](Cc2ccccc2)NC(=O)CN(Cc2ccccn2)C(=O)[C@@H]2CCCN2C(=O)[C@H](C)N(C)C1=O,0.81644386,ok
"PEPTIDE1{Me_Bal.Pr_Gly.F.I.meL.L.meI}$PEPTIDE1,PEPTIDE1,1:R1-7:R2$$$",CCCN1CC(=O)N[C@@H](Cc2ccccc2)C(=O)N[C@@H]([C@@H](C)CC)C(=O)N(C)[C@@H](CC(C)C)C(=O)N[C@@H](CC(C)C)C(=O)N(C)[C@@H]([C@@H](C)CC)C(=O)N(C)CCC1=O,0.89069402,ok
"PEPTIDE1{Pr_Gly.meL.meF.Mono84.Me_dA.meA.pentyl_Gly}$PEPTIDE1,PEPTIDE1,1:R1-7:R2$$$",CCCCCN1CC(=O)N(CCC)CC(=O)N(C)[C@@H](CC(C)C)C(=O)N(C)[C@@H](Cc2ccccc2)C(=O)NCCCCCCN[C@@H](C)C(=O)N(C)[C@H](C)C(=O)N(C)[C@@H](C)C1=O,0.73981082,ok
"PEPTIDE1{Me_dA.Me_Bal.dV.meL.L.dP.T}$PEPTIDE1,PEPTIDE1,1:R1-7:R2$$$",CC(C)C[C@@H]1NC(=O)[C@H](CC(C)C)N(C)C(=O)[C@@H](C(C)C)NC(=O)CCN(C)C(=O)[C@@H](C)N(C)C(=O)[C@H]([C@@H](C)O)NC(=O)[C@H]2CCCN2C1=O,0.71472847,ok
"PEPTIDE1{Me_dA.T.Me_dL.meL.V.meA.Me_dL}$PEPTIDE1,PEPTIDE1,1:R1-7:R2$$$",CC(C)C[C@@H]1C(=O)N(C)[C@@H](CC(C)C)C(=O)N[C@@H](C(C)C)C(=O)N(C)[C@@H](C)C(=O)N(C)[C@H](CC(C)C)C(=O)N(C)[C@H](C)C(=O)N[C@@H]([C@@H](C)O)C(=O)N1C,0.67086530,ok
"PEPTIDE1{P.meL.meI.meA.I.Me_dA.meL}$PEPTIDE1,PEPTIDE1,1:R1-7:R2$$$",CC[C@H](C)[C@@H]1NC(=O)[C@H](C)N(C)C(=O)[C@H]([C@@H](C)CC)N(C)C(=O)[C@H](CC(C)C)N(C)C(=O)[C@@H]2CCCN2C(=O)[C@H](CC(C)C)N(C)C(=O)[C@@H](C)N(C)C1=O,0.38065732,ok
"PEPTIDE1{Pr_Gly.Me_dA.meL.Mono34.Mono1.meL.Me_dNva}$PEPTIDE1,PEPTIDE1,1:R1-7:R2$$$",CCC[C@@H]1C(=O)N(CCC)CC(=O)N(C)[C@H](C)C(=O)N(C)[C@@H](CC(C)C)C(=O)N(CCCOC(C)C)CC(=O)N(Cc2ccc3c(c2)OCO3)CC(=O)N(C)[C@@H](CC(C)C)C(=O)N1C,0.91128516,ok
"PEPTIDE1{Mono6.Pr_Gly.dP.Me_dNva.Me_dAbu.Mono1.Asp_piperidide}$PEPTIDE1,PEPTIDE1,1:R1-7:R2$$$",CCC[C@@H]1C(=O)N(C)[C@H](CC)C(=O)N(Cc2ccc3c(c2)OCO3)CC(=O)N[C@H](C(=O)N2CCCCC2)CC(=O)N(C)CCCC(=O)N(CCC)CC(=O)N2CCC[C@@H]2C(=O)N1C,0.94838065,ok
"PEPTIDE1{meA.meS.L.meL.Me_dL.3Pal.Mono90}$PEPTIDE1,PEPTIDE1,1:R1-7:R2$$$",CC(C)C[C@@H]1NC(=O)[C@H](CO)N(C)C(=O)[C@H](C)N(C)C(=O)[C@H](Cc2ccccc2)NCCCCCCN(C)C(=O)[C@H](Cc2cccnc2)NC(=O)[C@@H](CC(C)C)N(C)C(=O)[C@H](CC(C)C)N(C)C1=O,0.80082363,ok
"PEPTIDE1{dV.meF.Asp_piperidide.Mono6.Mono12.Mono34.meS}$PEPTIDE1,PEPTIDE1,1:R1-7:R2$$$",CC(C)OCCCN1CC(=O)N(C)[C@@H](CO)C(=O)N[C@H](C(C)C)C(=O)N(C)[C@@H](Cc2ccccc2)C(=O)N[C@H](C(=O)N2CCCCC2)CC(=O)N(C)CCCC(=O)N[C@@H](Cc2cccc(CCCCC(=O)O)c2)C1=O,0.97212034,ok
"PEPTIDE1{meA.P.meL.meS.Asp_piperidide.dP.meL}$PEPTIDE1,PEPTIDE1,1:R1-7:R2$$$",CC(C)C[C@H]1C(=O)N(C)[C@@H](C)C(=O)N2CCC[C@H]2C(=O)N(C)[C@@H](CC(C)C)C(=O)N(C)[C@@H](CO)C(=O)N[C@H](C(=O)N2CCCCC2)CC(=O)N2CCC[C@@H]2C(=O)N1C,0.88638824,ok
"PEPTIDE1{Me_dA.meS.meA.Me_dL.Mono7.Me_dNva.Et_Gly}$PEPTIDE1,PEPTIDE1,1:R1-7:R2$$$",CCC[C@@H]1C(=O)N(CC)CC(=O)N(C)[C@H](C)C(=O)N(C)[C@@H](CO)C(=O)N(C)[C@@H](C)C(=O)N(C)[C@H](CC(C)C)C(=O)N[C@@H](C)CC(=O)N1C,0.64277792,ok
"PEPTIDE1{Pr_Gly.meL.Me_dA.dP.D.Mono7.Mono6}$PEPTIDE1,PEPTIDE1,1:R1-7:R2$$$",CCCN1CC(=O)N(C)[C@@H](CC(C)C)C(=O)N(C)[C@H](C)C(=O)N2CCC[C@@H]2C(=O)N[C@@H](CC(=O)O)C(=O)N[C@@H](C)CC(=O)N(C)CCCC1=O,0.77956146,ok
"PEPTIDE1{meL.dP.meS.Me_dA.Mono7.Pr_Gly.Me_dNva}$PEPTIDE1,PEPTIDE1,1:R1-7:R2$$$",CCC[C@@H]1C(=O)N(C)[C@@H](CC(C)C)C(=O)N2CCC[C@@H]2C(=O)N(C)[C@@H](CO)C(=O)N(C)[C@H](C)C(=O)N[C@@H](C)CC(=O)N(CCC)CC(=O)N1C,0.86801749,ok
"PEPTIDE1{Me_Bal.3Pal.meA.Mono34.Asp_piperidide.Pr_Gly.Mono7}$PEPTIDE1,PEPTIDE1,1:R1-7:R2$$$",CCCN1CC(=O)N[C@@H](C)CC(=O)N(C)CCC(=O)N[C@@H](Cc2cccnc2)C(=O)N(C)[C@@H](C)C(=O)N(CCCOC(C)C)CC(=O)N[C@H](C(=O)N2CCCCC2)CC1=O,0.87868804,ok
"PEPTIDE1{dV.dP.L.Mono1.Asp_piperidide.Me_dNva.meS}$PEPTIDE1,PEPTIDE1,1:R1-7:R2$$$",CCC[C@@H]1C(=O)N(C)[C@@H](CO)C(=O)N[C@H](C(C)C)C(=O)N2CCC[C@@H]2C(=O)N[C@@H](CC(C)C)C(=O)N(Cc2ccc3c(c2)OCO3)CC(=O)N[C@H](C(=O)N2CCCCC2)CC(=O)N1C,0.94196904,ok
"PEPTIDE1{meA.meS.meL.meS.dP.D.Mono7}$PEPTIDE1,PEPTIDE1,1:R1-7:R2$$$",CC(C)C[C@H]1C(=O)N(C)[C@@H](CO)C(=O)N2CCC[C@@H]2C(=O)N[C@@H](CC(=O)O)C(=O)N[C@@H](C)CC(=O)N(C)[C@@H](C)C(=O)N(C)[C@@H](CO)C(=O)N1C,0.90673065,ok
"PEPTIDE1{meL.meF.Me_dA.meL.meS.Mono7.Pr_Gly}$PEPTIDE1,PEPTIDE1,1:R1-7:R2$$$",CCCN1CC(=O)N(C)[C@@H](CC(C)C)C(=O)N(C)[C@@H](Cc2ccccc2)C(=O)N(C)[C@H](C)C(=O)N(C)[C@@H](CC(C)C)C(=O)N(C)[C@@H](CO)C(=O)N[C@@H](C)CC1=O,0.73665130,ok
"PEPTIDE1{meA.meS.Me_dA.meL.meS.meA.Mono34}$PEPTIDE1,PEPTIDE1,1:R1-7:R2$$$",CC(C)C[C@H]1C(=O)N(C)[C@@H](CO)C(=O)N(C)[C@@H](C)C(=O)N(CCCOC(C)C)CC(=O)N(C)[C@@H](C)C(=O)N(C)[C@@H](CO)C(=O)N(C)[C@H](C)C(=O)N1C,0.66476882,ok
"PEPTIDE1{A.T.G.V.Me_dL.meF.meL}$PEPTIDE1,PEPTIDE1,1:R1-7:R2$$$",CC(C)C[C@@H]1C(=O)N(C)[C@@H](Cc2ccccc2)C(=O)N(C)[C@@H](CC(C)C)C(=O)N[C@@H](C)C(=O)N[C@@H]([C@@H](C)O)C(=O)NCC(=O)N[C@@H](C(C)C)C(=O)N1C,0.83109325,ok
"PEPTIDE1{dV.meL.meL.Mono1.meA.dPye.Asp_piperidide}$PEPTIDE1,PEPTIDE1,1:R1-7:R2$$$",CC(C)C[C@H]1C(=O)N(C)[C@@H](CC(C)C)C(=O)N(Cc2ccc3c(c2)OCO3)CC(=O)N(C)[C@@H](C)C(=O)N[C@H](CCC(=O)N2CCCC2)C(=O)N[C@H](C(=O)N2CCCCC2)CC(=O)N[C@H](C(C)C)C(=O)N1C,0.56940269,ok
"PEPTIDE1{Me_Bal.Ala(5-Tet).T.Mono34.meS.Mono6.meL}$PEPTIDE1,PEPTIDE1,1:R1-7:R2$$$",CC(C)C[C@H]1C(=O)N(C)CCC(=O)N[C@@H](Cc2nnn[nH]2)C(=O)N[C@@H]([C@@H](C)O)C(=O)N(CCCOC(C)C)CC(=O)N(C)[C@@H](CO)C(=O)N(C)CCCC(=O)N1C,0.90587294,ok
"PEPTIDE1{dF.meF.meA.meL.Me_dA.meV.Me_dNva}$PEPTIDE1,PEPTIDE1,1:R1-7:R2$$$",CCC[C@@H]1C(=O)N[C@H](Cc2ccccc2)C(=O)N(C)[C@@H](Cc2ccccc2)C(=O)N(C)[C@@H](C)C(=O)N(C)[C@@H](CC(C)C)C(=O)N(C)[C@H](C)C(=O)N(C)[C@@H](C(C)C)C(=O)N1C,0.92634851,ok
"PEPTIDE1{A.Me_Phe(3-Cl).L.F.P.dP.Me_dA}$PEPTIDE1,PEPTIDE1,1:R1-7:R2$$$",CC(C)C[C@@H]1NC(=O)[C@H](Cc2cccc(Cl)c2)N(C)C(=O)[C@H](C)NC(=O)[C@@H](C)N(C)C(=O)[C@H]2CCCN2C(=O)[C@@H]2CCCN2C(=O)[C@H](Cc2ccccc2)NC1=O,0.82610977,ok
"PEPTIDE1{Me_Bal.Me_Nle.Nle.pentyl_Gly.P.cHexCH2_Gly.Mono100}$PEPTIDE1,PEPTIDE1,1:R1-7:R2$$$",CCCCCN1CC(=O)N2CCC[C@H]2C(=O)N(CC2CCCCC2)CC(=O)N[C@H](C(=O)NC)CSCC(=O)N(C)CCC(=O)N(C)[C@@H](CCCC)C(=O)N[C@@H](CCCC)C1=O,0.92892450,ok
"PEPTIDE1{Mono6.meI.Me_dNva.Mono1.Asp_piperidide.meS.meF}$PEPTIDE1,PEPTIDE1,1:R1-7:R2$$$",CCC[C@@H]1C(=O)N(Cc2ccc3c(c2)OCO3)CC(=O)N[C@H](C(=O)N2CCCCC2)CC(=O)N(C)[C@@H](CO)C(=O)N(C)[C@@H](Cc2ccccc2)C(=O)N(C)CCCC(=O)N(C)[C@@H]([C@@H](C)CC)C(=O)N1C,0.92014259,ok
"PEPTIDE1{Pr_Gly.meL.L.Me_Abu.Asp_piperidide.Mono78.F}$PEPTIDE1,PEPTIDE1,1:R1-7:R2$$$",CCCN1CC(=O)N(C)[C@@H](CC(C)C)C(=O)N[C@@H](CC(C)C)C(=O)N(C)[C@@H](CC)C(=O)N[C@H](C(=O)N2CCCCC2)CC(=O)NCCCCCCN[C@@H](Cc2ccccc2)C(=O)N[C@@H](Cc2ccccc2)C1=O,0.93374270,ok
"PEPTIDE1{meA.Me_dA.Mono7.Asp_piperidide.L.Mono1.meL}$PEPTIDE1,PEPTIDE1,1:R1-7:R2$$$",CC(C)C[C@@H]1NC(=O)C[C@@H](C(=O)N2CCCCC2)NC(=O)C[C@H](C)NC(=O)[C@@H](C)N(C)C(=O)[C@H](C)N(C)C(=O)[C@H](CC(C)C)N(C)C(=O)CN(Cc2ccc3c(c2)OCO3)C1=O,0.31573936,ok
"PEPTIDE1{Me_dA.V.R.Ser(tBu).meI.P.T}$PEPTIDE1,PEPTIDE1,1:R1-7:R2$$$",CC[C@H](C)[C@H]1C(=O)N2CCC[C@H]2C(=O)N[C@@H]([C@@H](C)O)C(=O)N(C)[C@H](C)C(=O)N[C@@H](C(C)C)C(=O)N[C@@H](CCCNC(=N)N)C(=O)N[C@@H](COC(C)(C)C)C(=O)N1C,0.66674548,ok
"PEPTIDE1{F.meA.I.T.Sar.Mono34.L}$PEPTIDE1,PEPTIDE1,1:R1-7:R2$$$",CC[C@H](C)[C@@H]1NC(=O)[C@H](C)N(C)C(=O)[C@H](Cc2ccccc2)NC(=O)[C@H](CC(C)C)NC(=O)CN(CCCOC(C)C)C(=O)CN(C)C(=O)[C@H]([C@@H](C)O)NC1=O,0.85949486,ok
"PEPTIDE1{meA.meL.meS.Me_dA.meS.meL.Me_dNva}$PEPTIDE1,PEPTIDE1,1:R1-7:R2$$$",CCC[C@@H]1C(=O)N(C)[C@@H](C)C(=O)N(C)[C@@H](CC(C)C)C(=O)N(C)[C@@H](CO)C(=O)N(C)[C@H](C)C(=O)N(C)[C@@H](CO)C(=O)N(C)[C@@H](CC(C)C)C(=O)N1C,0.56897426,ok
"PEPTIDE1{F.meA.Mono34.Me_dA.dA.Me_dA.Aib}$PEPTIDE1,PEPTIDE1,1:R1-7:R2$$$",CC(C)OCCCN1CC(=O)N(C)[C@H](C)C(=O)N[C@H](C)C(=O)N(C)[C@H](C)C(=O)NC(C)(C)C(=O)N[C@@H](Cc2ccccc2)C(=O)N(C)[C@@H](C)C1=O,0.38123930,ok
"PEPTIDE1{dF.Asp_piperidide.D.Mono7.L.meL.Mono10}$PEPTIDE1,PEPTIDE1,1:R1-7:R2$$$",C=C(CCC(=O)O)c1cccc(C[C@@H]2NC(=O)[C@H](CC(C)C)N(C)C(=O)[C@H](CC(C)C)NC(=O)C[C@H](C)NC(=O)[C@H](CC(=O)O)NC(=O)C[C@@H](C(=O)N3CCCCC3)NC(=O)[C@@H](Cc3ccccc3)NC2=O)c1,0.78314352,ok
"PEPTIDE1{Pr_Gly.meL.Asp_piperidide.Mono6.Me_dA.Me_dNva.Me_Nle}$PEPTIDE1,PEPTIDE1,1:R1-7:R2$$$",CCCC[C@H]1C(=O)N(CCC)CC(=O)N(C)[C@@H](CC(C)C)C(=O)N[C@H](C(=O)N2CCCCC2)CC(=O)N(C)CCCC(=O)N(C)[C@H](C)C(=O)N(C)[C@H](CCC)C(=O)N1C,0.95949209,ok
"PEPTIDE1{Pr_Gly.Me_dA.Sar.Mono1.Mono34.dP.Mono7}$PEPTIDE1,PEPTIDE1,1:R1-7:R2$$$",CCCN1CC(=O)N(C)[C@H](C)C(=O)N(C)CC(=O)N(Cc2ccc3c(c2)OCO3)CC(=O)N(CCCOC(C)C)CC(=O)N2CCC[C@@H]2C(=O)N[C@@H](C)CC1=O,0.80054915,ok
"PEPTIDE1{Mono6.meA.meS.L.Me_dNva.Me_dAbu.Mono7}$PEPTIDE1,PEPTIDE1,1:R1-7:R2$$$",CCC[C@@H]1C(=O)N(C)[C@H](CC)C(=O)N[C@@H](C)CC(=O)N(C)CCCC(=O)N(C)[C@@H](C)C(=O)N(C)[C@@H](CO)C(=O)N[C@@H](CC(C)C)C(=O)N1C,0.62009090,ok
"PEPTIDE1{meA.P.Asp_piperidide.Pr_Gly.Me_Nle.dL.meI}$PEPTIDE1,PEPTIDE1,1:R1-7:R2$$$",CCCC[C@H]1C(=O)N[C@H](CC(C)C)C(=O)N(C)[C@@H]([C@@H](C)CC)C(=O)N(C)[C@@H](C)C(=O)N2CCC[C@H]2C(=O)N[C@H](C(=O)N2CCCCC2)CC(=O)N(CCC)CC(=O)N1C,0.94339025,ok
"PEPTIDE1{Me_dA.meA.meF.L.meS.Mono7.Mono1}$PEPTIDE1,PEPTIDE1,1:R1-7:R2$$$",CC(C)C[C@@H]1NC(=O)[C@H](Cc2ccccc2)N(C)C(=O)[C@H](C)N(C)C(=O)[C@@H](C)N(C)C(=O)CN(Cc2ccc3c(c2)OCO3)C(=O)C[C@H](C)NC(=O)[C@H](CO)N(C)C1=O,0.72720730,ok
"PEPTIDE1{P.L.meI.T.Mono1.Me_dL.meL}$PEPTIDE1,PEPTIDE1,1:R1-7:R2$$$",CC[C@H](C)[C@H]1C(=O)N[C@@H]([C@@H](C)O)C(=O)N(Cc2ccc3c(c2)OCO3)CC(=O)N(C)[C@H](CC(C)C)C(=O)N(C)[C@@H](CC(C)C)C(=O)N2CCC[C@H]2C(=O)N[C@@H](CC(C)C)C(=O)N1C,0.85049754,ok
"PEPTIDE1{Me_dA.Me_Bal.dV.Sar.T.meI.dP}$PEPTIDE1,PEPTIDE1,1:R1-7:R2$$$",CC[C@H](C)[C@H]1C(=O)N2CCC[C@@H]2C(=O)N(C)[C@H](C)C(=O)N(C)CCC(=O)N[C@H](C(C)C)C(=O)N(C)CC(=O)N[C@@H]([C@@H](C)O)C(=O)N1C,0.76687831,ok
"PEPTIDE1{meA.Me_dA.Me_dAbu.Mono34.Asp_piperidide.Mono1.Mono90}$PEPTIDE1,PEPTIDE1,1:R1-7:R2$$$",CC[C@@H]1C(=O)N(CCCOC(C)C)CC(=O)N[C@H](C(=O)N2CCCCC2)CC(=O)N(Cc2ccc3c(c2)OCO3)CC(=O)N(C)CCCCCCN[C@@H](Cc2ccccc2)C(=O)N(C)[C@@H](C)C(=O)N(C)[C@H](C)C(=O)N1C,0.79333329,ok
"PEPTIDE1{F.meA.meL.dA.meS.Pr_Gly.A}$PEPTIDE1,PEPTIDE1,1:R1-7:R2$$$",CCCN1CC(=O)N[C@@H](C)C(=O)N[C@@H](Cc2ccccc2)C(=O)N(C)[C@@H](C)C(=O)N(C)[C@@H](CC(C)C)C(=O)N[C@H](C)C(=O)N(C)[C@@H](CO)C1=O,0.80802202,ok
"PEPTIDE1{P.Me_dL.T.meA.Mono90.meL.Me_dA}$PEPTIDE1,PEPTIDE1,1:R1-7:R2$$$",CC(C)C[C@@H]1C(=O)N[C@@H]([C@@H](C)O)C(=O)N(C)[C@@H](C)C(=O)N(C)CCCCCCN[C@@H](Cc2ccccc2)C(=O)N(C)[C@@H](CC(C)C)C(=O)N(C)[C@H](C)C(=O)N2CCC[C@H]2C(=O)N1C,0.82545364,ok
"PEPTIDE1{Mono6.Me_Bal.Pr_Gly.dV.Me_dA.Mono34.T}$PEPTIDE1,PEPTIDE1,1:R1-7:R2$$$",CCCN1CC(=O)N[C@H](C(C)C)C(=O)N(C)[C@H](C)C(=O)N(CCCOC(C)C)CC(=O)N[C@@H]([C@@H](C)O)C(=O)N(C)CCCC(=O)N(C)CCC1=O,0.93598264,ok
"PEPTIDE1{Me_dA.Me_dA.meS.dP.Pr_Gly.meL.meA}$PEPTIDE1,PEPTIDE1,1:R1-7:R2$$$",CCCN1CC(=O)N(C)[C@@H](CC(C)C)C(=O)N(C)[C@@H](C)C(=O)N(C)[C@H](C)C(=O)N(C)[C@H](C)C(=O)N(C)[C@@H](CO)C(=O)N2CCC[C@@H]2C1=O,0.38076338,ok
"PEPTIDE1{Me_dA.meL.L.Me_dAbu.Mono6.Mono1.Asp_piperidide}$PEPTIDE1,PEPTIDE1,1:R1-7:R2$$$",CC[C@@H]1C(=O)N(C)CCCC(=O)N(Cc2ccc3c(c2)OCO3)CC(=O)N[C@H](C(=O)N2CCCCC2)CC(=O)N(C)[C@H](C)C(=O)N(C)[C@@H](CC(C)C)C(=O)N[C@@H](CC(C)C)C(=O)N1C,0.91333723,ok
"PEPTIDE1{meL.Me_Nle.dP.Me_dNva.Pr_Gly.meA.Et_Gly}$PEPTIDE1,PEPTIDE1,1:R1-7:R2$$$",CCCC[C@H]1C(=O)N2CCC[C@@H]2C(=O)N(C)[C@H](CCC)C(=O)N(CCC)CC(=O)N(C)[C@@H](C)C(=O)N(CC)CC(=O)N(C)[C@@H](CC(C)C)C(=O)N1C,0.88484496,ok
"PEPTIDE1{Me_dA.L.meL.F.Mono78.dP.A}$PEPTIDE1,PEPTIDE1,1:R1-7:R2$$$",CC(C)C[C@@H]1NC(=O)[C@@H](C)N(C)C(=O)[C@H](C)NC(=O)[C@H]2CCCN2C(=O)[C@H](Cc2ccccc2)NCCCCCCNC(=O)[C@H](Cc2ccccc2)NC(=O)[C@H](CC(C)C)N(C)C1=O,0.78150451,ok
"PEPTIDE1{dV.meA.Pr_Gly.Me_dNva.dP.Mono6.Asp_piperidide}$PEPTIDE1,PEPTIDE1,1:R1-7:R2$$$",CCC[C@@H]1C(=O)N2CCC[C@@H]2C(=O)N(C)CCCC(=O)N[C@H](C(=O)N2CCCCC2)CC(=O)N[C@H](C(C)C)C(=O)N(C)[C@@H](C)C(=O)N(CCC)CC(=O)N1C,0.92120069,ok
"PEPTIDE1{Mono6.meF.Mono12.Me_Bal.Mono34.Me_dL.Mono10}$PEPTIDE1,PEPTIDE1,1:R1-7:R2$$$",C=C(CCC(=O)O)c1cccc(C[C@@H]2NC(=O)[C@@H](CC(C)C)N(C)C(=O)CN(CCCOC(C)C)C(=O)CCN(C)C(=O)[C@H](Cc3cccc(CCCCC(=O)O)c3)NC(=O)[C@H](Cc3ccccc3)N(C)C(=O)CCCN(C)C2=O)c1,0.79350340,ok
"PEPTIDE1{dF.dP.meA.Mono7.Mono34.Me_dNva.meS}$PEPTIDE1,PEPTIDE1,1:R1-7:R2$$$",CCC[C@@H]1C(=O)N(C)[C@@H](CO)C(=O)N[C@H](Cc2ccccc2)C(=O)N2CCC[C@@H]2C(=O)N(C)[C@@H](C)C(=O)N[C@@H](C)CC(=O)N(CCCOC(C)C)CC(=O)N1C,0.93042916,ok
"PEPTIDE1{meA.Me_dAbu.meL.meF.Me_dA.Mono6.Mono9}$PEPTIDE1,PEPTIDE1,1:R1-7:R2$$$",C=C(CCC(=O)O)c1ccc(C[C@@H]2NC(=O)CCCN(C)C(=O)[C@@H](C)N(C)C(=O)[C@H](Cc3ccccc3)N(C)C(=O)[C@H](CC(C)C)N(C)C(=O)[C@@H](CC)N(C)C(=O)[C@H](C)N(C)C2=O)cc1,0.58823013,ok
"PEPTIDE1{meF.dV.Sar.meL.Mono34.P.Et_Gly}$PEPTIDE1,PEPTIDE1,1:R1-7:R2$$$",CCN1CC(=O)N(C)[C@@H](Cc2ccccc2)C(=O)N[C@H](C(C)C)C(=O)N(C)CC(=O)N(C)[C@@H](CC(C)C)C(=O)N(CCCOC(C)C)CC(=O)N2CCC[C@H]2C1=O,0.86336589,ok
"PEPTIDE1{Me_Bal.meL.meL.Mono90.meA.G.Mono2}$PEPTIDE1,PEPTIDE1,1:R1-7:R2$$$",CC(C)C[C@H]1C(=O)N(C)[C@@H](CC(C)C)C(=O)N(C)CCCCCCN[C@@H](Cc2ccccc2)C(=O)N(C)[C@@H](C)C(=O)NCC(=O)N2CC[C@H](C)[C@H]2C(=O)N(C)CCC(=O)N1C,0.77053154,ok
"PEPTIDE1{dF.meS.Ala(5-Tet).meS.meF.L.meL}$PEPTIDE1,PEPTIDE1,1:R1-7:R2$$$",CC(C)C[C@@H]1NC(=O)[C@H](Cc2ccccc2)N(C)C(=O)[C@H](CO)N(C)C(=O)[C@H](Cc2nnn[nH]2)NC(=O)[C@H](CO)N(C)C(=O)[C@@H](Cc2ccccc2)NC(=O)[C@H](CC(C)C)N(C)C1=O,0.67981637,ok
"PEPTIDE1{Me_Bal.A.I.meL.Mono6.meV.Me_dL}$PEPTIDE1,PEPTIDE1,1:R1-7:R2$$$",CC[C@H](C)[C@@H]1NC(=O)[C@H](C)NC(=O)CCN(C)C(=O)[C@@H](CC(C)C)N(C)C(=O)[C@H](C(C)C)N(C)C(=O)CCCN(C)C(=O)[C@H](CC(C)C)N(C)C1=O,0.55854863,ok
"PEPTIDE1{Mono6.L.meS.Me_dL.meA.dP.meL}$PEPTIDE1,PEPTIDE1,1:R1-7:R2$$$",CC(C)C[C@@H]1NC(=O)CCCN(C)C(=O)[C@H](CC(C)C)N(C)C(=O)[C@H]2CCCN2C(=O)[C@H](C)N(C)C(=O)[C@@H](CC(C)C)N(C)C(=O)[C@H](CO)N(C)C1=O,0.57061672,ok
"PEPTIDE1{Me_dA.meL.meS.meA.L.meS.Mono9}$PEPTIDE1,PEPTIDE1,1:R1-7:R2$$$",C=C(CCC(=O)O)c1ccc(C[C@@H]2NC(=O)[C@H](CO)N(C)C(=O)[C@H](CC(C)C)NC(=O)[C@H](C)N(C)C(=O)[C@H](CO)N(C)C(=O)[C@H](CC(C)C)N(C)C(=O)[C@@H](C)N(C)C2=O)cc1,0.78457320,ok
"PEPTIDE1{Mono6.Mono34.meL.Mono1.meA.meL.Mono10}$PEPTIDE1,PEPTIDE1,1:R1-7:R2$$$",C=C(CCC(=O)O)c1cccc(C[C@@H]2NC(=O)[C@H](CC(C)C)N(C)C(=O)[C@H](C)N(C)C(=O)CN(Cc3ccc4c(c3)OCO4)C(=O)[C@H](CC(C)C)N(C)C(=O)CN(CCCOC(C)C)C(=O)CCCN(C)C2=O)c1,0.61658674,ok
"PEPTIDE1{F.meL.Mono1.Mono6.L.dPye.Mono7}$PEPTIDE1,PEPTIDE1,1:R1-7:R2$$$",CC(C)C[C@@H]1NC(=O)CCCN(C)C(=O)CN(Cc2ccc3c(c2)OCO3)C(=O)[C@H](CC(C)C)N(C)C(=O)[C@H](Cc2ccccc2)NC(=O)C[C@H](C)NC(=O)[C@@H](CCC(=O)N2CCCC2)NC1=O,0.88703555,ok
"PEPTIDE1{dA.L.Me_dL.G.Pr_Gly.meL.meA}$PEPTIDE1,PEPTIDE1,1:R1-7:R2$$$",CCCN1CC(=O)N(C)[C@@H](CC(C)C)C(=O)N(C)[C@@H](C)C(=O)N[C@H](C)C(=O)N[C@@H](CC(C)C)C(=O)N(C)[C@H](CC(C)C)C(=O)NCC1=O,0.74995059,ok
"PEPTIDE1{L.meS.T.meA.Me_dA.Mono6.Mono7}$PEPTIDE1,PEPTIDE1,1:R1-7:R2$$$",CC(C)C[C@@H]1NC(=O)C[C@H](C)NC(=O)CCCN(C)C(=O)[C@@H](C)N(C)C(=O)[C@H](C)N(C)C(=O)[C@H]([C@@H](C)O)NC(=O)[C@H](CO)N(C)C1=O,0.74543417,ok
"PEPTIDE1{dV.Me_dAbu.L.meI.dP.meS.F}$PEPTIDE1,PEPTIDE1,1:R1-7:R2$$$",CC[C@@H]1C(=O)N[C@@H](CC(C)C)C(=O)N(C)[C@@H]([C@@H](C)CC)C(=O)N2CCC[C@@H]2C(=O)N(C)[C@@H](CO)C(=O)N[C@@H](Cc2ccccc2)C(=O)N[C@H](C(C)C)C(=O)N1C,0.94796044,ok
"PEPTIDE1{Me_dA.meA.meL.Me_dNva.Me_dA.dP.Mono34}$PEPTIDE1,PEPTIDE1,1:R1-7:R2$$$",CCC[C@@H]1C(=O)N(C)[C@H](C)C(=O)N2CCC[C@@H]2C(=O)N(CCCOC(C)C)CC(=O)N(C)[C@H](C)C(=O)N(C)[C@@H](C)C(=O)N(C)[C@@H](CC(C)C)C(=O)N1C,0.34928578,ok
"PEPTIDE1{dV.Me_dA.meS.meS.meA.Me_dL.Asp_piperidide}$PEPTIDE1,PEPTIDE1,1:R1-7:R2$$$",CC(C)C[C@@H]1C(=O)N[C@H](C(=O)N2CCCCC2)CC(=O)N[C@H](C(C)C)C(=O)N(C)[C@H](C)C(=O)N(C)[C@@H](CO)C(=O)N(C)[C@@H](CO)C(=O)N(C)[C@@H](C)C(=O)N1C,0.56795114,ok
"PEPTIDE1{meA.Pr_Gly.dP.meL.P.Et_Gly.T}$PEPTIDE1,PEPTIDE1,1:R1-7:R2$$$",CCCN1CC(=O)N2CCC[C@@H]2C(=O)N(C)[C@@H](CC(C)C)C(=O)N2CCC[C@H]2C(=O)N(CC)CC(=O)N[C@@H]([C@@H](C)O)C(=O)N(C)[C@@H](C)C1=O,0.94209439,ok
"PEPTIDE1{A.Sar.meL.Mono7.meL.Mono34.meA}$PEPTIDE1,PEPTIDE1,1:R1-7:R2$$$",CC(C)C[C@H]1C(=O)N[C@@H](C)CC(=O)N(C)[C@@H](CC(C)C)C(=O)N(CCCOC(C)C)CC(=O)N(C)[C@@H](C)C(=O)N[C@@H](C)C(=O)N(C)CC(=O)N1C,0.79981709,ok
"PEPTIDE1{meL.meF.meA.dP.meL.Mono7.Mono34}$PEPTIDE1,PEPTIDE1,1:R1-7:R2$$$",CC(C)C[C@H]1C(=O)N(C)[C@@H](Cc2ccccc2)C(=O)N(C)[C@@H](C)C(=O)N2CCC[C@@H]2C(=O)N(C)[C@@H](CC(C)C)C(=O)N[C@@H](C)CC(=O)N(CCCOC(C)C)CC(=O)N1C,0.82793003,ok
"PEPTIDE1{meL.Pr_Gly.meL.Mono6.Asp_piperidide.Mono7.Me_dA}$PEPTIDE1,PEPTIDE1,1:R1-7:R2$$$",CCCN1CC(=O)N(C)[C@@H](CC(C)C)C(=O)N(C)CCCC(=O)N[C@H](C(=O)N2CCCCC2)CC(=O)N[C@@H](C)CC(=O)N(C)[C@H](C)C(=O)N(C)[C@@H](CC(C)C)C1=O,0.57976288,ok
"PEPTIDE1{meA.meL.Me_dL.Mono7.Mono6.meS.meS}$PEPTIDE1,PEPTIDE1,1:R1-7:R2$$$",CC(C)C[C@@H]1C(=O)N[C@@H](C)CC(=O)N(C)CCCC(=O)N(C)[C@@H](CO)C(=O)N(C)[C@@H](CO)C(=O)N(C)[C@@H](C)C(=O)N(C)[C@@H](CC(C)C)C(=O)N1C,0.70850837,ok
"PEPTIDE1{Pr_Gly.meL.meS.Me_dA.Mono34.L.Mono6}$PEPTIDE1,PEPTIDE1,1:R1-7:R2$$$",CCCN1CC(=O)N(C)[C@@H](CC(C)C)C(=O)N(C)[C@@H](CO)C(=O)N(C)[C@H](C)C(=O)N(CCCOC(C)C)CC(=O)N[C@@H](CC(C)C)C(=O)N(C)CCCC1=O,0.78473490,ok
"PEPTIDE1{meA.dP.Me_Bal.Mono78.dL.Me_dA.Mono34}$PEPTIDE1,PEPTIDE1,1:R1-7:R2$$$",CC(C)C[C@H]1NC(=O)[C@H](Cc2ccccc2)NCCCCCCNC(=O)CCN(C)C(=O)[C@H]2CCCN2C(=O)[C@H](C)N(C)C(=O)CN(CCCOC(C)C)C(=O)[C@@H](C)N(C)C1=O,0.86172545,ok
"PEPTIDE1{Pr_Gly.meA.F.dL.Sar.Et_Gly.Mono34}$PEPTIDE1,PEPTIDE1,1:R1-7:R2$$$",CCCN1CC(=O)N(C)[C@@H](C)C(=O)N[C@@H](Cc2ccccc2)C(=O)N[C@H](CC(C)C)C(=O)N(C)CC(=O)N(CC)CC(=O)N(CCCOC(C)C)CC1=O,0.87004864,ok
"PEPTIDE1{Me_dA.P.Pr_Gly.Phe(4-CF3).F.meI.Mono12}$PEPTIDE1,PEPTIDE1,1:R1-7:R2$$$",CCCN1CC(=O)N[C@@H](Cc2ccc(C(F)(F)F)cc2)C(=O)N[C@@H](Cc2ccccc2)C(=O)N(C)[C@@H]([C@@H](C)CC)C(=O)N[C@@H](Cc2cccc(CCCCC(=O)O)c2)C(=O)N(C)[C@H](C)C(=O)N2CCC[C@H]2C1=O,0.89732397,ok
"PEPTIDE1{meL.dP.Me_dNva.Mono34.Me_dA.P.Mono1}$PEPTIDE1,PEPTIDE1,1:R1-7:R2$$$",CCC[C@@H]1C(=O)N(CCCOC(C)C)CC(=O)N(C)[C@H](C)C(=O)N2CCC[C@H]2C(=O)N(Cc2ccc3c(c2)OCO3)CC(=O)N(C)[C@@H](CC(C)C)C(=O)N2CCC[C@@H]2C(=O)N1C,0.94655299,ok
"PEPTIDE1{L.Me_dA.Me_dL.Me_Nle.meA.P.dP}$PEPTIDE1,PEPTIDE1,1:R1-7:R2$$$",CCCC[C@H]1C(=O)N(C)[C@@H](C)C(=O)N2CCC[C@H]2C(=O)N2CCC[C@@H]2C(=O)N[C@@H](CC(C)C)C(=O)N(C)[C@H](C)C(=O)N(C)[C@H](CC(C)C)C(=O)N1C,0.50491172,ok
"PEPTIDE1{Mono6.L.T.Mono7.dP.Pr_Gly.meA}$PEPTIDE1,PEPTIDE1,1:R1-7:R2$$$",CCCN1CC(=O)N(C)[C@@H](C)C(=O)N(C)CCCC(=O)N[C@@H](CC(C)C)C(=O)N[C@@H]([C@@H](C)O)C(=O)N[C@@H](C)CC(=O)N2CCC[C@@H]2C1=O,0.92866379,ok
"PEPTIDE1{dV.Me_dL.P.Mono6.Me_dNva.Me_dAbu.meL}$PEPTIDE1,PEPTIDE1,1:R1-7:R2$$$",CCC[C@@H]1C(=O)N(C)[C@H](CC)C(=O)N(C)[C@@H](CC(C)C)C(=O)N[C@H](C(C)C)C(=O)N(C)[C@H](CC(C)C)C(=O)N2CCC[C@H]2C(=O)N(C)CCCC(=O)N1C,0.85938060,ok
"PEPTIDE1{dA.meL.meA.meF.meS.Sar.meA}$PEPTIDE1,PEPTIDE1,1:R1-7:R2$$$",CC(C)C[C@H]1C(=O)N(C)[C@@H](C)C(=O)N(C)[C@@H](Cc2ccccc2)C(=O)N(C)[C@@H](CO)C(=O)N(C)CC(=O)N(C)[C@@H](C)C(=O)N[C@H](C)C(=O)N1C,0.64213967,ok
"PEPTIDE1{meL.meA.Me_dA.meL.Me_dNva.Me_Abu.meS}$PEPTIDE1,PEPTIDE1,1:R1-7:R2$$$",CCC[C@@H]1C(=O)N(C)[C@@H](CC)C(=O)N(C)[C@@H](CO)C(=O)N(C)[C@@H](CC(C)C)C(=O)N(C)[C@@H](C)C(=O)N(C)[C@H](C)C(=O)N(C)[C@@H](CC(C)C)C(=O)N1C,0.47392216,ok
"PEPTIDE1{dP.meA.meL.meI.meL.meV.Ser(tBu)}$PEPTIDE1,PEPTIDE1,1:R1-7:R2$$$",CC[C@H](C)[C@H]1C(=O)N(C)[C@@H](CC(C)C)C(=O)N(C)[C@@H](C(C)C)C(=O)N[C@@H](COC(C)(C)C)C(=O)N2CCC[C@@H]2C(=O)N(C)[C@@H](C)C(=O)N(C)[C@@H](CC(C)C)C(=O)N1C,0.72837216,ok
"PEPTIDE1{Me_dA.meA.dP.Me_Abu.meL.Me_dNva.Pr_Gly}$PEPTIDE1,PEPTIDE1,1:R1-7:R2$$$",CCC[C@@H]1C(=O)N(CCC)CC(=O)N(C)[C@H](C)C(=O)N(C)[C@@H](C)C(=O)N2CCC[C@@H]2C(=O)N(C)[C@@H](CC)C(=O)N(C)[C@@H](CC(C)C)C(=O)N1C,0.61546898,ok
"PEPTIDE1{meA.meL.dP.Me_dA.Me_Nle.Mono6.Asp_piperidide}$PEPTIDE1,PEPTIDE1,1:R1-7:R2$$$",CCCC[C@H]1C(=O)N(C)CCCC(=O)N[C@H](C(=O)N2CCCCC2)CC(=O)N(C)[C@@H](C)C(=O)N(C)[C@@H](CC(C)C)C(=O)N2CCC[C@@H]2C(=O)N(C)[C@H](C)C(=O)N1C,0.81712240,ok
"PEPTIDE1{meA.P.T.meL.G.Mono78.dP}$PEPTIDE1,PEPTIDE1,1:R1-7:R2$$$",CC(C)C[C@H]1C(=O)NCC(=O)NCCCCCCN[C@@H](Cc2ccccc2)C(=O)N2CCC[C@@H]2C(=O)N(C)[C@@H](C)C(=O)N2CCC[C@H]2C(=O)N[C@@H]([C@@H](C)O)C(=O)N1C,0.98136950,ok
"PEPTIDE1{dF.meL.meA.Me_dA.Me_dNva.meS.meL}$PEPTIDE1,PEPTIDE1,1:R1-7:R2$$$",CCC[C@@H]1C(=O)N(C)[C@@H](CO)C(=O)N(C)[C@@H](CC(C)C)C(=O)N[C@H](Cc2ccccc2)C(=O)N(C)[C@@H](CC(C)C)C(=O)N(C)[C@@H](C)C(=O)N(C)[C@H](C)C(=O)N1C,0.46700329,ok
"PEPTIDE1{dP.Me_dL.meL.G.V.meL.Mono90}$PEPTIDE1,PEPTIDE1,1:R1-7:R2$$$",CC(C)C[C@@H]1C(=O)N(C)[C@@H](CC(C)C)C(=O)NCC(=O)N[C@@H](C(C)C)C(=O)N(C)[C@@H](CC(C)C)C(=O)N(C)CCCCCCN[C@@H](Cc2ccccc2)C(=O)N2CCC[C@@H]2C(=O)N1C,0.92281634,ok
"PEPTIDE1{Me_dA.Me_dL.meL.meL.Me_dAbu.Me_Abu.meA}$PEPTIDE1,PEPTIDE1,1:R1-7:R2$$$",CC[C@@H]1C(=O)N(C)[C@@H](CC)C(=O)N(C)[C@@H](C)C(=O)N(C)[C@H](C)C(=O)N(C)[C@H](CC(C)C)C(=O)N(C)[C@@H](CC(C)C)C(=O)N(C)[C@@H](CC(C)C)C(=O)N1C,0.62501615,ok
"PEPTIDE1{Pr_Gly.L.meF.dP.meS.Me_dA.Asp_piperidide}$PEPTIDE1,PEPTIDE1,1:R1-7:R2$$$",CCCN1CC(=O)N[C@@H](CC(C)C)C(=O)N(C)[C@@H](Cc2ccccc2)C(=O)N2CCC[C@@H]2C(=O)N(C)[C@@H](CO)C(=O)N(C)[C@H](C)C(=O)N[C@H](C(=O)N2CCCCC2)CC1=O,0.94460946,ok
"PEPTIDE1{dF.L.Me_dA.dPye.meA.Mono6.Mono10}$PEPTIDE1,PEPTIDE1,1:R1-7:R2$$$",C=C(CCC(=O)O)c1cccc(C[C@@H]2NC(=O)CCCN(C)C(=O)[C@H](C)N(C)C(=O)[C@@H](CCC(=O)N3CCCC3)NC(=O)[C@@H](C)N(C)C(=O)[C@H](CC(C)C)NC(=O)[C@@H](Cc3ccccc3)NC2=O)c1,0.88606149,ok
"PEPTIDE1{Mono6.meL.P.Me_dL.meL.Mono7.dP}$PEPTIDE1,PEPTIDE1,1:R1-7:R2$$$",CC(C)C[C@@H]1C(=O)N(C)[C@@H](CC(C)C)C(=O)N[C@@H](C)CC(=O)N2CCC[C@@H]2C(=O)N(C)CCCC(=O)N(C)[C@@H](CC(C)C)C(=O)N2CCC[C@H]2C(=O)N1C,0.91171503,ok
"PEPTIDE1{P.pentyl_Gly.Me_dL.F.T.meS.Me_dNva}$PEPTIDE1,PEPTIDE1,1:R1-7:R2$$$",CCCCCN1CC(=O)N(C)[C@H](CC(C)C)C(=O)N[C@@H](Cc2ccccc2)C(=O)N[C@@H]([C@@H](C)O)C(=O)N(C)[C@@H](CO)C(=O)N(C)[C@H](CCC)C(=O)N2CCC[C@H]2C1=O,0.95679092,ok
"PEPTIDE1{L.meA.T.Me_dNva.meS.Me_dA.Mono6}$PEPTIDE1,PEPTIDE1,1:R1-7:R2$$$",CCC[C@@H]1C(=O)N(C)[C@@H](CO)C(=O)N(C)[C@H](C)C(=O)N(C)CCCC(=O)N[C@@H](CC(C)C)C(=O)N(C)[C@@H](C)C(=O)N[C@@H]([C@@H](C)O)C(=O)N1C,0.87400091,ok
"PEPTIDE1{F.L.P.meL.Me_Bal.meA.Mono1}$PEPTIDE1,PEPTIDE1,1:R1-7:R2$$$",CC(C)C[C@@H]1NC(=O)[C@H](Cc2ccccc2)NC(=O)CN(Cc2ccc3c(c2)OCO3)C(=O)[C@H](C)N(C)C(=O)CCN(C)C(=O)[C@H](CC(C)C)N(C)C(=O)[C@@H]2CCCN2C1=O,0.64797634,ok
"PEPTIDE1{meL.meA.meS.meL.Mono6.Me_Nle.meS}$PEPTIDE1,PEPTIDE1,1:R1-7:R2$$$",CCCC[C@H]1C(=O)N(C)[C@@H](CO)C(=O)N(C)[C@@H](CC(C)C)C(=O)N(C)[C@@H](C)C(=O)N(C)[C@@H](CO)C(=O)N(C)[C@@H](CC(C)C)C(=O)N(C)CCCC(=O)N1C,0.70763415,ok
"PEPTIDE1{Pr_Gly.meL.meS.Mono7.Asp_piperidide.dP.meL}$PEPTIDE1,PEPTIDE1,1:R1-7:R2$$$",CCCN1CC(=O)N(C)[C@@H](CC(C)C)C(=O)N(C)[C@@H](CO)C(=O)N[C@@H](C)CC(=O)N[C@H](C(=O)N2CCCCC2)CC(=O)N2CCC[C@@H]2C(=O)N(C)[C@@H](CC(C)C)C1=O,0.96454698,ok
"PEPTIDE1{meL.meA.dP.Me_dA.Mono6.Me_dA.Me_dAbu}$PEPTIDE1,PEPTIDE1,1:R1-7:R2$$$",CC[C@@H]1C(=O)N(C)[C@@H](CC(C)C)C(=O)N(C)[C@@H](C)C(=O)N2CCC[C@@H]2C(=O)N(C)[C@H](C)C(=O)N(C)CCCC(=O)N(C)[C@H](C)C(=O)N1C,0.53977531,ok
"PEPTIDE1{Mono6.meS.meA.dP.dPye.Me_dNva.Me_dL}$PEPTIDE1,PEPTIDE1,1:R1-7:R2$$$",CCC[C@@H]1C(=O)N(C)[C@H](CC(C)C)C(=O)N(C)CCCC(=O)N(C)[C@@H](CO)C(=O)N(C)[C@@H](C)C(=O)N2CCC[C@@H]2C(=O)N[C@H](CCC(=O)N2CCCC2)C(=O)N1C,0.91816181,ok
"PEPTIDE1{Pr_Gly.V.dP.A.I.L.meV}$PEPTIDE1,PEPTIDE1,1:R1-7:R2$$$",CCCN1CC(=O)N[C@@H](C(C)C)C(=O)N2CCC[C@@H]2C(=O)N[C@@H](C)C(=O)N[C@@H]([C@@H](C)CC)C(=O)N[C@@H](CC(C)C)C(=O)N(C)[C@@H](C(C)C)C1=O,0.86352211,ok
"PEPTIDE1{Mono6.meS.P.Asp_piperidide.Asp_piperidide.Mono78.dP}$PEPTIDE1,PEPTIDE1,1:R1-7:R2$$$",CN1CCCC(=O)N(C)[C@@H](CO)C(=O)N2CCC[C@H]2C(=O)N[C@H](C(=O)N2CCCCC2)CC(=O)N[C@H](C(=O)N2CCCCC2)CC(=O)NCCCCCCN[C@@H](Cc2ccccc2)C(=O)N2CCC[C@@H]2C1=O,0.95849794,ok
"PEPTIDE1{Me_dA.meA.Me_Abu.Mono1.Mono7.Pr_Gly.Asp_piperidide}$PEPTIDE1,PEPTIDE1,1:R1-7:R2$$$",CCCN1CC(=O)N[C@H](C(=O)N2CCCCC2)CC(=O)N(C)[C@H](C)C(=O)N(C)[C@@H](C)C(=O)N(C)[C@@H](CC)C(=O)N(Cc2ccc3c(c2)OCO3)CC(=O)N[C@@H](C)CC1=O,0.58768910,ok
"PEPTIDE1{Me_Bal.F.L.Phe(4-CF3).meL.meA.meS}$PEPTIDE1,PEPTIDE1,1:R1-7:R2$$$",CC(C)C[C@@H]1NC(=O)[C@H](Cc2ccccc2)NC(=O)CCN(C)C(=O)[C@H](CO)N(C)C(=O)[C@H](C)N(C)C(=O)[C@H](CC(C)C)N(C)C(=O)[C@H](Cc2ccc(C(F)(F)F)cc2)NC1=O,0.80957633,ok
"PEPTIDE1{dP.F.Phe(4-CF3).Me_dNva.meS.meA.Mono8}$PEPTIDE1,PEPTIDE1,1:R1-7:R2$$$",CCC[C@@H]1C(=O)N(C)[C@@H](CO)C(=O)N(C)[C@@H](C)C(=O)N[C@H](C(F)(F)F)CC(=O)N2CCC[C@@H]2C(=O)N[C@@H](Cc2ccccc2)C(=O)N[C@@H](Cc2ccc(C(F)(F)F)cc2)C(=O)N1C,0.93638933,ok
"PEPTIDE1{meL.Me_dNva.Me_dL.Me_dA.L.meS.Me_Nle}$PEPTIDE1,PEPTIDE1,1:R1-7:R2$$$",CCCC[C@H]1C(=O)N(C)[C@@H](CC(C)C)C(=O)N(C)[C@H](CCC)C(=O)N(C)[C@H](CC(C)C)C(=O)N(C)[C@H](C)C(=O)N[C@@H](CC(C)C)C(=O)N(C)[C@@H](CO)C(=O)N1C,0.85902953,ok
"PEPTIDE1{Me_dL.Me_Nle.Me_dNva.meL.meL.Mono7.meA}$PEPTIDE1,PEPTIDE1,1:R1-7:R2$$$",CCCC[C@H]1C(=O)N(C)[C@H](CCC)C(=O)N(C)[C@@H](CC(C)C)C(=O)N(C)[C@@H](CC(C)C)C(=O)N[C@@H](C)CC(=O)N(C)[C@@H](C)C(=O)N(C)[C@H](CC(C)C)C(=O)N1C,0.61870110,ok
"PEPTIDE1{meA.F.L.meF.meS.Mono34.meL}$PEPTIDE1,PEPTIDE1,1:R1-7:R2$$$",CC(C)C[C@@H]1NC(=O)[C@H](Cc2ccccc2)NC(=O)[C@H](C)N(C)C(=O)[C@H](CC(C)C)N(C)C(=O)CN(CCCOC(C)C)C(=O)[C@H](CO)N(C)C(=O)[C@H](Cc2ccccc2)N(C)C1=O,0.81037694,ok
"PEPTIDE1{dF.meL.meF.Sar.Mono7.Mono34.3Pal}$PEPTIDE1,PEPTIDE1,1:R1-7:R2$$$",CC(C)C[C@H]1C(=O)N(C)[C@@H](Cc2ccccc2)C(=O)N(C)CC(=O)N[C@@H](C)CC(=O)N(CCCOC(C)C)CC(=O)N[C@@H](Cc2cccnc2)C(=O)N[C@H](Cc2ccccc2)C(=O)N1C,0.97342592,ok
"PEPTIDE1{meA.Ala(5-Tet).dP.meL.meL.Mono7.Asp_piperidide}$PEPTIDE1,PEPTIDE1,1:R1-7:R2$$$",CC(C)C[C@H]1C(=O)N(C)[C@@H](CC(C)C)C(=O)N[C@@H](C)CC(=O)N[C@H](C(=O)N2CCCCC2)CC(=O)N(C)[C@@H](C)C(=O)N[C@@H](Cc2nnn[nH]2)C(=O)N2CCC[C@@H]2C(=O)N1C,0.93446881,ok
"PEPTIDE1{Me_dA.meL.Me_Nle.dP.Mono1.P.Pr_Gly}$PEPTIDE1,PEPTIDE1,1:R1-7:R2$$$",CCCC[C@H]1C(=O)N2CCC[C@@H]2C(=O)N(Cc2ccc3c(c2)OCO3)CC(=O)N2CCC[C@H]2C(=O)N(CCC)CC(=O)N(C)[C@H](C)C(=O)N(C)[C@@H](CC(C)C)C(=O)N1C,0.88884443,ok
"PEPTIDE1{meL.meS.Me_dA.meL.Me_dNva.dP.meA}$PEPTIDE1,PEPTIDE1,1:R1-7:R2$$$",CCC[C@@H]1C(=O)N2CCC[C@@H]2C(=O)N(C)[C@@H](C)C(=O)N(C)[C@@H](CC(C)C)C(=O)N(C)[C@@H](CO)C(=O)N(C)[C@H](C)C(=O)N(C)[C@@H](CC(C)C)C(=O)N1C,0.49890631,ok
"PEPTIDE1{dF.meL.meS.Me_dA.dA.meA.meL}$PEPTIDE1,PEPTIDE1,1:R1-7:R2$$$",CC(C)C[C@H]1C(=O)N(C)[C@@H](CO)C(=O)N(C)[C@H](C)C(=O)N[C@H](C)C(=O)N(C)[C@@H](C)C(=O)N(C)[C@@H](CC(C)C)C(=O)N[C@H](Cc2ccccc2)C(=O)N1C,0.60868424,ok
"PEPTIDE1{dF.meL.meS.Mono6.Mono7.meL.dP}$PEPTIDE1,PEPTIDE1,1:R1-7:R2$$$",CC(C)C[C@H]1C(=O)N2CCC[C@@H]2C(=O)N[C@H](Cc2ccccc2)C(=O)N(C)[C@@H](CC(C)C)C(=O)N(C)[C@@H](CO)C(=O)N(C)CCCC(=O)N[C@@H](C)CC(=O)N1C,0.63447154,ok
"PEPTIDE1{meL.Ala(5-Tet).Me_dA.Me_dL.dP.Mono34.meS}$PEPTIDE1,PEPTIDE1,1:R1-7:R2$$$",CC(C)C[C@@H]1C(=O)N2CCC[C@@H]2C(=O)N(CCCOC(C)C)CC(=O)N(C)[C@@H](CO)C(=O)N(C)[C@@H](CC(C)C)C(=O)N[C@@H](Cc2nnn[nH]2)C(=O)N(C)[C@H](C)C(=O)N1C,0.79743356,ok
"PEPTIDE1{meA.dF.Sar.Mono34.meF.Me_dA.D}$PEPTIDE1,PEPTIDE1,1:R1-7:R2$$$",CC(C)OCCCN1CC(=O)N(C)[C@@H](Cc2ccccc2)C(=O)N(C)[C@H](C)C(=O)N[C@@H](CC(=O)O)C(=O)N(C)[C@@H](C)C(=O)N[C@H](Cc2ccccc2)C(=O)N(C)CC1=O,0.91764623,ok
"PEPTIDE1{F.meA.Mono6.Pr_Gly.Asp_piperidide.Et_Gly.T}$PEPTIDE1,PEPTIDE1,1:R1-7:R2$$$",CCCN1CC(=O)N[C@H](C(=O)N2CCCCC2)CC(=O)N(CC)CC(=O)N[C@@H]([C@@H](C)O)C(=O)N[C@@H](Cc2ccccc2)C(=O)N(C)[C@@H](C)C(=O)N(C)CCCC1=O,0.96321613,ok
"PEPTIDE1{Me_dA.meA.meS.meL.Me_dNva.Me_Nle.Pr_Gly}$PEPTIDE1,PEPTIDE1,1:R1-7:R2$$$",CCCC[C@H]1C(=O)N(CCC)CC(=O)N(C)[C@H](C)C(=O)N(C)[C@@H](C)C(=O)N(C)[C@@H](CO)C(=O)N(C)[C@@H](CC(C)C)C(=O)N(C)[C@H](CCC)C(=O)N1C,0.74155474,ok
"PEPTIDE1{dV.Me_dNva.L.Mono1.meL.Sar.Phe(4-CF3)}$PEPTIDE1,PEPTIDE1,1:R1-7:R2$$$",CCC[C@@H]1C(=O)N[C@@H](CC(C)C)C(=O)N(Cc2ccc3c(c2)OCO3)CC(=O)N(C)[C@@H](CC(C)C)C(=O)N(C)CC(=O)N[C@@H](Cc2ccc(C(F)(F)F)cc2)C(=O)N[C@H](C(C)C)C(=O)N1C,0.89698678,ok
"PEPTIDE1{dF.Me_dL.Me_dA.meF.meA.meL.dPye}$PEPTIDE1,PEPTIDE1,1:R1-7:R2$$$",CC(C)C[C@@H]1C(=O)N(C)[C@H](C)C(=O)N(C)[C@@H](Cc2ccccc2)C(=O)N(C)[C@@H](C)C(=O)N(C)[C@@H](CC(C)C)C(=O)N[C@H](CCC(=O)N2CCCC2)C(=O)N[C@H](Cc2ccccc2)C(=O)N1C,0.86284816,ok
"PEPTIDE1{dF.meA.L.meF.meL.Me_dA.Pr_Gly}$PEPTIDE1,PEPTIDE1,1:R1-7:R2$$$",CCCN1CC(=O)N[C@H](Cc2ccccc2)C(=O)N(C)[C@@H](C)C(=O)N[C@@H](CC(C)C)C(=O)N(C)[C@@H](Cc2ccccc2)C(=O)N(C)[C@@H](CC(C)C)C(=O)N(C)[C@H](C)C1=O,0.76748794,ok
"PEPTIDE1{dF.D.A.Sar.dP.meL.L}$PEPTIDE1,PEPTIDE1,1:R1-7:R2$$$",CC(C)C[C@@H]1NC(=O)[C@H](CC(C)C)N(C)C(=O)[C@H]2CCCN2C(=O)CN(C)C(=O)[C@H](C)NC(=O)[C@H](CC(=O)O)NC(=O)[C@@H](Cc2ccccc2)NC1=O,0.83387554,ok
"PEPTIDE1{meA.meL.dP.P.Me_dL.T.meL}$PEPTIDE1,PEPTIDE1,1:R1-7:R2$$$",CC(C)C[C@@H]1C(=O)N[C@@H]([C@@H](C)O)C(=O)N(C)[C@@H](CC(C)C)C(=O)N(C)[C@@H](C)C(=O)N(C)[C@@H](CC(C)C)C(=O)N2CCC[C@@H]2C(=O)N2CCC[C@H]2C(=O)N1C,0.78099644,ok
"PEPTIDE1{L.Aoc(2).meA.meF.Me_dL.Mono1.Me_dA}$PEPTIDE1,PEPTIDE1,1:R1-7:R2$$$",CCCCCC[C@@H]1NC(=O)[C@H](CC(C)C)NC(=O)[C@@H](C)N(C)C(=O)CN(Cc2ccc3c(c2)OCO3)C(=O)[C@@H](CC(C)C)N(C)C(=O)[C@H](Cc2ccccc2)N(C)C(=O)[C@H](C)N(C)C1=O,0.56026661,ok
"PEPTIDE1{Me_Bal.P.Pr_Gly.F.Me_dL.dP.meI}$PEPTIDE1,PEPTIDE1,1:R1-7:R2$$$",CCCN1CC(=O)N[C@@H](Cc2ccccc2)C(=O)N(C)[C@H](CC(C)C)C(=O)N2CCC[C@@H]2C(=O)N(C)[C@@H]([C@@H](C)CC)C(=O)N(C)CCC(=O)N2CCC[C@H]2C1=O,0.94832617,ok
"PEPTIDE1{dV.dF.P.meL.Mono34.Me_Abu.Me_dNva}$PEPTIDE1,PEPTIDE1,1:R1-7:R2$$$",CCC[C@@H]1C(=O)N[C@H](C(C)C)C(=O)N[C@H](Cc2ccccc2)C(=O)N2CCC[C@H]2C(=O)N(C)[C@@H](CC(C)C)C(=O)N(CCCOC(C)C)CC(=O)N(C)[C@@H](CC)C(=O)N1C,0.77879906,ok
"PEPTIDE1{dP.Me_dL.Me_dNva.meL.Mono6.Me_dAbu.Me_dA}$PEPTIDE1,PEPTIDE1,1:R1-7:R2$$$",CCC[C@@H]1C(=O)N(C)[C@@H](CC(C)C)C(=O)N(C)CCCC(=O)N(C)[C@H](CC)C(=O)N(C)[C@H](C)C(=O)N2CCC[C@@H]2C(=O)N(C)[C@H](CC(C)C)C(=O)N1C,0.69240016,ok
"PEPTIDE1{meL.Me_dL.meS.meF.L.Me_dA.Mono7}$PEPTIDE1,PEPTIDE1,1:R1-7:R2$$$",CC(C)C[C@@H]1NC(=O)[C@H](Cc2ccccc2)N(C)C(=O)[C@H](CO)N(C)C(=O)[C@@H](CC(C)C)N(C)C(=O)[C@H](CC(C)C)N(C)C(=O)C[C@H](C)NC(=O)[C@@H](C)N(C)C1=O,0.42169514,ok
"PEPTIDE1{dF.F.Ala(5-Tet).Me_dA.meA.Asp_piperidide.Mono7}$PEPTIDE1,PEPTIDE1,1:R1-7:R2$$$",C[C@@H]1C(=O)N(C)[C@@H](C)C(=O)N[C@H](C(=O)N2CCCCC2)CC(=O)N[C@@H](C)CC(=O)N[C@H](Cc2ccccc2)C(=O)N[C@@H](Cc2ccccc2)C(=O)N[C@@H](Cc2nnn[nH]2)C(=O)N1C,0.95860189,ok
"PEPTIDE1{Me_dA.meL.L.G.meA.Mono78.Me_dL}$PEPTIDE1,PEPTIDE1,1:R1-7:R2$$$",CC(C)C[C@@H]1NC(=O)[C@H](CC(C)C)N(C)C(=O)[C@@H](C)N(C)C(=O)[C@@H](CC(C)C)N(C)C(=O)[C@H](Cc2ccccc2)NCCCCCCNC(=O)[C@H](C)N(C)C(=O)CNC1=O,0.51183271,ok
"PEPTIDE1{dV.Me_dL.meL.Me_dA.P.meA.dA}$PEPTIDE1,PEPTIDE1,1:R1-7:R2$$$",CC(C)C[C@@H]1C(=O)N(C)[C@@H](CC(C)C)C(=O)N(C)[C@H](C)C(=O)N2CCC[C@H]2C(=O)N(C)[C@@H](C)C(=O)N[C@H](C)C(=O)N[C@H](C(C)C)C(=O)N1C,0.56913751,ok
"PEPTIDE1{meA.Me_dL.meL.meS.P.Mono1.Me_Nle}$PEPTIDE1,PEPTIDE1,1:R1-7:R2$$$",CCCC[C@H]1C(=O)N(C)[C@@H](C)C(=O)N(C)[C@H](CC(C)C)C(=O)N(C)[C@@H](CC(C)C)C(=O)N(C)[C@@H](CO)C(=O)N2CCC[C@H]2C(=O)N(Cc2ccc3c(c2)OCO3)CC(=O)N1C,0.76980966,ok
"PEPTIDE1{dV.Me_dAbu.meL.meF.L.P.Me_dL}$PEPTIDE1,PEPTIDE1,1:R1-7:R2$$$",CC[C@@H]1C(=O)N(C)[C@@H](CC(C)C)C(=O)N(C)[C@@H](Cc2ccccc2)C(=O)N[C@@H](CC(C)C)C(=O)N2CCC[C@H]2C(=O)N(C)[C@H](CC(C)C)C(=O)N[C@H](C(C)C)C(=O)N1C,0.60316461,ok
"PEPTIDE1{Mono6.meA.meL.meS.meS.Me_dA.Mono1}$PEPTIDE1,PEPTIDE1,1:R1-7:R2$$$",CC(C)C[C@H]1C(=O)N(C)[C@@H](CO)C(=O)N(C)[C@@H](CO)C(=O)N(C)[C@H](C)C(=O)N(Cc2ccc3c(c2)OCO3)CC(=O)N(C)CCCC(=O)N(C)[C@@H](C)C(=O)N1C,0.61216861,ok
"PEPTIDE1{dV.Me_Nle.Me_dL.meS.meA.Me_dNva.Me_dA}$PEPTIDE1,PEPTIDE1,1:R1-7:R2$$$",CCCC[C@H]1C(=O)N(C)[C@H](CC(C)C)C(=O)N(C)[C@@H](CO)C(=O)N(C)[C@@H](C)C(=O)N(C)[C@H](CCC)C(=O)N(C)[C@H](C)C(=O)N[C@H](C(C)C)C(=O)N1C,0.72508639,ok
"PEPTIDE1{dV.dP.meA.meL.L.Mono6.Me_dAbu}$PEPTIDE1,PEPTIDE1,1:R1-7:R2$$$",CC[C@@H]1C(=O)N[C@H](C(C)C)C(=O)N2CCC[C@@H]2C(=O)N(C)[C@@H](C)C(=O)N(C)[C@@H](CC(C)C)C(=O)N[C@@H](CC(C)C)C(=O)N(C)CCCC(=O)N1C,0.58689278,ok
"PEPTIDE1{meA.meL.P.D.meS.Mono12.Me_dA}$PEPTIDE1,PEPTIDE1,1:R1-7:R2$$$",CC(C)C[C@H]1C(=O)N2CCC[C@H]2C(=O)N[C@@H](CC(=O)O)C(=O)N(C)[C@@H](CO)C(=O)N[C@@H](Cc2cccc(CCCCC(=O)O)c2)C(=O)N(C)[C@H](C)C(=O)N(C)[C@@H](C)C(=O)N1C,0.49044266,ok
"PEPTIDE1{Mono6.dP.L.meL.meL.Asp_piperidide.meI}$PEPTIDE1,PEPTIDE1,1:R1-7:R2$$$",CC[C@H](C)[C@H]1C(=O)N(C)CCCC(=O)N2CCC[C@@H]2C(=O)N[C@@H](CC(C)C)C(=O)N(C)[C@@H](CC(C)C)C(=O)N(C)[C@@H](CC(C)C)C(=O)N[C@H](C(=O)N2CCCCC2)CC(=O)N1C,0.78499413,ok
"PEPTIDE1{meL.Me_dA.meS.Me_Abu.Mono1.Asp_piperidide.meI}$PEPTIDE1,PEPTIDE1,1:R1-7:R2$$$",CC[C@H](C)[C@H]1C(=O)N(C)[C@@H](CC(C)C)C(=O)N(C)[C@H](C)C(=O)N(C)[C@@H](CO)C(=O)N(C)[C@@H](CC)C(=O)N(Cc2ccc3c(c2)OCO3)CC(=O)N[C@H](C(=O)N2CCCCC2)CC(=O)N1C,0.68943095,ok
"PEPTIDE1{meL.Me_dA.Mono6.Me_dL.P.Me_dA.meS}$PEPTIDE1,PEPTIDE1,1:R1-7:R2$$$",CC(C)C[C@@H]1C(=O)N2CCC[C@H]2C(=O)N(C)[C@H](C)C(=O)N(C)[C@@H](CO)C(=O)N(C)[C@@H](CC(C)C)C(=O)N(C)[C@H](C)C(=O)N(C)CCCC(=O)N1C,0.49826416,ok
"PEPTIDE1{dF.L.meL.P.Aib.meL.Asp_piperidide}$PEPTIDE1,PEPTIDE1,1:R1-7:R2$$$",CC(C)C[C@@H]1NC(=O)[C@@H](Cc2ccccc2)NC(=O)C[C@@H](C(=O)N2CCCCC2)NC(=O)[C@H](CC(C)C)N(C)C(=O)C(C)(C)NC(=O)[C@@H]2CCCN2C(=O)[C@H](CC(C)C)N(C)C1=O,0.75211644,ok
"PEPTIDE1{meL.meS.Mono34.Me_dAbu.dP.meA.Mono7}$PEPTIDE1,PEPTIDE1,1:R1-7:R2$$$",CC[C@@H]1C(=O)N2CCC[C@@H]2C(=O)N(C)[C@@H](C)C(=O)N[C@@H](C)CC(=O)N(C)[C@@H](CC(C)C)C(=O)N(C)[C@@H](CO)C(=O)N(CCCOC(C)C)CC(=O)N1C,0.81965303,ok
"PEPTIDE1{Me_dA.dP.Me_dA.T.L.meA.P}$PEPTIDE1,PEPTIDE1,1:R1-7:R2$$$",CC(C)C[C@@H]1NC(=O)[C@H]([C@@H](C)O)NC(=O)[C@@H](C)N(C)C(=O)[C@H]2CCCN2C(=O)[C@@H](C)N(C)C(=O)[C@@H]2CCCN2C(=O)[C@H](C)N(C)C1=O,0.87632364,ok
"PEPTIDE1{Pr_Gly.meF.meL.Me_dA.Mono7.dL.dP}$PEPTIDE1,PEPTIDE1,1:R1-7:R2$$$",CCCN1CC(=O)N(C)[C@@H](Cc2ccccc2)C(=O)N(C)[C@@H](CC(C)C)C(=O)N(C)[C@H](C)C(=O)N[C@@H](C)CC(=O)N[C@H](CC(C)C)C(=O)N2CCC[C@@H]2C1=O,0.89303535,ok
"PEPTIDE1{dV.Aib.Me_dL.Phe(4-CF3).Me_dNva.Me_dAbu.meF}$PEPTIDE1,PEPTIDE1,1:R1-7:R2$$$",CCC[C@@H]1C(=O)N(C)[C@H](CC)C(=O)N(C)[C@@H](Cc2ccccc2)C(=O)N[C@H](C(C)C)C(=O)NC(C)(C)C(=O)N(C)[C@H](CC(C)C)C(=O)N[C@@H](Cc2ccc(C(F)(F)F)cc2)C(=O)N1C,0.89416081,ok
"PEPTIDE1{F.L.Me_dAbu.dP.meA.Et_Gly.meV}$PEPTIDE1,PEPTIDE1,1:R1-7:R2$$$",CC[C@@H]1C(=O)N2CCC[C@@H]2C(=O)N(C)[C@@H](C)C(=O)N(CC)CC(=O)N(C)[C@@H](C(C)C)C(=O)N[C@@H](Cc2ccccc2)C(=O)N[C@@H](CC(C)C)C(=O)N1C,0.78569120,ok
"PEPTIDE1{Mono6.meS.L.meA.Pr_Gly.meL.dP}$PEPTIDE1,PEPTIDE1,1:R1-7:R2$$$",CCCN1CC(=O)N(C)[C@@H](CC(C)C)C(=O)N2CCC[C@@H]2C(=O)N(C)CCCC(=O)N(C)[C@@H](CO)C(=O)N[C@@H](CC(C)C)C(=O)N(C)[C@@H](C)C1=O,0.84216404,ok
"PEPTIDE1{Mono6.T.meL.meA.pentyl_Gly.Me_dNva.P}$PEPTIDE1,PEPTIDE1,1:R1-7:R2$$$",CCCCCN1CC(=O)N(C)[C@H](CCC)C(=O)N2CCC[C@H]2C(=O)N(C)CCCC(=O)N[C@@H]([C@@H](C)O)C(=O)N(C)[C@@H](CC(C)C)C(=O)N(C)[C@@H](C)C1=O,0.91517043,ok
"PEPTIDE1{Me_dA.meL.Mono1.meA.meS.meL.dP}$PEPTIDE1,PEPTIDE1,1:R1-7:R2$$$",CC(C)C[C@H]1C(=O)N(Cc2ccc3c(c2)OCO3)CC(=O)N(C)[C@@H](C)C(=O)N(C)[C@@H](CO)C(=O)N(C)[C@@H](CC(C)C)C(=O)N2CCC[C@@H]2C(=O)N(C)[C@H](C)C(=O)N1C,0.56531143,ok
"PEPTIDE1{meA.meL.L.dP.P.Me_Bal.D}$PEPTIDE1,PEPTIDE1,1:R1-7:R2$$$",CC(C)C[C@@H]1NC(=O)[C@H](CC(C)C)N(C)C(=O)[C@H](C)N(C)C(=O)[C@H](CC(=O)O)NC(=O)CCN(C)C(=O)[C@@H]2CCCN2C(=O)[C@H]2CCCN2C1=O,0.85866636,ok
"PEPTIDE1{L.meL.Me_dA.dA.L.Pr_Gly.Asp_piperidide}$PEPTIDE1,PEPTIDE1,1:R1-7:R2$$$",CCCN1CC(=O)N[C@H](C(=O)N2CCCCC2)CC(=O)N[C@@H](CC(C)C)C(=O)N(C)[C@@H](CC(C)C)C(=O)N(C)[C@H](C)C(=O)N[C@H](C)C(=O)N[C@@H](CC(C)C)C1=O,0.75514853,ok
"PEPTIDE1{Mono6.meL.Ala(5-Tet).meA.meL.Me_dNva.meS}$PEPTIDE1,PEPTIDE1,1:R1-7:R2$$$",CCC[C@@H]1C(=O)N(C)[C@@H](CO)C(=O)N(C)CCCC(=O)N(C)[C@@H](CC(C)C)C(=O)N[C@@H](Cc2nnn[nH]2)C(=O)N(C)[C@@H](C)C(=O)N(C)[C@@H](CC(C)C)C(=O)N1C,0.66869724,ok
"PEPTIDE1{Me_Bal.F.A.meF.meL.meA.meS}$PEPTIDE1,PEPTIDE1,1:R1-7:R2$$$",CC(C)C[C@H]1C(=O)N(C)[C@@H](C)C(=O)N(C)[C@@H](CO)C(=O)N(C)CCC(=O)N[C@@H](Cc2ccccc2)C(=O)N[C@@H](C)C(=O)N(C)[C@@H](Cc2ccccc2)C(=O)N1C,0.79408973,ok
"PEPTIDE1{P.Pr_Gly.V.T.meL.G.meI}$PEPTIDE1,PEPTIDE1,1:R1-7:R2$$$",CCCN1CC(=O)N[C@@H](C(C)C)C(=O)N[C@@H]([C@@H](C)O)C(=O)N(C)[C@@H](CC(C)C)C(=O)NCC(=O)N(C)[C@@H]([C@@H](C)CC)C(=O)N2CCC[C@H]2C1=O,0.88477755,ok
